Row,ammoniumhydroxide,putrescine,cadaverine,g-butyrolactone,g-hexalactone,g-octalactone,g-decalactone,d-decalactone,methanoicacid,acetic acid,propionic acid,butyric acid,pentanoic acid,hexanoic acid,heptanoic acid,octanoic acid,nonionic acid,linoleum acid,isobutyric acid,isopentanoic acid,pyretic acid,2-ethylhexanoic acid,lactic acid,3-methylthio-1-propanol,dimethyl sulfide,terpinolene,a-pinene,b-pinene,(1S)-(+)-3-carene,limonene,a-humulene,b-myrcene,(-)-trans-caryophyllene,p-cymene,geranyl acetate,a-terpineol,geraniol,nerol,linalool,b-citronellol,linalool oxide,acetaldehyde,propanal,butanal,pentanal,hexanal,E2-hexenal,furfural,2-propenal,acetone,2-butanone,2-pentanone,2-heptanone,6-methyl-5-hepten-2-one,2 3-butanedione,phenethyl alcohol,benzyl alcohol,methyl salicylate,methyl benzoate,ethyl benzoate,phenethyl acetate,benzaldehyde,phenylacetaldehyde,acetophenone,ethylcinnamate,2-methylphenol,4-ethylguaiacol,eugenol,methanol,ethanol,1-propanol,1-butanol,1-pentanol,1-hexanol,1-octanol,2-pentanol,3-methylbutanol,3-methyl-2-buten-1-ol,1-penten-3-ol,1-octen-3-ol,E2-hexenol,Z2-hexenol,E3-hexenol,Z3-hexenol,glycerol,2 3-butanediol,methyl acetate,ethyl acetate,propyl acetate,butyl acetate,pentyl acetate,hexyl acetate,isobutyl acetate,isopentyl acetate,E2-hexenyl acetate,methyl butyrate,ethyl butyrate,hexyl butyrate,ethyl 3-hydroxybutyrate,ethyl propionate,ethyl methanoate,methyl hexanoate,ethyl hexanoate,hexyl hexanoate,methyl octanoate,ethyl octanoate,ethyl decanoate,ethyl trans-2-butenoate,ethyl lactate,diethyl succinate,ethyl acetate -2,pentyl acetate -2,ethyl butyrate -2,methyl salicylate -2,1-hexanol -2,1-octen-3-ol -2,E2-hexenal -2,2 3-butanedione -2,2-heptanone -2,geranyl acetate -2,ethyl acetate -4,pentyl acetate -4,ethyl butyrate -4,methyl salicylate -4,1-hexanol -4,1-octen-3-ol -4,E2-hexenal -4,2 3-butanedione -4,2-heptanone -4,geranyl acetate -4,ethyl acetate -6,pentyl acetate -6,ethyl butyrate -6,methyl salicylate -6,1-hexanol -6,1-octen-3-ol -6,E2-hexenal -6,2 3-butanedione -6,2-heptanone -6,geranyl acetate -6,ethyl acetate -8,pentyl acetate -8,ethyl butyrate -8,methyl salicylate -8,1-hexanol -8,1-octen-3-ol -8,E2-hexenal -8,2 3-butanedione -8,2-heptanone -8,geranyl acetate -8,apple pure,apricot pure,banana pure,cherry pure,mango pure,peach pure,pineapple pure,raspberry pure,strawberry pure,apple -2,apricot -2,banana -2,cherry -2,mango -2,peach -2,pineapple -2,raspberry -2,strawberry -2,apple -4,apricot -4,banana -4,cherry -4,mango -4,peach -4,pineapple -4,raspberry -4,strawberry -4,apple -6,apricot -6,banana -6,cherry -6,mango -6,peach -6,pineapple -6,raspberry -6,strawberry -6
non-hallem1,0,0,0,0,0,0,0,0,0,0,0,0,0,0,0,0,0,0,0,0,0,0,0,0,0,0,0,0,0,0,0,0,0,0,0,0,0,0,0,0,0,0,0,0,0,0,0,0,0,0,0,0,0,0,0,0,0,0,0,0,0,0,0,0,0,0,0,0,0,0,0,0,0,0,0,0,0,0,0,0,0,0,0,0,0,0,0,0,0,0,0,0,0,0,0,0,0,0,0,0,0,0,0,0,0,0,0,0,0,0,0,0,0,0,0,0,0,0,0,0,0,0,0,0,0,0,0,0,0,0,0,0,0,0,0,0,0,0,0,0,0,0,0,0,0,0,0,0,0,0,0,0,0,0,0,0,0,0,0,0,0,0,0,0,0,0,0,0,0,0,0,0,0,0,0,0,0,0,0,0,0,0,0,0,0,0
non-hallem2,0,0,0,0,0,0,0,0,0,0,0,0,0,0,0,0,0,0,0,0,0,0,0,0,0,0,0,0,0,0,0,0,0,0,0,0,0,0,0,0,0,0,0,0,0,0,0,0,0,0,0,0,0,0,0,0,0,0,0,0,0,0,0,0,0,0,0,0,0,0,0,0,0,0,0,0,0,0,0,0,0,0,0,0,0,0,0,0,0,0,0,0,0,0,0,0,0,0,0,0,0,0,0,0,0,0,0,0,0,0,0,0,0,0,0,0,0,0,0,0,0,0,0,0,0,0,0,0,0,0,0,0,0,0,0,0,0,0,0,0,0,0,0,0,0,0,0,0,0,0,0,0,0,0,0,0,0,0,0,0,0,0,0,0,0,0,0,0,0,0,0,0,0,0,0,0,0,0,0,0,0,0,0,0,0,0
non-hallem3,0,0,0,0,0,0,0,0,0,0,0,0,0,0,0,0,0,0,0,0,0,0,0,0,0,0,0,0,0,0,0,0,0,0,0,0,0,0,0,0,0,0,0,0,0,0,0,0,0,0,0,0,0,0,0,0,0,0,0,0,0,0,0,0,0,0,0,0,0,0,0,0,0,0,0,0,0,0,0,0,0,0,0,0,0,0,0,0,0,0,0,0,0,0,0,0,0,0,0,0,0,0,0,0,0,0,0,0,0,0,0,0,0,0,0,0,0,0,0,0,0,0,0,0,0,0,0,0,0,0,0,0,0,0,0,0,0,0,0,0,0,0,0,0,0,0,0,0,0,0,0,0,0,0,0,0,0,0,0,0,0,0,0,0,0,0,0,0,0,0,0,0,0,0,0,0,0,0,0,0,0,0,0,0,0,0
non-hallem4,0,0,0,0,0,0,0,0,0,0,0,0,0,0,0,0,0,0,0,0,0,0,0,0,0,0,0,0,0,0,0,0,0,0,0,0,0,0,0,0,0,0,0,0,0,0,0,0,0,0,0,0,0,0,0,0,0,0,0,0,0,0,0,0,0,0,0,0,0,0,0,0,0,0,0,0,0,0,0,0,0,0,0,0,0,0,0,0,0,0,0,0,0,0,0,0,0,0,0,0,0,0,0,0,0,0,0,0,0,0,0,0,0,0,0,0,0,0,0,0,0,0,0,0,0,0,0,0,0,0,0,0,0,0,0,0,0,0,0,0,0,0,0,0,0,0,0,0,0,0,0,0,0,0,0,0,0,0,0,0,0,0,0,0,0,0,0,0,0,0,0,0,0,0,0,0,0,0,0,0,0,0,0,0,0,0
da3,-2,-2,-7,4,12,3,-3,-2,-6,-1,-3,-3,2,3,-2,2,-4,5,-3,-4,-1,-2,-3,-2,-4,-3,-3,-4,-5,-4,-3,-4,-5,-6,4,-4,-6,-3,3,-6,8,11,-5,-6,-5,13,45,18,-6,-7,3,13,25,28,15,-2,-5,-1,-6,-6,-4,-5,1,-6,-1,-8,-9,1,-3,6,5,41,73,51,1,41,33,25,29,19,41,55,40,36,-7,-4,2,2,12,29,20,2,9,21,4,2,15,1,34,-5,-5,9,13,-4,-3,-4,-1,9,11,26,2,20,15,-1,51,19,45,15,25,4,-5,2,-5,-2,0,-2,0,-5,15,-1,0,1,3,-3,-2,4,-4,5,6,-1,-4,-4,-6,-7,-7,-13,0,2,-6,-9,68,30,77,25,39,27,27,57,67,22,-5,23,2,0,0,5,-1,2,1,4,8,-1,0,4,-5,-2,-1,1,1,0,2,2,1,3,-3,0
da4l,-1,-17,-10,-12,8,-5,-18,-16,8,0,-5,-7,-5,5,-11,-5,-15,-14,-5,-12,-1,-25,1,4,-19,-6,6,10,9,-6,-11,-5,-25,-8,-10,1,-16,-7,-6,-13,18,4,-31,-11,-13,-4,41,-17,-7,-16,-8,12,42,7,11,28,52,20,-3,-26,-12,36,-6,37,-19,77,-5,-14,-2,-7,-13,-1,77,133,-13,96,54,30,58,100,32,76,44,98,-18,-11,-12,8,12,20,12,-3,25,17,-17,10,22,-8,35,1,-14,3,6,-14,-13,-12,-8,-22,7,-8,8,12,22,20,133,100,41,11,42,-10,-9,-4,-2,-5,-4,-3,1,-7,14,-3,6,10,11,13,8,4,6,7,12,12,7,6,9,3,2,5,1,0,2,-4,76,47,112,68,51,52,59,44,51,15,4,23,2,0,1,6,-3,0,6,8,18,4,8,4,3,6,-5,4,13,12,12,3,5,12,8,1
da4m,3,6,1,9,15,7,-1,0,-2,5,1,11,7,8,3,-2,-2,-7,-2,4,3,3,2,8,0,-6,-2,3,-1,3,-1,2,2,-2,2,2,-1,8,17,3,30,21,18,43,22,19,17,11,14,1,8,30,39,46,3,2,-4,5,1,1,11,5,10,-3,-4,-11,-1,4,10,4,33,45,35,40,1,38,30,36,34,27,35,34,45,29,2,6,5,-3,31,51,35,29,31,65,22,25,12,4,53,21,3,39,22,1,1,1,5,11,39,16,-3,35,12,5,40,27,17,3,39,2,-4,5,-4,-5,1,5,-1,-1,35,-3,-1,-4,0,-1,-4,0,4,3,2,0,4,5,-2,1,-1,9,6,2,11,2,40,10,55,5,15,16,13,19,35,9,-4,31,-1,6,-2,-2,6,18,3,7,19,4,4,1,2,14,17,-1,-2,-3,-4,-5,0,-5,3,-3
dc1,1,-9,-5,-7,-2,2,-22,-23,33,3,5,10,30,30,-19,-26,-19,-30,7,21,-1,-22,-4,-9,-27,51,21,40,123,92,-7,21,21,20,9,85,2,22,125,18,91,19,-52,-38,-20,-29,58,-22,-12,-25,-16,-1,131,69,35,14,-9,1,-12,-6,7,-15,-30,5,-21,-16,-10,-16,-16,-12,10,49,84,146,92,74,78,58,64,149,79,85,74,84,-21,-19,-13,7,-1,31,130,50,48,81,37,-6,73,6,30,-13,-17,36,42,-25,0,-8,-17,9,24,24,7,130,73,1,146,149,58,35,131,9,-6,-4,-6,-2,-6,-1,2,-9,-3,6,4,3,3,1,0,-2,-5,-2,-2,2,14,7,5,5,2,4,3,0,1,5,73,56,126,47,104,47,38,63,47,26,-7,22,-4,16,1,-2,1,9,-5,-5,-2,-7,-5,0,-3,-4,0,-7,-5,-6,-3,-7,-7,0,-7,1
non-hallem9,0,0,0,0,0,0,0,0,0,0,0,0,0,0,0,0,0,0,0,0,0,0,0,0,0,0,0,0,0,0,0,0,0,0,0,0,0,0,0,0,0,0,0,0,0,0,0,0,0,0,0,0,0,0,0,0,0,0,0,0,0,0,0,0,0,0,0,0,0,0,0,0,0,0,0,0,0,0,0,0,0,0,0,0,0,0,0,0,0,0,0,0,0,0,0,0,0,0,0,0,0,0,0,0,0,0,0,0,0,0,0,0,0,0,0,0,0,0,0,0,0,0,0,0,0,0,0,0,0,0,0,0,0,0,0,0,0,0,0,0,0,0,0,0,0,0,0,0,0,0,0,0,0,0,0,0,0,0,0,0,0,0,0,0,0,0,0,0,0,0,0,0,0,0,0,0,0,0,0,0,0,0,0,0,0,0
non-hallem10,0,0,0,0,0,0,0,0,0,0,0,0,0,0,0,0,0,0,0,0,0,0,0,0,0,0,0,0,0,0,0,0,0,0,0,0,0,0,0,0,0,0,0,0,0,0,0,0,0,0,0,0,0,0,0,0,0,0,0,0,0,0,0,0,0,0,0,0,0,0,0,0,0,0,0,0,0,0,0,0,0,0,0,0,0,0,0,0,0,0,0,0,0,0,0,0,0,0,0,0,0,0,0,0,0,0,0,0,0,0,0,0,0,0,0,0,0,0,0,0,0,0,0,0,0,0,0,0,0,0,0,0,0,0,0,0,0,0,0,0,0,0,0,0,0,0,0,0,0,0,0,0,0,0,0,0,0,0,0,0,0,0,0,0,0,0,0,0,0,0,0,0,0,0,0,0,0,0,0,0,0,0,0,0,0,0
non-hallem11,0,0,0,0,0,0,0,0,0,0,0,0,0,0,0,0,0,0,0,0,0,0,0,0,0,0,0,0,0,0,0,0,0,0,0,0,0,0,0,0,0,0,0,0,0,0,0,0,0,0,0,0,0,0,0,0,0,0,0,0,0,0,0,0,0,0,0,0,0,0,0,0,0,0,0,0,0,0,0,0,0,0,0,0,0,0,0,0,0,0,0,0,0,0,0,0,0,0,0,0,0,0,0,0,0,0,0,0,0,0,0,0,0,0,0,0,0,0,0,0,0,0,0,0,0,0,0,0,0,0,0,0,0,0,0,0,0,0,0,0,0,0,0,0,0,0,0,0,0,0,0,0,0,0,0,0,0,0,0,0,0,0,0,0,0,0,0,0,0,0,0,0,0,0,0,0,0,0,0,0,0,0,0,0,0,0
dl1,10,-26,-17,-6,18,18,-2,-11,0,18,36,33,22,19,-1,-1,2,4,29,24,23,5,34,5,-16,-7,-2,-12,-12,-5,-9,-9,-6,-8,-8,-10,-6,-12,-14,-10,1,25,-1,-2,6,28,-8,34,-7,0,7,19,17,8,22,-16,-5,258,265,268,-12,123,64,254,-7,-17,2,64,5,12,-4,-5,11,10,-18,17,-6,-5,-7,-6,-8,-15,13,-5,-8,-5,9,6,67,128,-1,-19,212,208,-4,43,29,-1,68,38,3,17,-14,-1,-13,-14,43,146,31,-13,6,-1,29,258,10,-6,-8,22,17,-8,9,-6,-1,220,-5,-4,-4,1,-8,-7,-2,1,-1,84,2,-5,3,3,14,-8,6,-4,5,5,3,2,-1,-3,0,3,28,5,117,43,49,1,30,42,116,20,-2,19,19,15,4,11,27,45,12,-3,16,-9,-3,-7,-3,-5,2,8,-3,1,3,3,9,4,10,6
non-hallem13,0,0,0,0,0,0,0,0,0,0,0,0,0,0,0,0,0,0,0,0,0,0,0,0,0,0,0,0,0,0,0,0,0,0,0,0,0,0,0,0,0,0,0,0,0,0,0,0,0,0,0,0,0,0,0,0,0,0,0,0,0,0,0,0,0,0,0,0,0,0,0,0,0,0,0,0,0,0,0,0,0,0,0,0,0,0,0,0,0,0,0,0,0,0,0,0,0,0,0,0,0,0,0,0,0,0,0,0,0,0,0,0,0,0,0,0,0,0,0,0,0,0,0,0,0,0,0,0,0,0,0,0,0,0,0,0,0,0,0,0,0,0,0,0,0,0,0,0,0,0,0,0,0,0,0,0,0,0,0,0,0,0,0,0,0,0,0,0,0,0,0,0,0,0,0,0,0,0,0,0,0,0,0,0,0,0
non-hallem14,0,0,0,0,0,0,0,0,0,0,0,0,0,0,0,0,0,0,0,0,0,0,0,0,0,0,0,0,0,0,0,0,0,0,0,0,0,0,0,0,0,0,0,0,0,0,0,0,0,0,0,0,0,0,0,0,0,0,0,0,0,0,0,0,0,0,0,0,0,0,0,0,0,0,0,0,0,0,0,0,0,0,0,0,0,0,0,0,0,0,0,0,0,0,0,0,0,0,0,0,0,0,0,0,0,0,0,0,0,0,0,0,0,0,0,0,0,0,0,0,0,0,0,0,0,0,0,0,0,0,0,0,0,0,0,0,0,0,0,0,0,0,0,0,0,0,0,0,0,0,0,0,0,0,0,0,0,0,0,0,0,0,0,0,0,0,0,0,0,0,0,0,0,0,0,0,0,0,0,0,0,0,0,0,0,0
dl3,3,-2,-1,6,18,20,-2,-5,5,4,8,9,2,7,-1,-1,-6,8,2,3,8,3,2,-2,-6,-4,1,-6,-3,-3,-2,-1,-1,-8,-7,4,-2,5,2,-1,3,13,-7,-4,1,13,-2,-1,2,-7,-2,12,35,49,8,-6,-3,-13,-2,-6,17,-10,3,12,2,-18,-8,-7,3,2,-5,-2,1,7,-4,8,-1,4,-1,16,4,-6,7,-6,-3,-6,-3,0,2,23,34,42,4,10,36,3,-8,8,39,4,3,19,7,-2,22,7,-4,2,31,5,0,34,-8,-13,7,16,-2,8,35,-7,-1,8,-1,-3,-1,2,-1,0,24,0,0,0,2,2,1,5,1,1,-4,4,0,2,1,-1,1,5,3,3,1,3,15,5,26,9,9,7,9,13,18,22,3,18,1,2,4,1,5,13,8,-2,21,-2,3,4,8,3,10,0,-2,-5,-6,-4,-1,0,-1,-1
dl4,17,8,16,23,54,31,-5,-1,0,11,15,21,11,21,5,7,5,7,14,14,10,16,10,42,21,5,18,1,4,1,-4,2,5,4,-2,-2,1,5,4,-5,44,24,8,18,26,43,35,59,2,18,41,52,40,34,14,8,25,5,46,21,7,49,20,84,-11,31,14,12,6,2,22,28,56,64,10,58,41,37,40,31,63,50,71,55,2,9,12,12,48,56,35,2,39,27,11,30,26,1,72,26,8,33,10,9,1,1,-2,24,77,12,12,35,26,5,64,31,35,14,40,-2,12,15,1,-4,1,-2,3,0,22,-2,-3,0,-5,-3,0,-3,-1,-6,19,-1,3,0,2,4,2,3,-2,1,6,3,112,70,97,68,67,60,67,80,77,6,-4,14,-4,-5,1,-3,-2,-1,11,0,16,2,3,2,0,4,3,-1,-5,-6,-4,-7,-6,-6,-1,-6
dl5,-21,-36,-41,34,-39,-22,-12,-15,-14,-11,5,42,22,3,-6,-7,-10,136,8,-4,55,1,-2,29,-8,6,20,-11,4,4,10,9,4,-1,1,5,1,10,31,21,-14,165,-16,54,171,177,221,176,31,-10,9,2,-2,-24,13,3,5,-6,-27,-20,-13,200,43,10,-6,-27,-10,-10,22,33,180,195,166,96,-18,78,157,196,124,9,180,151,154,150,-2,-15,-6,6,-4,-19,-4,-19,38,-33,204,-1,1,-4,-27,85,108,40,-13,-4,-7,-7,-12,-2,31,-11,6,-4,1,-6,96,9,221,13,-2,1,10,3,2,-6,5,0,251,2,9,7,14,10,9,8,8,10,204,2,-4,4,-5,-9,-10,-12,-10,-8,23,-12,-7,-5,210,165,203,206,143,159,136,181,197,183,38,200,109,25,39,16,128,168,123,7,101,2,4,0,3,4,11,10,6,10,7,6,0,1,1,-4
non-hallem18,0,0,0,0,0,0,0,0,0,0,0,0,0,0,0,0,0,0,0,0,0,0,0,0,0,0,0,0,0,0,0,0,0,0,0,0,0,0,0,0,0,0,0,0,0,0,0,0,0,0,0,0,0,0,0,0,0,0,0,0,0,0,0,0,0,0,0,0,0,0,0,0,0,0,0,0,0,0,0,0,0,0,0,0,0,0,0,0,0,0,0,0,0,0,0,0,0,0,0,0,0,0,0,0,0,0,0,0,0,0,0,0,0,0,0,0,0,0,0,0,0,0,0,0,0,0,0,0,0,0,0,0,0,0,0,0,0,0,0,0,0,0,0,0,0,0,0,0,0,0,0,0,0,0,0,0,0,0,0,0,0,0,0,0,0,0,0,0,0,0,0,0,0,0,0,0,0,0,0,0,0,0,0,0,0,0
non-hallem19,0,0,0,0,0,0,0,0,0,0,0,0,0,0,0,0,0,0,0,0,0,0,0,0,0,0,0,0,0,0,0,0,0,0,0,0,0,0,0,0,0,0,0,0,0,0,0,0,0,0,0,0,0,0,0,0,0,0,0,0,0,0,0,0,0,0,0,0,0,0,0,0,0,0,0,0,0,0,0,0,0,0,0,0,0,0,0,0,0,0,0,0,0,0,0,0,0,0,0,0,0,0,0,0,0,0,0,0,0,0,0,0,0,0,0,0,0,0,0,0,0,0,0,0,0,0,0,0,0,0,0,0,0,0,0,0,0,0,0,0,0,0,0,0,0,0,0,0,0,0,0,0,0,0,0,0,0,0,0,0,0,0,0,0,0,0,0,0,0,0,0,0,0,0,0,0,0,0,0,0,0,0,0,0,0,0
dm2,13,12,13,43,140,41,16,11,-8,32,37,117,45,117,12,0,7,3,34,41,35,19,36,38,13,19,33,10,11,34,9,19,8,18,1,63,28,37,52,25,25,71,36,53,69,139,49,29,32,38,84,148,111,85,48,46,40,-2,43,49,40,32,44,32,12,9,7,7,55,55,58,120,179,63,53,113,104,101,58,121,87,111,82,81,4,50,54,53,198,212,158,172,251,232,194,220,193,39,138,188,13,256,224,31,237,95,6,210,70,205,53,158,193,-2,63,121,49,48,111,1,18,109,152,7,15,32,1,5,46,-1,2,13,22,3,1,5,10,6,25,7,-3,0,0,0,-2,0,-1,-1,0,-3,248,139,245,130,243,161,234,234,237,138,20,118,17,105,35,100,80,139,38,1,17,0,21,-1,21,10,64,7,-2,1,2,4,0,1,-1,5
dm3,16,-9,-8,6,24,17,-3,0,-20,2,7,17,14,9,1,5,-4,22,14,11,16,21,14,200,-2,8,18,-4,5,25,6,-2,5,12,-2,12,1,0,20,-1,25,55,12,20,28,46,37,6,8,3,16,74,209,40,25,9,8,-6,38,27,24,22,27,38,-1,-11,-2,0,13,9,16,24,62,58,7,77,24,19,39,90,31,30,28,52,2,2,25,86,214,205,241,201,183,122,59,148,74,17,76,55,-3,210,138,-1,58,18,-3,44,29,36,86,241,74,-6,58,90,37,25,209,-2,18,220,17,3,12,20,4,6,78,0,3,89,0,-1,-2,-2,-3,-1,26,-2,10,13,3,4,-2,3,0,-1,-2,2,250,115,238,94,108,106,144,114,183,122,15,119,9,16,15,22,28,50,26,0,30,1,4,2,5,6,7,10,6,7,7,12,13,5,3,4
dm4,5,2,7,16,18,0,-4,2,2,24,24,34,24,29,16,5,7,9,30,28,20,21,16,31,64,12,0,-4,-4,-5,-1,-5,12,-1,37,-8,1,-8,-8,-2,18,62,12,9,11,17,3,50,19,130,144,60,25,0,97,2,14,-4,-2,-5,34,6,7,5,-2,-7,6,21,18,13,12,44,55,35,-7,39,25,26,39,15,20,26,32,42,-4,10,269,177,66,48,65,39,44,46,45,136,39,2,35,99,27,2,-8,7,-8,-2,3,-7,133,-9,177,65,39,-4,35,15,3,97,25,37,55,3,0,0,2,0,2,26,24,0,0,1,0,1,1,2,1,0,9,-2,2,2,1,0,4,-1,-5,-1,4,2,165,146,158,65,106,135,151,140,172,42,30,44,6,9,29,27,24,28,2,1,8,-1,-1,5,0,-1,-1,0,-1,-1,1,1,0,3,-2,3
dm5,-6,-13,-11,-8,-3,-13,-11,1,14,1,-6,-10,-3,-11,1,-5,1,2,-7,1,-9,-1,-11,25,-8,-6,-1,3,8,3,-4,3,1,-1,-1,-12,-4,-2,-16,8,9,35,15,5,-2,20,11,-2,19,-5,1,-8,33,-7,40,3,-4,2,4,-14,-8,7,10,-25,-7,-14,-6,-4,14,17,0,2,47,137,4,45,-15,11,20,40,68,9,149,87,1,13,-10,65,-13,-11,30,-9,-23,-16,0,3,125,40,210,44,1,-16,-22,5,-12,-8,-20,91,39,-12,65,30,125,2,137,40,11,40,33,-1,6,-1,42,6,15,8,-1,0,3,3,5,-2,3,2,-1,4,2,3,5,-2,-1,4,4,0,-2,2,1,7,4,-2,87,26,80,25,162,24,85,30,123,51,11,48,3,53,1,18,14,50,2,5,3,0,-8,2,-9,-5,5,-6,-1,-6,-4,0,-1,-3,1,-1
dm6,16,-4,-8,125,47,25,7,2,12,-5,49,132,207,20,1,-9,-4,-1,-1,46,5,-4,3,51,1,34,7,-6,2,2,1,37,-6,-2,7,19,49,14,84,6,35,12,5,62,45,29,117,182,21,27,67,70,170,234,84,236,116,35,208,198,185,200,153,184,75,57,4,7,3,4,16,65,148,173,44,33,67,215,8,164,109,105,160,116,-2,13,7,43,75,164,216,50,31,129,73,115,167,62,96,11,-2,87,143,-3,-7,-10,-7,104,39,175,43,216,167,35,173,164,117,84,170,7,-6,74,30,-3,8,9,8,-7,36,-1,7,6,-7,7,-3,5,0,-2,-4,-2,0,-2,3,1,-1,0,1,-2,-2,2,198,94,209,170,151,108,125,119,171,181,58,198,119,101,48,85,69,126,6,-1,20,-12,-13,-10,-13,-11,-1,8,6,-4,-5,3,-2,10,5,-1
non-hallem25,0,0,0,0,0,0,0,0,0,0,0,0,0,0,0,0,0,0,0,0,0,0,0,0,0,0,0,0,0,0,0,0,0,0,0,0,0,0,0,0,0,0,0,0,0,0,0,0,0,0,0,0,0,0,0,0,0,0,0,0,0,0,0,0,0,0,0,0,0,0,0,0,0,0,0,0,0,0,0,0,0,0,0,0,0,0,0,0,0,0,0,0,0,0,0,0,0,0,0,0,0,0,0,0,0,0,0,0,0,0,0,0,0,0,0,0,0,0,0,0,0,0,0,0,0,0,0,0,0,0,0,0,0,0,0,0,0,0,0,0,0,0,0,0,0,0,0,0,0,0,0,0,0,0,0,0,0,0,0,0,0,0,0,0,0,0,0,0,0,0,0,0,0,0,0,0,0,0,0,0,0,0,0,0,0,0
non-hallem26,0,0,0,0,0,0,0,0,0,0,0,0,0,0,0,0,0,0,0,0,0,0,0,0,0,0,0,0,0,0,0,0,0,0,0,0,0,0,0,0,0,0,0,0,0,0,0,0,0,0,0,0,0,0,0,0,0,0,0,0,0,0,0,0,0,0,0,0,0,0,0,0,0,0,0,0,0,0,0,0,0,0,0,0,0,0,0,0,0,0,0,0,0,0,0,0,0,0,0,0,0,0,0,0,0,0,0,0,0,0,0,0,0,0,0,0,0,0,0,0,0,0,0,0,0,0,0,0,0,0,0,0,0,0,0,0,0,0,0,0,0,0,0,0,0,0,0,0,0,0,0,0,0,0,0,0,0,0,0,0,0,0,0,0,0,0,0,0,0,0,0,0,0,0,0,0,0,0,0,0,0,0,0,0,0,0
non-hallem27,0,0,0,0,0,0,0,0,0,0,0,0,0,0,0,0,0,0,0,0,0,0,0,0,0,0,0,0,0,0,0,0,0,0,0,0,0,0,0,0,0,0,0,0,0,0,0,0,0,0,0,0,0,0,0,0,0,0,0,0,0,0,0,0,0,0,0,0,0,0,0,0,0,0,0,0,0,0,0,0,0,0,0,0,0,0,0,0,0,0,0,0,0,0,0,0,0,0,0,0,0,0,0,0,0,0,0,0,0,0,0,0,0,0,0,0,0,0,0,0,0,0,0,0,0,0,0,0,0,0,0,0,0,0,0,0,0,0,0,0,0,0,0,0,0,0,0,0,0,0,0,0,0,0,0,0,0,0,0,0,0,0,0,0,0,0,0,0,0,0,0,0,0,0,0,0,0,0,0,0,0,0,0,0,0,0
va1d,0,-6,0,2,3,-16,7,-1,4,-5,-7,-2,-7,-5,-3,1,-3,-9,-4,-3,3,-12,-3,2,-6,6,2,2,4,2,6,7,0,5,1,7,7,7,-2,7,4,5,-9,-3,-2,-9,-8,-12,4,-9,-14,-19,19,-15,11,4,1,-7,-9,-5,-4,-3,0,-12,4,-14,-1,-3,-8,-12,-6,0,8,16,-20,5,4,7,-6,-16,-8,-12,-17,-16,8,0,14,5,11,0,9,3,7,-1,-2,8,-9,-7,-22,-5,-5,-27,-11,3,-8,-5,-5,-9,-7,5,5,9,-9,-7,16,-16,-8,11,19,1,-4,0,0,-3,-5,-3,-4,-2,24,0,6,5,2,1,4,3,5,6,15,-1,-2,0,0,-3,1,2,8,4,1,3,49,34,19,9,21,8,7,-6,-9,0,-4,10,3,-4,-2,-1,-4,5,-14,-11,8,-2,-3,2,2,4,1,-4,-7,-1,-4,-1,1,-5,-3,-6
va1v,-8,-25,-16,9,-36,-19,-3,-4,3,-21,-22,-27,-22,-24,-7,-11,-4,-20,-19,-15,-20,-16,-21,-26,-8,-6,-8,2,-2,-5,0,-1,-6,-2,-1,-8,-7,-7,-14,-6,-9,-38,-40,-26,-22,-21,18,-19,-16,-6,-15,-31,-10,6,7,-20,-21,6,-4,-11,-15,-18,-17,-6,-1,-27,-5,-4,-21,-22,-18,-25,-31,-35,-32,-33,-33,-25,-35,-30,-33,-34,-34,-29,-1,-11,-21,-7,-34,-38,-24,-37,-28,-38,-32,-25,-16,-17,-35,-23,-11,-33,-31,4,-26,-7,-3,-33,-28,-16,-7,-24,-16,6,-35,-30,18,7,-10,-1,-13,-11,-9,-4,-4,-3,-3,-4,-8,-2,0,3,2,4,-1,2,5,4,5,3,1,2,1,-3,2,0,2,2,2,3,-13,-16,-26,-15,-10,-13,-6,-23,-19,-19,-11,-16,-2,-17,-11,-7,-10,-6,-5,-3,-9,-7,-1,-4,-1,1,-4,-12,-10,-8,-7,-6,1,-8,-19,-8
non-hallem30,0,0,0,0,0,0,0,0,0,0,0,0,0,0,0,0,0,0,0,0,0,0,0,0,0,0,0,0,0,0,0,0,0,0,0,0,0,0,0,0,0,0,0,0,0,0,0,0,0,0,0,0,0,0,0,0,0,0,0,0,0,0,0,0,0,0,0,0,0,0,0,0,0,0,0,0,0,0,0,0,0,0,0,0,0,0,0,0,0,0,0,0,0,0,0,0,0,0,0,0,0,0,0,0,0,0,0,0,0,0,0,0,0,0,0,0,0,0,0,0,0,0,0,0,0,0,0,0,0,0,0,0,0,0,0,0,0,0,0,0,0,0,0,0,0,0,0,0,0,0,0,0,0,0,0,0,0,0,0,0,0,0,0,0,0,0,0,0,0,0,0,0,0,0,0,0,0,0,0,0,0,0,0,0,0,0
non-hallem31,0,0,0,0,0,0,0,0,0,0,0,0,0,0,0,0,0,0,0,0,0,0,0,0,0,0,0,0,0,0,0,0,0,0,0,0,0,0,0,0,0,0,0,0,0,0,0,0,0,0,0,0,0,0,0,0,0,0,0,0,0,0,0,0,0,0,0,0,0,0,0,0,0,0,0,0,0,0,0,0,0,0,0,0,0,0,0,0,0,0,0,0,0,0,0,0,0,0,0,0,0,0,0,0,0,0,0,0,0,0,0,0,0,0,0,0,0,0,0,0,0,0,0,0,0,0,0,0,0,0,0,0,0,0,0,0,0,0,0,0,0,0,0,0,0,0,0,0,0,0,0,0,0,0,0,0,0,0,0,0,0,0,0,0,0,0,0,0,0,0,0,0,0,0,0,0,0,0,0,0,0,0,0,0,0,0
non-hallem32,0,0,0,0,0,0,0,0,0,0,0,0,0,0,0,0,0,0,0,0,0,0,0,0,0,0,0,0,0,0,0,0,0,0,0,0,0,0,0,0,0,0,0,0,0,0,0,0,0,0,0,0,0,0,0,0,0,0,0,0,0,0,0,0,0,0,0,0,0,0,0,0,0,0,0,0,0,0,0,0,0,0,0,0,0,0,0,0,0,0,0,0,0,0,0,0,0,0,0,0,0,0,0,0,0,0,0,0,0,0,0,0,0,0,0,0,0,0,0,0,0,0,0,0,0,0,0,0,0,0,0,0,0,0,0,0,0,0,0,0,0,0,0,0,0,0,0,0,0,0,0,0,0,0,0,0,0,0,0,0,0,0,0,0,0,0,0,0,0,0,0,0,0,0,0,0,0,0,0,0,0,0,0,0,0,0
va5,4,-7,-2,-1,-1,-3,0,-4,25,5,9,8,2,7,-4,-1,0,-1,4,6,1,-1,4,-1,-10,2,-4,1,-6,5,6,-3,-7,3,-4,-3,-2,7,-8,-5,-12,-1,-8,-7,-8,-4,6,-4,-3,-3,3,3,21,-5,6,45,111,48,19,-6,7,101,79,79,3,250,-2,-6,9,1,1,26,44,31,-6,32,20,35,32,15,41,20,29,37,0,-5,-5,15,11,19,8,-3,-3,11,6,20,-3,0,42,-5,3,12,-2,-1,4,-6,-2,3,34,-3,15,8,-3,48,31,15,6,6,21,-4,-4,1,1,1,-2,-7,1,-7,13,0,0,0,-4,2,4,0,-2,2,3,1,0,-1,-1,-4,-3,-2,-1,-3,2,-3,20,16,26,91,12,26,14,24,27,2,4,3,8,5,7,4,7,3,5,7,4,8,3,9,7,7,8,5,1,3,6,6,-3,3,2,2
va6,2,-4,-2,-7,5,20,-8,-5,-9,10,7,7,25,19,-5,-7,-7,-7,11,24,-8,-6,-5,30,2,-5,-3,-2,-5,2,-8,-7,-1,-12,241,3,29,1,12,5,27,10,-15,7,10,8,-6,39,-5,-4,17,32,32,61,20,25,23,-5,31,-4,19,-10,9,-16,-1,-14,-7,-1,3,16,17,38,55,58,35,60,58,42,45,34,16,37,34,34,-4,24,15,17,15,36,21,24,29,39,28,25,27,10,5,18,-2,18,10,-3,16,5,-4,16,42,32,17,21,27,-5,58,34,-6,20,32,241,12,-3,10,3,6,4,2,9,6,35,-7,-10,-5,-9,-6,-4,-5,-3,-2,-11,-5,-1,-6,2,-7,-2,-8,-8,-10,-6,40,28,28,26,28,31,29,42,27,26,-1,12,7,9,11,5,14,7,6,-2,0,-2,2,8,-3,3,8,-8,-2,-2,6,-2,-9,-8,-2,-5
non-hallem35,0,0,0,0,0,0,0,0,0,0,0,0,0,0,0,0,0,0,0,0,0,0,0,0,0,0,0,0,0,0,0,0,0,0,0,0,0,0,0,0,0,0,0,0,0,0,0,0,0,0,0,0,0,0,0,0,0,0,0,0,0,0,0,0,0,0,0,0,0,0,0,0,0,0,0,0,0,0,0,0,0,0,0,0,0,0,0,0,0,0,0,0,0,0,0,0,0,0,0,0,0,0,0,0,0,0,0,0,0,0,0,0,0,0,0,0,0,0,0,0,0,0,0,0,0,0,0,0,0,0,0,0,0,0,0,0,0,0,0,0,0,0,0,0,0,0,0,0,0,0,0,0,0,0,0,0,0,0,0,0,0,0,0,0,0,0,0,0,0,0,0,0,0,0,0,0,0,0,0,0,0,0,0,0,0,0
non-hallem36,0,0,0,0,0,0,0,0,0,0,0,0,0,0,0,0,0,0,0,0,0,0,0,0,0,0,0,0,0,0,0,0,0,0,0,0,0,0,0,0,0,0,0,0,0,0,0,0,0,0,0,0,0,0,0,0,0,0,0,0,0,0,0,0,0,0,0,0,0,0,0,0,0,0,0,0,0,0,0,0,0,0,0,0,0,0,0,0,0,0,0,0,0,0,0,0,0,0,0,0,0,0,0,0,0,0,0,0,0,0,0,0,0,0,0,0,0,0,0,0,0,0,0,0,0,0,0,0,0,0,0,0,0,0,0,0,0,0,0,0,0,0,0,0,0,0,0,0,0,0,0,0,0,0,0,0,0,0,0,0,0,0,0,0,0,0,0,0,0,0,0,0,0,0,0,0,0,0,0,0,0,0,0,0,0,0
non-hallem37,0,0,0,0,0,0,0,0,0,0,0,0,0,0,0,0,0,0,0,0,0,0,0,0,0,0,0,0,0,0,0,0,0,0,0,0,0,0,0,0,0,0,0,0,0,0,0,0,0,0,0,0,0,0,0,0,0,0,0,0,0,0,0,0,0,0,0,0,0,0,0,0,0,0,0,0,0,0,0,0,0,0,0,0,0,0,0,0,0,0,0,0,0,0,0,0,0,0,0,0,0,0,0,0,0,0,0,0,0,0,0,0,0,0,0,0,0,0,0,0,0,0,0,0,0,0,0,0,0,0,0,0,0,0,0,0,0,0,0,0,0,0,0,0,0,0,0,0,0,0,0,0,0,0,0,0,0,0,0,0,0,0,0,0,0,0,0,0,0,0,0,0,0,0,0,0,0,0,0,0,0,0,0,0,0,0
non-hallem38,0,0,0,0,0,0,0,0,0,0,0,0,0,0,0,0,0,0,0,0,0,0,0,0,0,0,0,0,0,0,0,0,0,0,0,0,0,0,0,0,0,0,0,0,0,0,0,0,0,0,0,0,0,0,0,0,0,0,0,0,0,0,0,0,0,0,0,0,0,0,0,0,0,0,0,0,0,0,0,0,0,0,0,0,0,0,0,0,0,0,0,0,0,0,0,0,0,0,0,0,0,0,0,0,0,0,0,0,0,0,0,0,0,0,0,0,0,0,0,0,0,0,0,0,0,0,0,0,0,0,0,0,0,0,0,0,0,0,0,0,0,0,0,0,0,0,0,0,0,0,0,0,0,0,0,0,0,0,0,0,0,0,0,0,0,0,0,0,0,0,0,0,0,0,0,0,0,0,0,0,0,0,0,0,0,0
vc3,4,0,12,81,171,36,-3,-10,-9,-1,2,12,36,7,11,-4,-8,38,1,5,5,-8,9,188,-2,7,28,3,-4,51,3,0,14,9,-3,18,9,10,26,11,-5,4,-6,65,82,185,227,176,-9,8,13,112,119,-12,13,120,44,2,-14,-16,-13,83,-17,10,-10,-12,-3,-7,38,34,55,199,188,237,222,162,222,176,37,141,223,202,213,204,-4,4,-6,18,102,63,191,206,26,22,227,102,121,225,87,1,-11,-10,-21,126,10,-12,-10,14,5,-20,18,191,121,2,237,141,227,13,119,-3,-3,47,-2,9,264,11,19,0,38,-2,-3,3,-4,0,220,-14,-7,-2,8,-8,-1,2,3,8,30,8,4,0,10,-2,130,40,89,83,60,78,51,78,90,182,4,109,63,29,42,10,71,102,82,-2,16,0,-2,5,-3,2,15,17,8,4,1,3,6,1,3,2
vc4,10,6,14,20,40,16,1,0,-8,6,18,16,11,12,-3,2,5,-4,13,15,11,8,21,46,2,15,14,6,11,11,10,12,8,8,-3,18,23,13,7,19,22,47,15,21,20,15,47,36,5,-5,21,60,36,16,42,67,26,-2,10,-4,1,6,17,35,-1,2,31,-3,20,26,48,72,126,109,11,98,81,95,109,24,142,99,102,111,-1,35,7,29,63,45,17,2,73,48,12,75,112,6,89,47,1,21,-3,-4,2,1,-3,34,288,7,29,17,112,-2,109,24,47,42,36,-3,1,-4,6,-1,3,-4,1,1,8,-3,3,-2,2,4,1,3,-6,3,5,5,-4,-3,-6,-5,-5,-5,4,-7,2,1,158,78,213,83,90,76,84,97,149,30,3,100,5,5,2,4,8,26,1,1,10,4,5,4,4,2,3,-5,-7,-2,-6,-12,-6,-3,-1,-2
non-hallem41,0,0,0,0,0,0,0,0,0,0,0,0,0,0,0,0,0,0,0,0,0,0,0,0,0,0,0,0,0,0,0,0,0,0,0,0,0,0,0,0,0,0,0,0,0,0,0,0,0,0,0,0,0,0,0,0,0,0,0,0,0,0,0,0,0,0,0,0,0,0,0,0,0,0,0,0,0,0,0,0,0,0,0,0,0,0,0,0,0,0,0,0,0,0,0,0,0,0,0,0,0,0,0,0,0,0,0,0,0,0,0,0,0,0,0,0,0,0,0,0,0,0,0,0,0,0,0,0,0,0,0,0,0,0,0,0,0,0,0,0,0,0,0,0,0,0,0,0,0,0,0,0,0,0,0,0,0,0,0,0,0,0,0,0,0,0,0,0,0,0,0,0,0,0,0,0,0,0,0,0,0,0,0,0,0,0
non-hallem42,0,0,0,0,0,0,0,0,0,0,0,0,0,0,0,0,0,0,0,0,0,0,0,0,0,0,0,0,0,0,0,0,0,0,0,0,0,0,0,0,0,0,0,0,0,0,0,0,0,0,0,0,0,0,0,0,0,0,0,0,0,0,0,0,0,0,0,0,0,0,0,0,0,0,0,0,0,0,0,0,0,0,0,0,0,0,0,0,0,0,0,0,0,0,0,0,0,0,0,0,0,0,0,0,0,0,0,0,0,0,0,0,0,0,0,0,0,0,0,0,0,0,0,0,0,0,0,0,0,0,0,0,0,0,0,0,0,0,0,0,0,0,0,0,0,0,0,0,0,0,0,0,0,0,0,0,0,0,0,0,0,0,0,0,0,0,0,0,0,0,0,0,0,0,0,0,0,0,0,0,0,0,0,0,0,0
non-hallem43,0,0,0,0,0,0,0,0,0,0,0,0,0,0,0,0,0,0,0,0,0,0,0,0,0,0,0,0,0,0,0,0,0,0,0,0,0,0,0,0,0,0,0,0,0,0,0,0,0,0,0,0,0,0,0,0,0,0,0,0,0,0,0,0,0,0,0,0,0,0,0,0,0,0,0,0,0,0,0,0,0,0,0,0,0,0,0,0,0,0,0,0,0,0,0,0,0,0,0,0,0,0,0,0,0,0,0,0,0,0,0,0,0,0,0,0,0,0,0,0,0,0,0,0,0,0,0,0,0,0,0,0,0,0,0,0,0,0,0,0,0,0,0,0,0,0,0,0,0,0,0,0,0,0,0,0,0,0,0,0,0,0,0,0,0,0,0,0,0,0,0,0,0,0,0,0,0,0,0,0,0,0,0,0,0,0
non-hallem44,0,0,0,0,0,0,0,0,0,0,0,0,0,0,0,0,0,0,0,0,0,0,0,0,0,0,0,0,0,0,0,0,0,0,0,0,0,0,0,0,0,0,0,0,0,0,0,0,0,0,0,0,0,0,0,0,0,0,0,0,0,0,0,0,0,0,0,0,0,0,0,0,0,0,0,0,0,0,0,0,0,0,0,0,0,0,0,0,0,0,0,0,0,0,0,0,0,0,0,0,0,0,0,0,0,0,0,0,0,0,0,0,0,0,0,0,0,0,0,0,0,0,0,0,0,0,0,0,0,0,0,0,0,0,0,0,0,0,0,0,0,0,0,0,0,0,0,0,0,0,0,0,0,0,0,0,0,0,0,0,0,0,0,0,0,0,0,0,0,0,0,0,0,0,0,0,0,0,0,0,0,0,0,0,0,0
vm2,3,1,12,19,30,27,2,2,-1,10,7,20,7,7,20,10,6,34,10,9,9,45,6,37,11,12,4,9,7,6,5,7,8,2,10,6,6,9,1,7,14,8,15,51,12,44,84,34,11,11,25,75,71,46,69,6,0,12,32,6,2,12,8,10,2,35,3,10,14,13,33,73,109,73,28,168,49,53,103,44,89,173,55,79,5,110,22,132,174,138,89,16,177,96,7,174,199,7,146,168,9,58,4,-1,4,3,7,191,93,4,132,89,199,12,73,44,84,69,71,10,11,25,56,2,18,4,3,4,29,2,3,1,9,3,-1,1,3,6,29,1,3,0,-1,0,0,-3,2,8,1,3,158,48,247,51,95,49,82,59,126,45,-2,88,2,10,2,-1,3,7,-4,-4,17,1,0,-4,-4,0,-2,1,-1,-3,5,5,0,5,-3,7
vm3,32,26,21,53,118,26,-1,-2,31,9,20,138,19,22,3,-2,-6,3,19,23,22,4,6,96,19,-1,-1,-6,1,3,-2,-1,3,-2,-5,7,-1,2,6,6,79,95,6,6,24,34,38,93,3,29,94,130,106,58,60,17,30,13,43,29,18,57,14,62,-2,36,14,10,25,21,52,103,160,102,20,227,97,59,209,54,110,88,198,154,8,247,24,37,161,151,85,44,172,139,30,143,121,2,204,58,24,53,20,-3,4,2,2,103,75,21,37,85,121,13,102,54,38,60,106,-5,19,10,14,-1,6,1,0,5,28,-1,1,2,0,0,2,0,0,1,15,0,-4,-4,-4,-2,-3,-5,-3,-3,0,-3,126,71,255,42,75,84,133,109,157,32,2,58,0,3,2,14,8,23,7,1,22,0,1,2,5,2,2,3,-1,1,4,1,0,-1,1,2
non-hallem47,0,0,0,0,0,0,0,0,0,0,0,0,0,0,0,0,0,0,0,0,0,0,0,0,0,0,0,0,0,0,0,0,0,0,0,0,0,0,0,0,0,0,0,0,0,0,0,0,0,0,0,0,0,0,0,0,0,0,0,0,0,0,0,0,0,0,0,0,0,0,0,0,0,0,0,0,0,0,0,0,0,0,0,0,0,0,0,0,0,0,0,0,0,0,0,0,0,0,0,0,0,0,0,0,0,0,0,0,0,0,0,0,0,0,0,0,0,0,0,0,0,0,0,0,0,0,0,0,0,0,0,0,0,0,0,0,0,0,0,0,0,0,0,0,0,0,0,0,0,0,0,0,0,0,0,0,0,0,0,0,0,0,0,0,0,0,0,0,0,0,0,0,0,0,0,0,0,0,0,0,0,0,0,0,0,0
vm5d,15,24,29,47,53,174,13,24,7,27,41,39,30,40,37,68,43,58,35,20,23,99,15,46,32,36,48,34,16,47,19,21,34,17,-2,51,41,42,51,41,33,37,52,53,54,224,145,61,36,28,39,115,190,257,71,20,19,-8,29,14,28,37,39,22,35,27,39,34,17,27,47,44,169,183,56,144,24,25,21,180,254,149,241,195,-1,16,29,18,163,249,190,34,133,231,47,78,102,97,235,57,22,228,89,17,62,39,28,80,77,35,18,190,102,-8,183,180,145,71,190,-2,14,150,12,0,105,63,-1,34,204,-2,2,2,-1,3,1,1,-5,2,156,2,-4,-4,-8,-14,-10,-5,-8,-3,17,-3,203,55,213,23,94,31,92,195,196,169,8,164,-5,32,7,21,136,162,22,-1,91,-8,-9,-9,-2,7,18,-3,-6,-6,-2,-5,-3,-3,-6,-7
vm5v,24,17,21,29,24,101,9,8,14,19,11,11,-9,13,-2,-5,-8,-5,10,5,1,4,13,28,-11,81,30,-3,-7,30,-2,20,-4,-9,81,11,89,65,140,50,36,18,11,26,27,29,28,33,22,-1,4,11,189,232,34,-8,1,8,226,273,24,30,27,29,7,-21,1,50,5,3,-9,-7,75,158,24,81,14,194,-6,197,214,92,137,138,-2,8,4,23,154,227,191,78,208,248,203,69,81,28,188,41,16,188,55,5,23,22,12,243,66,4,23,191,81,8,158,197,28,34,189,81,0,41,3,-1,17,56,3,4,79,19,2,-6,3,-7,1,-5,-2,-4,-6,0,-5,-8,-2,-10,-5,-7,-10,-8,-9,-2,13,42,175,4,98,20,23,98,32,62,1,33,-7,21,-8,-6,33,7,9,3,14,0,0,-2,-5,-2,-2,4,-2,0,-6,-5,-5,-6,-2,-3
non-hallem50,0,0,0,0,0,0,0,0,0,0,0,0,0,0,0,0,0,0,0,0,0,0,0,0,0,0,0,0,0,0,0,0,0,0,0,0,0,0,0,0,0,0,0,0,0,0,0,0,0,0,0,0,0,0,0,0,0,0,0,0,0,0,0,0,0,0,0,0,0,0,0,0,0,0,0,0,0,0,0,0,0,0,0,0,0,0,0,0,0,0,0,0,0,0,0,0,0,0,0,0,0,0,0,0,0,0,0,0,0,0,0,0,0,0,0,0,0,0,0,0,0,0,0,0,0,0,0,0,0,0,0,0,0,0,0,0,0,0,0,0,0,0,0,0,0,0,0,0,0,0,0,0,0,0,0,0,0,0,0,0,0,0,0,0,0,0,0,0,0,0,0,0,0,0,0,0,0,0,0,0,0,0,0,0,0,0
non-hallem51,0,0,0,0,0,0,0,0,0,0,0,0,0,0,0,0,0,0,0,0,0,0,0,0,0,0,0,0,0,0,0,0,0,0,0,0,0,0,0,0,0,0,0,0,0,0,0,0,0,0,0,0,0,0,0,0,0,0,0,0,0,0,0,0,0,0,0,0,0,0,0,0,0,0,0,0,0,0,0,0,0,0,0,0,0,0,0,0,0,0,0,0,0,0,0,0,0,0,0,0,0,0,0,0,0,0,0,0,0,0,0,0,0,0,0,0,0,0,0,0,0,0,0,0,0,0,0,0,0,0,0,0,0,0,0,0,0,0,0,0,0,0,0,0,0,0,0,0,0,0,0,0,0,0,0,0,0,0,0,0,0,0,0,0,0,0,0,0,0,0,0,0,0,0,0,0,0,0,0,0,0,0,0,0,0,0
