panel,glomeruli_diagnostics,glomeruli_diagnostics,glomeruli_diagnostics,glomeruli_diagnostics,glomeruli_diagnostics,glomeruli_diagnostics,glomeruli_diagnostics,glomeruli_diagnostics,glomeruli_diagnostics,glomeruli_diagnostics,glomeruli_diagnostics,glomeruli_diagnostics,glomeruli_diagnostics,glomeruli_diagnostics,glomeruli_diagnostics,glomeruli_diagnostics,glomeruli_diagnostics,glomeruli_diagnostics,glomeruli_diagnostics,glomeruli_diagnostics,glomeruli_diagnostics,glomeruli_diagnostics,glomeruli_diagnostics,glomeruli_diagnostics,kiwi,kiwi,kiwi,kiwi,kiwi,kiwi,kiwi,kiwi,kiwi,kiwi,control,control,control,control,control,control,control,control,control,control
odor,3mtp @ -5,va @ -4,va @ -3,t2h @ -6,ms @ -3,a-terp @ -3,geos @ -5,e3hb @ -6,mhex @ -7,ma @ -7,ea @ -8,2-but @ -6,2h @ -6,ga @ -4,carene @ -3,farn @ -2,4h-ol @ -6,"2,3-b @ -6",p-cre @ -3,aphe @ -4,1-6ol @ -6,paa @ -5,fench @ -5,elac @ -7,EtOH @ -2,IAol @ -3.6,IaA @ -3.7,ea @ -4.2,eb @ -3.5,ea+eb @ 0,ea+eb (air mix) @ 0,kmix0 @ 0,kmix-1 @ 0,kmix-2 @ 0,ms @ -3,va @ -3,fur @ -4,2h @ -5,1o3ol @ -3,1o3ol+2h @ 0,1o3ol+2h (air mix) @ 0,cmix0 @ 0,cmix-1 @ 0,cmix-2 @ 0
glomerulus,,,,,,,,,,,,,,,,,,,,,,,,,,,,,,,,,,,,,,,,,,,,
D,22.964317071287894,17.41321544592503,21.84950001618232,17.65248486789413,87.94072972397082,103.20891267902978,13.944046610387463,15.62910115994115,8.021566993415222,10.849401369208003,5.748448170032583,9.213239322668056,4.108659671473929,15.380876909014265,23.223554766539888,9.949227168392161,8.527391107021595,11.167959114563494,58.339679178212705,33.604504514453325,11.391883579989805,4.9260917178994355,8.977552350606873,3.4896139533006747,16.407651026789726,23.154577822334915,11.867230079220498,-5.97711338888154,5.154291043005309,4.103895523868031,11.639068664924467,44.311463838336536,9.167686117377228,2.8009593916960918,87.08617916635522,41.243085545758,24.901115514976738,14.172849231821525,71.55484232786762,66.82234825764368,75.66880391778258,93.17780233804898,55.420887525184156,21.6638131030948
DA1,2.3432439075979254,-0.42385048819353077,5.580783864370856,0.8727328636847165,2.130287177890099,1.4611391136142236,-1.5383200364237188,0.23755716170883345,0.9233511968505629,0.6366853155381058,-1.9812712560208035,2.655271420897388,-2.2415033145386043,0.29393572228296105,0.6127181182400397,5.205733751231209,0.5852858476709403,2.105618980036051,1.3055159468630513,0.30037335231300644,1.0759888893201777,0.5604759081422799,2.2475924215729006,0.7296581110354246,3.4544404322827305,0.8930542284536352,2.7300727410820196,1.9488819468078609,-0.27269863545278766,0.33223409365272527,2.5075559346306417,-1.7747543785887054,0.8033194594088718,-0.67723281377078,4.594932409315871,7.998039412166552,1.08758093032172,3.692537006245671,1.6458303954107358,2.2389468662446665,1.466362946401604,6.452945111779234,5.420374931667949,5.158635770115833
DA2,7.2124754249216005,0.6917140714295102,8.27054116872422,7.868581005197768,0.3751266000881351,9.444506558660109,92.93891499374634,-8.450650312235688,-0.0004495482523078446,2.7517943571626073,0.9487745956654572,7.8863137213225105,4.806607063440823,9.63350809717902,5.6533456288280535,6.7593844100048175,1.9437842623438746,8.523890202739409,-13.432738248660538,8.553831893318923,9.730005329594642,7.658826794228734,1.4106852753241057,2.5921104305480482,8.54169556201543,-0.36026704164146356,7.87438050127648,6.33408084014974,6.234439416359386,1.710805426286711,5.721594825051929,20.035599125923955,11.986835332880895,9.619263239794904,3.4018267177478045,3.1159183608363126,6.71134995985398,6.847300277474454,4.1505640373802715,8.077704667441557,4.8472455120336075,15.108020097194302,9.472625360029289,8.765018338567705
DC1,-15.639691363068648,-22.488723590279598,-25.838538022906242,-18.287063578735207,-6.57989501001133,32.87594546619651,1.3121035209985628,-4.804149935583369,-7.328123340562601,-11.026540346495569,-9.9573751404136,-15.535735231817856,-8.668830910763578,-16.477530176333403,45.8832933307234,-9.030812106233437,-13.617908475224782,-13.207073325468587,-3.732063758714088,-17.838304484946686,-7.152238622422839,-16.655802802422393,15.931257117270569,-3.4903125037813156,-6.785752371987738,-0.17006862902569697,-1.447971348117271,-2.9592186465739023,-5.778610234085676,-7.486473006786189,2.1482910396912995,2.7402300137058853,-3.939056317594221,-2.3333632754615277,2.245350379218853,-11.06933793374247,-10.844773864307456,-12.205785578420185,-2.9641352920383204,15.240068896930845,19.21898192619326,5.485626483990187,-8.707957129673982,-17.76061540203654
DC2,24.075424054953828,17.646634843659175,6.798488623587316,7.145793863743277,5.7326888686774,7.828624320832306,17.521537246571736,16.06666617834091,2.36041340287262,11.594966975830467,5.821532664025282,7.898896484311144,-6.570468064456937,4.856168269747767,6.015204479671599,4.250228542733576,0.9175185814673361,-2.011952783554727,-24.877068744810362,3.6573916757287233,12.77890956275854,6.069993386002435,3.25247956254782,-0.24828117576591385,8.544958303275026,15.314626802602763,-3.3838129485129547,-3.0135794630367405,-2.4277722751560438,3.1171202957878057,3.5302685889162673,14.206060148038185,0.18518079540819066,-0.6302350572096219,7.290124665868493,5.411273605320311,34.132100763364015,6.206285481675376,42.52222033191973,11.70524983067989,10.253803003966137,13.945373079675164,21.793332515780587,10.94473238738365
DC3,1.4755864022808902,2.410339123412346,1.1759429532373182,3.100911099952041,2.1838302761151605,7.2451418085993105,3.130015066110769,0.19118853639314587,5.46608664013718,1.0253424399269189,4.652954926194689,-4.6064101791659775,-0.32974092081142875,5.4558409660655816,3.4577397484499324,95.11351915793787,-0.9237326890697892,-3.8719936287739296,7.899718122046601,1.1094072388823641,6.777132643330709,4.448795642780928,21.832021958879107,0.9263201164379341,6.527904608407016,3.512416331966073,2.0507299064647686,6.079708691132478,1.1331016838985992,4.63950577984924,12.676006692540104,15.726783321762234,1.4541444876273122,13.682641018019753,8.897412632663237,18.534155266505554,9.697274418999534,12.570948540627509,17.715772062110446,18.57796449895725,37.54548800071198,35.591465378246,18.519341590634326,10.863623009089386
DC4,6.382249933656795,0.37584741566590985,207.1278751844616,8.740034400563944,5.504935566625763,7.86773514400648,2.0140986660706406,2.6910036454747592,3.2939539180127912,2.351124253971455,2.0178685325673693,0.5844517995561916,2.2662621272190253,5.095678268447596,7.732277613864174,4.445599782256245,31.35604279838396,2.036270273197663,5.075158059633637,6.321719282573588,4.914870358408499,2.3384285642366653,6.352404313577452,1.496783019690427,4.510445470781351,10.62757016911972,10.785260753458008,5.905013452390691,12.051696948003856,8.169289973953234,9.990614669483461,13.866726799187312,6.357881165570657,5.81236927194637,5.466318706126084,25.534974054887304,10.05270018911459,8.93156398751722,21.173649232215713,23.509096026200538,20.494460522364893,51.179411473141954,19.79991926056421,9.36671164617244
DL1,10.875915452458555,12.382903806222863,14.31445217090557,7.054808081329538,57.53425315827321,13.28557775591022,5.491931821047208,2.808739665036446,13.985230935622134,5.834908456107704,18.7375332195323,9.655047974879725,5.258640385839976,8.799097753757458,15.037042649729253,6.706468966497742,4.697575379805088,5.4313130178015125,66.5247125632571,71.42960303376461,10.738531398281511,5.793904402529389,6.897219319041872,-2.148085754746228,13.750539890859573,9.601478566541982,18.26397933261532,-5.77716906428726,-1.2736484891799182,-3.111349302999094,-0.7332578725971067,31.0737643424272,-0.13301684214268988,-1.6922489188311298,60.872657713789245,3.577012766798128,6.84398423816896,-0.32005656750458517,6.859053864832408,4.1875459019808865,9.58489075020727,38.13923580513848,57.45649341451659,55.444781389662914
DL2d,29.807090247194488,13.656994430990304,53.004148952394694,28.932686734982212,16.203251996713096,34.29918546296119,14.775333744033848,20.153215644267394,26.314713650055044,23.306476892873956,24.54006818838037,31.397224209976514,21.493690146838034,35.8667293242515,26.486700115171956,33.93558145236897,31.44859383115518,49.17237803145046,-7.512209722947844,39.075986679104204,18.956578155349487,35.09725377196652,37.02994535461364,28.295560286010296,14.0322248287661,20.31877046194863,9.723333770830502,19.855860858070027,30.84438259093899,6.298899198553204,36.910558479374764,7.568977854114689,29.242810474325292,26.107692288682927,58.418450136362125,61.224831216688,41.95632193832444,37.16824562752376,57.26130211777642,52.75586516563808,41.49489835905916,54.2115260124517,76.17187903268602,71.38394860144336
DL2v,22.295444204837864,5.595899975753276,32.50093247128059,23.198113739498037,12.79864226466979,29.003563955459867,9.302608024144206,17.250292561355813,24.476366831085844,18.798505318755545,21.409750330378063,21.691244115791815,12.726815241144884,21.995242843429157,22.96790387337268,28.555072323800523,22.6487446413818,37.13398170070863,-1.7156695236873203,30.28201697852107,16.71308964985775,18.076581244247574,25.126560565897243,16.346118865098966,12.545809339316694,16.600950607416927,9.590078259399705,12.613705532084358,17.49248047218654,-3.675904497459891,25.05864147540323,6.691678285367953,14.310393343760166,17.70738233834028,44.68795211841146,43.62910513956716,42.82056367706879,36.864226705691294,41.70770357573305,40.34075764784127,37.2376459733088,44.09577911788829,49.22529160586367,50.21317606521872
DL5,13.054247907713089,2.659757498248384,41.06058415522874,104.9378143501283,-0.7369917356020209,3.885376598809325,7.45415795371858,4.947584358890307,9.00233359055417,4.580258253485615,5.714477425140032,-0.7412929229365381,-3.5345031204288366,4.1163995944549745,11.665994828741738,11.709567622279472,-4.3662855411011385,2.9619853187953096,8.904006474541768,3.9108819644447257,-0.2913934133655278,-1.390397040620586,-0.49176959162801204,-6.877733890571886,22.375242690553012,31.58360986258399,-0.708406371158405,-5.615911933224907,-4.817177054888147,-8.695777652227836,1.138269137017346,24.092839083679216,3.4486575547326144,3.607782158122357,-8.97858171829392,41.542371125104275,70.99967871818116,-5.018268475602898,-7.03329020791395,10.102555876830593,-1.4147998947844145,54.11725301187259,52.68399488837293,4.061873220735479
DM1,48.49593222686959,37.103477069959986,65.40332172190239,31.70204389025562,37.194920767678155,32.5529010222381,19.83322283313932,44.02118486861769,36.932990987749314,41.99276083785984,67.18566929453297,45.17105811105756,31.915053815188244,40.2049635074626,47.18111149053979,44.22349973836217,57.199609996816235,64.234682125098,25.641884418930825,54.30173748145556,38.776354236748745,38.356249841510625,58.83243839773989,59.390428375162955,55.29172885551203,21.160197989739217,64.31790257841212,96.5101361489488,84.74903031375555,107.98974074244721,94.83156597741078,98.90091107543753,122.87908537296744,102.77674761060919,42.62505381074709,38.64308888991754,73.0997129276927,45.808267801258914,67.89538268648852,64.53158477710896,71.4365173722582,100.47056496270629,75.81576659853398,50.0809970459118
DM2,7.987792301240365,8.671662362846865,71.19843019552538,2.667813784862084,4.1992656918474855,6.650662301099596,13.675709372235904,5.558879337994198,125.50114665332798,2.1299579933329564,4.398536242514449,10.202129385795224,2.7099970129492363,9.159992163417373,10.917201596497598,6.131382656693939,4.067533586599101,4.309874974475518,3.900879586249585,14.33401433599147,45.444501943074364,11.245179640131774,3.0053484230264083,4.08620484833592,24.62169086457674,50.05887308018894,136.02765340116463,13.059753884567453,164.9212511598777,144.9812159105006,144.70461016615462,156.1338460839394,148.19146940483068,95.65366085914337,11.451615074454105,53.30095736147104,20.600025636553006,61.794134203403324,164.62338403781953,138.35072471995872,146.70945081161523,156.28163830891907,129.2150761716731,46.07122253479881
DM3,71.82483865945979,1.5992705435566354,15.8400506718365,5.5057373472587035,2.6681133014570437,1.5991760541088471,3.9397468836183043,0.7560236733706185,2.408465827210914,0.5479759595473188,-0.726397127744783,0.030354841700859028,2.5890982905057434,5.427458761762466,3.9594000070960993,5.491546218330492,2.0684062796301075,7.2896298441503955,5.7263912062134805,11.488937065640407,5.919658992139585,3.4699597330319203,4.759591827263715,3.894165178383719,6.059857977033794,0.7474397500546064,82.67836157708666,6.014233141225548,13.325805043986346,7.661078305985437,15.623702196805406,89.26272440509831,25.232650525404097,8.21064082214251,6.8976856438406635,5.657465350631416,17.48191695548324,41.81247181974517,97.09443663259354,88.49922083446106,104.24830585173532,97.87081050929062,31.035024780993915,6.260131589169008
DM4,19.588784632095194,17.807410133259047,22.48730934860106,15.930171255052052,17.70605276724318,3.0120974173968817,8.717224739952968,30.819207255991046,12.864955599982599,61.49131359334578,20.149322292145627,23.223245791908706,17.736163037636615,26.554789267960174,17.732299161153183,17.04549867271494,19.93565531909037,46.936732958046655,0.26241637061839107,25.96578694535105,17.108152952978838,13.951337809476598,40.72918451586009,27.830226469598774,29.562191359050253,15.666578763416677,27.014449593452873,88.70341623362542,54.58430410115427,99.7907304822454,98.51710401776538,101.59377752992899,87.24306024583888,44.53636608367973,22.343195411780265,27.586233741125206,50.668154327630106,34.90056688310329,31.881939196911226,25.242927432769257,28.28579729869591,53.92896325695676,45.58730520023071,28.8356782348629
DM5,8.245675824077402,3.223539833467496,14.051469568903327,-0.7320163347199469,3.3763211248426597,-2.3229222007739687,45.962947854545945,91.78972968614093,3.1264554692398687,12.909951549157723,30.8948419555732,23.326821652866837,18.89340090495891,16.66409768512248,22.796128668399458,8.59616546134815,12.527196745674756,21.13807325912356,6.46806921169166,34.29671938838647,4.783825548506738,8.61908036421942,9.664018827031192,6.64629958648826,52.820305648834065,10.19140737433864,29.987032732363193,11.422732918585371,184.94713218365712,164.6044905486787,164.05657202711896,183.39741974261096,107.94860265746082,33.073268075050954,4.801306394105099,4.623972517239197,29.148368095474794,17.251209223916607,104.29473863750144,92.16015011838766,106.30123222603186,77.99388435890862,44.17391172635435,16.595268813356753
DM6,6.902771687413162,9.304116155828131,76.38057592129421,6.015025373604108,-0.44745868230269725,7.96568303622174,4.519857736806421,2.6971945072579078,8.882909226749526,0.7075823041307125,12.995068810850949,5.38612762490433,5.177916930400487,5.195356233944588,2.953703941336121,0.30236719048460753,1.9306415175322857,-1.009106206160541,7.248520227121509,51.60204915870676,2.567611979908931,3.9270104120845417,1.7542076142446836,2.6218420481192672,6.207842210397664,2.288980083698424,71.17181094192769,3.3464453839168224,89.14680700287387,73.26642179288393,81.59385265907424,104.49075591542592,43.57701090810987,0.6248708478621235,13.832013845120398,11.512482904072643,58.69857666979445,7.149084511022185,114.79940469874016,134.182267134064,131.08713179592462,131.32871224625976,85.82189513857858,10.789386297682231
DP1l,7.388009863227221,2.512444244368167,-1.0591755719304727,8.47296382079,4.836685433553009,7.7109259352944655,5.146898063975039,2.5169969337188083,8.943544828897949,7.317795516028783,9.514016967541112,8.072007007003016,2.0774829933536747,8.77634970934763,7.028426742571989,7.926811848732417,8.865916661442958,13.46530708085405,-5.690238350475091,13.358195531238273,0.42284833114806375,6.771444585710193,7.035936345380182,2.665295500732332,1.0744049091013081,4.961743299971417,1.6221839957832576,-1.3509176762605506,3.0032766363602263,-8.01017953611798,3.2575004178550753,-7.715829908390193,-2.4681194131445827,0.9737255698108953,15.698495095672037,4.70180869544329,19.396198585915645,14.025245101801993,11.948550112068586,27.186539281314573,23.801303840819898,0.06287046851752602,26.815472791126055,25.830721199600433
DP1m,18.316000488848196,3.417618476109166,28.253565402146606,13.900124679284804,7.355193033715921,15.326812510603466,9.56463151685161,8.400156080680246,12.423397775792987,14.509479275751548,15.662108695759425,18.967505370495058,11.435717030877681,13.652324282521635,18.052787910201165,10.126847953756801,19.28750846927842,27.72745827142776,6.91397695003153,20.984311761222976,6.7226756954604845,17.102618293374757,19.493008715584835,12.235073418671105,48.94343166183341,25.28957073119026,13.97386751126185,22.89577260118981,27.583485673072282,5.539495450211851,26.73751760489394,34.175359464759104,38.56085436236503,27.07216261208943,45.34350502550471,54.947278159002366,55.025227445152346,42.04826746105869,70.44002609591642,67.65072939742267,58.55069207875912,51.0508310183717,66.4061645138907,43.121769788286926
V,5.454610382157302,6.499155999796201,2.864040288498434,5.680447367464725,4.439242983985875,7.86136179566022,4.737094592285709,6.342644655260064,5.126606778212595,4.543449261651777,1.8628361551951285,7.527140914625988,3.585839725141829,8.808786133969427,3.3413045105620807,5.609383017964672,2.639515309799125,7.37235586963592,-0.46497289413177434,2.742544496964017,6.565171666638191,2.8058682363146734,3.27567754106564,4.621450287403672,12.188910562596432,11.657731778419027,14.687410210509833,2.8501946708030474,4.374623744407826,0.9438716724006143,-2.037352635403126,2.73367822019384,3.068562622119504,5.871268442584624,10.601406912321883,6.351323730815837,17.25326200077416,20.15116136003533,61.78560285965518,-10.705443526258945,4.306840452640765,36.48682078262529,22.805947079038866,11.62165470690026
VA1d,-0.8788652258948696,1.3272795363679406,1.577939735184868,-0.23360784523336792,-2.0690110332198426,1.3034850063910448,2.0585339257741837,0.2870483480500289,0.22975948628333331,0.7798304074844213,-0.9938749387098985,-0.681481090614392,0.3581970118562786,1.2482684802145319,-0.15454161647199782,-0.32602792053381385,-1.4461758999064172,1.7106950990678709,0.26179993136644764,-1.783806829021722,1.3982183629730136,-0.5542981725171834,0.40886464726667093,-2.1925844703739457,-1.347068575653986,-1.1694281967769231,-1.1654519889627726,-2.26442983630462,-2.545956575151535,-1.047711187658282,-3.4097213194409295,-3.824707614904083,-2.919401217541413,-2.0181481571575643,-0.12023849328480038,1.2073691170045668,0.7095744285688971,-1.1521273894605233,-1.3881668970220598,-0.4790371294404111,-0.7399394135473839,-1.4994455014304187,-0.6190493367929351,1.2712382320991922
VA1v,-0.8788652258948696,1.3272795363679406,1.577939735184868,-0.23360784523336792,-2.0690110332198426,1.3034850063910448,2.0585339257741837,0.2870483480500289,0.22975948628333331,0.7798304074844213,-0.9938749387098985,-0.681481090614392,0.3581970118562786,1.2482684802145319,-0.15454161647199782,-0.32602792053381385,-1.4461758999064172,1.7106950990678709,0.26179993136644764,-1.783806829021722,1.3982183629730136,-0.5542981725171834,0.40886464726667093,-2.1925844703739457,-1.347068575653986,-1.1694281967769231,-1.1654519889627726,-2.26442983630462,-2.545956575151535,-1.047711187658282,-3.4097213194409295,-3.824707614904083,-2.919401217541413,-2.0181481571575643,-0.12023849328480038,1.2073691170045668,0.7095744285688971,-1.1521273894605233,-1.3881668970220598,-0.4790371294404111,-0.7399394135473839,-1.4994455014304187,-0.6190493367929351,1.2712382320991922
VA2,9.82646391408236,12.238401199552586,6.117420412416998,12.578893144289895,16.961813260308464,10.511067969093705,18.68323452134982,17.59358882033336,6.118669059217392,8.15143784969718,9.024525486267713,12.111260202466728,14.281645752885586,11.222453004950053,12.5828680702178,24.195332525618625,7.463241151372663,64.57773452572086,3.0618107623761825,8.940282881345556,12.13506763163877,4.312471839387211,8.028995082817694,85.1630143105824,35.16881715682295,14.680263588198995,31.15179979327054,18.158144319098714,25.741900445080585,4.335561698637315,17.513516809101795,52.01884769568128,29.444776854011806,12.503532300005771,27.062684053138398,13.618129877920504,54.74450748929219,22.47181469850937,17.197870606350754,14.131978319772607,13.174985533940548,63.335588031026745,41.375677935210675,18.0790301379771
VA3,9.586962014910542,10.26648889106691,14.071374222651082,10.525745943625555,4.123235344803973,3.6316514657160517,19.92470010216442,14.51611922103917,5.059049657239826,5.526756359790659,5.735016558912259,12.5034575972909,11.291319227531027,14.528769597821624,6.5158269303783705,4.896695969056358,6.12113604455677,8.467189023691724,5.545845078756012,53.20801608152471,14.343001516759376,56.42302713028535,11.478953540249272,12.546286669708437,23.16499687269214,30.95002600482488,4.6336448958195335,-2.174436428772033,7.787232499819472,3.984561014191325,4.05435172745834,20.88512379706629,7.987972582434333,9.478125623251412,7.9374035981315725,9.731639292031257,41.191747774894495,25.892330330442363,21.137012370719706,7.525336291120704,20.768853618574518,32.37387515164039,11.56477801430913,15.907531779554011
VA5,3.891072738640863,4.045726767745923,2.6001742206500986,1.1848310647269988,19.950861655681603,1.2854009264679422,5.48800800113945,3.468430370323668,1.432426921633531,3.403395163855241,2.35425103872743,4.258218180652528,5.225684524013395,5.873196778284172,2.0883457972251205,3.5168410798532306,2.5764960188988817,2.8218956678047067,77.66342025243732,12.656958018982241,4.475803699360787,3.2482413113893953,3.2265753045112895,5.681448743049348,8.431828193544506,6.770102512210976,2.472330824819542,2.097998897999668,6.096457081122697,2.1162392929381335,7.906511132854671,10.982043404968252,9.143361509033337,2.35144718186723,40.259427140659696,3.0873009441340216,25.612025850188207,8.021174156078294,8.202724167743721,4.443062259629169,8.516456934751604,46.27733469771005,18.70141085734262,6.586040008381203
VA6,0.7454715954779592,4.7128510688188205,20.712977730004,5.199265353095147,-0.11815727218523936,8.789238553061697,13.103299329640118,1.4300747281104558,3.587196491539269,3.3284010349431927,4.9569179687978995,6.73842872796005,-0.2681637623020567,81.24106861899197,2.8879946111208135,51.58434951722935,1.8180587510333668,4.3033697389194945,-11.239808947918247,3.021594657437049,4.055634076750716,-0.062536285141699,5.536961245682957,0.29102883537766444,11.969997921817317,6.097179062932636,7.573610058915348,1.4777815628749114,2.5814215135860996,13.304590159403931,13.3960529925986,8.883450667222485,8.463404351664574,8.40666448321965,10.121932432122701,8.923373592711867,14.709096488073076,9.984243762164756,2.5707747352802306,10.97228768175056,21.606115330566162,4.988929696724891,5.547275133776995,13.014478834850614
VA7l,17.588633621215575,17.30834504716251,7.884307223640734,21.153474269176364,54.71620460987553,3.466364484332606,20.9387924097779,17.400853529660154,11.9110571767021,5.484830738687115,9.876681626206672,14.695763479764038,15.291679367571021,22.961726191490502,13.726745772057127,13.638758305024917,17.04072435472751,16.22172992425314,60.21977927156312,-4.289490699535041,30.907012096108385,23.066668075559768,20.349705243347852,20.873472610850754,25.281770962172974,14.9163145445415,10.108463348132247,4.476535111954153,12.580047200903246,8.725585958368479,16.55934635576084,23.376190902043717,18.116980797828393,15.188323979775053,125.66359584208963,19.349365044497,42.61313386611188,39.31161297097382,-17.250803962641108,-19.509116944226818,-8.19053858464694,97.57029731547003,71.32097847457888,35.83620365092022
VA7m,26.072874888155784,18.636462456605287,5.3249307680068,17.933993912420476,66.53190364358856,-0.8502165401795727,25.87743238323751,24.53414952259351,13.027310438552659,17.79957766540438,15.196407785176783,18.94380693296199,13.328564089082315,25.19579315633975,11.510781243482622,9.710844269063422,14.147117450402959,16.916406314907334,53.68886571041408,-4.805008516664828,31.195120335431763,26.669414264294915,24.837329459805108,23.246532669268714,21.281089311380757,18.004278791231584,9.195741176691879,4.095204922594979,9.297063097819871,7.728841621818473,15.972101988203455,18.59277844194961,8.064595517431275,14.085617462354302,127.78158333241791,24.061189435999037,34.1063438071527,32.94361574600491,-20.73884184569379,-19.74907232526491,-12.843471552288403,101.36939070377682,67.41099680928582,39.11475784936634
VC1,4.630018647031253,16.576635853493116,11.866577794057621,11.419921242641019,13.992106650267043,16.270585349461,21.21909320376989,11.179318991171698,7.530193211137491,5.506021103681509,5.136273982820317,9.777132158211003,1.7031449478773097,12.217129337534999,78.202729872693,3.6312823515351673,1.6423927882430571,6.091120690360539,129.2909131526099,60.567244262080166,-2.271694182809942,7.235102257845126,70.60781338112191,7.841854674750632,9.302978142317297,36.399767281109874,-0.8028089234117041,4.14908350411614,14.785442963288236,16.076550273994474,16.737537706074338,27.74272419328652,1.8135858053613962,0.976875646709084,72.4722279721482,1.8955960644593535,25.199826721578603,5.171854939385406,-1.5773386341356543,-6.917198193876008,-5.454831161273139,11.684309628549428,0.6304029243993364,10.030868236263034
VC2,2.7822670709339103,6.911032703028771,13.947631174994891,4.028915955913295,7.0269241682152614,9.055738155759366,10.616312465527036,6.190899407342688,3.4885748043925755,5.61299701225504,4.5848001098624325,8.744550650887001,2.648352772840094,9.98261321387473,27.64214745334075,8.518019194766193,2.326584851313543,4.637049855544316,128.41047457043908,8.078838994960329,6.320838697746518,7.394031518879653,10.095519157026486,12.738639125586387,11.080368392329811,18.93565118840767,6.501462706582962,4.244822889872744,23.472641893589394,9.484967427326941,17.98438829448002,32.104998555740934,6.949684715756639,8.071195108660845,44.05391569047894,17.818024102725452,20.551644018770013,17.66370639457942,85.31750864693547,52.09748383149958,77.88428775000204,88.25122211566719,25.602978118401374,13.701295325440183
VC3,51.42679977997142,6.515218027507765,5.689889851798379,7.6292517917984854,0.4658816667208121,7.484057349988593,22.14002049788068,6.715981153748719,8.225102802224342,8.57645876261403,9.4311018500482,14.664747813283258,6.6619603552435,7.7013879267054834,10.3757476386932,5.5273761626813025,6.175502209379559,8.193609368969078,-0.7087581907585937,24.227148250701436,98.27034099416753,7.088305362148776,7.879480743396777,7.4802185256800255,37.7901139354764,77.20309380969701,12.099505348668465,10.803238231766308,42.2998969446902,15.072755369349302,34.36562543614117,84.8416634366499,38.71082231092609,23.325571221860976,36.13025216707998,40.951595350716865,70.00399652477385,41.50299827326247,142.979331920322,65.84993824117277,121.63458125886112,144.38653194385282,101.38340155410793,42.70216293104539
VC4,8.29905998499155,9.827720476387462,5.975255409912526,5.083491264153428,2.748214908809336,8.208727246563303,6.449199261963556,4.330528120143458,5.208687661404593,0.5045282674631852,3.5436915277724497,4.641928875684598,9.413639562372675,10.306757314024132,5.793793910709153,8.427653517728764,5.617823143810597,4.141703811530587,5.053579325324547,0.24948816012395048,9.761621875627757,3.6778202037297962,5.111829604375113,71.33160892998544,9.188686639051829,10.875490393040701,10.715969590742219,0.5974951055566874,41.01609156986408,13.631794256151897,38.542552977897444,69.20329860905224,10.002567643414313,5.132241409329813,10.561994093159635,8.360351131315616,24.44175639419233,24.32519887317891,44.82263473670478,35.292990889863454,48.90957654217891,56.48357607920245,37.620241749911244,22.636966048752097
VL1,0.10226911457690759,-0.7613605841703658,2.427433332639466,1.9974329365890986,-0.7818946631597057,1.204730930021422,0.027442925699450837,1.0016322591409876,0.6025966144470338,0.13941155138070757,0.9074168180037342,0.36001405108964474,0.6181217069374486,1.7319491627380508,0.21287996396326553,0.5202854780976076,0.986329385136727,0.665837944518005,-0.04578496451103656,1.2015878341179977,1.579509710403949,1.2584477283779505,2.6540104500095727,-1.6738811637764544,0.9406536255447998,0.7881011165753171,-1.365374898011639,1.085990748909573,0.10152296530953404,-1.1010014903018788,-0.11263473219522568,0.11600699028763353,-1.0267232546738005,-0.626177420872687,-1.4949501894534984,1.8465028677952862,0.40195971095717414,0.39936279571198896,-1.9181895030234264,1.9056407452595137,1.0336576540520257,0.6265077419548272,2.7052698203906185,1.6271197354000897
VL2a,12.983584525407805,14.192620899415967,74.65906024147323,10.160380295543645,5.270821547567265,8.84256207960503,10.70721862078431,10.731739846163102,5.167555394408007,7.6631906295705345,5.669383636525638,12.211241601959298,4.323666975397659,10.180948442125555,10.426679710671626,4.5467168861603655,10.041516550797105,10.267503268103992,2.1582498711420772,15.762202681469509,7.692899278580559,40.52622130321817,10.200987677576713,5.773341861176898,3.266080360331029,12.421283155250167,1.9245439542468235,0.7964814710573287,4.992854107747819,0.6635575605208841,7.230765454740279,-1.1906161569237559,10.549614621447294,7.323533784674075,10.041057415690599,106.1325584302109,15.278726794513041,17.139809710019463,47.94678942521165,56.187469194669966,58.47242746599929,111.91459106344911,99.86485389203519,58.44179084735226
VL2p,23.616370239959238,25.431490592787668,47.782597559571926,18.41815198931848,12.923784418867807,23.788010045156707,17.586276052828346,20.48842538573642,13.590291978868155,18.209847761411883,17.608207941038767,21.293709466600433,14.071127248558716,17.922980582015985,25.226384971208788,16.386948714868083,12.916812193434145,23.92126189036799,15.725779161541361,22.983505220627308,13.5088595659683,19.770469936067176,26.21869821803265,12.654624439659361,10.290536942522285,15.707263379713991,6.041513529884503,8.600624955939416,13.195971380966153,4.803014754984699,21.350320821782564,13.338333676095129,17.419066932997417,16.82751305214034,28.561936386260196,69.16612131835828,23.58970036608718,21.51490021345824,28.60569464792346,32.44363489828373,39.60460835762276,69.03393375878767,70.17799863072396,38.62091611493509
VM2,15.840620750218822,7.813977219188034,9.23895488820353,7.08589661669286,15.095229776073243,-19.366355977672704,33.82702193386854,29.408226003641726,9.143095249326151,12.207215548438722,11.548429679006931,14.818803922405266,13.705566081672188,59.237440408363994,25.19845052886942,14.99786459052883,67.04977021502356,20.796274597381803,60.222505873549345,15.132455409088562,18.239570740691534,10.989097068046304,10.262313446554106,10.921977568761093,39.47126091463949,70.63411448977706,88.85432281718631,30.552050446658264,131.43072864935954,116.56374917164119,122.61368206444543,129.58989341065842,114.28170820262613,56.680626370221205,54.41997973182895,21.04798719632034,105.01727446987103,40.30699940469106,96.3436255807964,91.34522943975348,101.07973250755124,112.3343146255986,81.93964310848781,28.83340875447236
VM3,10.175399710306683,4.8757138726495555,9.427114738615893,7.629645412168271,3.48688343937909,8.803852485588566,14.460205458193194,16.27269757762468,9.674766813669521,6.693023995534951,9.77864969716364,19.66703482064059,17.130395304124228,15.113205802848032,12.371398917045973,16.536248387011202,16.580347988316937,20.23567287892834,12.063485732691422,12.897006466921574,13.831091821329668,7.583221395480158,8.394569256271186,12.8630367707703,23.121134448405165,19.343798331900175,31.772300434207335,7.360529527189511,41.69176332046352,5.802676064523457,23.68982198545497,59.792626915689034,30.00587253672828,19.10775991780757,29.21923832069589,23.512353366285947,116.5316740886605,28.886763587204793,34.80532929201906,8.061001131300959,29.928302882774695,105.06641529442756,72.59140816024417,31.461060161010153
VM5d,15.499823294010671,11.471554389336815,14.098449276446006,6.566226132594969,-1.3227617095507005,10.838926905132109,10.435869523446268,12.615508616933953,11.4050714333741,13.566919983933353,14.165353744137642,12.871446108125651,95.14879374480829,12.590394160977391,17.554231663032613,7.569087723727787,11.11245465694456,12.809130316316033,-4.246659612788033,16.00179043387989,17.72363323157045,11.959721187577339,20.36985656663405,10.392231904800362,15.81104830527651,33.22019514244256,60.96699849273192,1.5656753689295895,20.522757012843968,2.1431046253391415,33.00426145194769,105.35539502957086,38.81343658299575,18.050279790563557,37.284513540197786,39.26882698255023,39.439984153292556,86.59686678585517,83.50477154543086,100.77772981075165,96.23358074819807,97.98164205347146,93.90532777094296,78.57941105151248
VM5v,8.81749267379204,29.37534434008015,36.92997610970308,6.574424469213529,2.155167525500483,32.71169521763435,16.743491319810126,14.66800372511224,4.47883222535389,3.696769999035101,3.869472243562841,6.035264227111014,0.2504611329321897,47.14603250415506,17.444110156239816,81.46595769069194,-1.4621936761969063,3.087568967777394,67.27924296630518,11.626279347718992,10.881944958343587,8.161671704689436,5.738623440568579,7.301995046007765,12.117264101940654,12.459797287557956,95.155375639906,-11.403048402463163,27.40173378110608,14.40542609029159,29.86839678242656,101.40460912748556,64.39178856898992,15.586405109971643,10.335861836548146,4.335769556627293,11.319670031518807,65.6788091882202,139.53134614639328,111.86396064879904,127.56721838091693,142.59917327916244,104.62004798755571,49.126750689222796
VM7d,37.91669400415961,23.42805039596342,141.249686804552,27.414905318235967,12.652784167746365,34.484194707314444,18.69600101647469,16.472124082207095,30.85135482149228,30.888241973013137,33.56530096556812,60.50205677129915,21.1817898193835,24.708709815793483,40.39870698298907,22.69064773745119,28.684922304822052,37.5310965364948,54.76757455248437,39.67685739521739,29.254315317851365,36.717805017630205,38.03375647548627,40.23948425534688,39.821518605162574,47.59361116857269,28.640451481027146,71.46089377946167,160.6310878075376,138.62198496441306,149.58460133215877,164.5289821646394,107.46557596604397,46.96236451037251,51.81952939043416,141.9218200019519,87.64444657728262,50.69475223696642,69.87859165994634,64.68216125447536,72.21681986628266,156.81287949531304,93.83790875638411,47.76876631745328
VM7v,7.97018091386532,14.289340151254041,15.847871328081187,11.91968100192302,6.315894100537921,2.6983708933955683,7.1936671876573675,9.276535135471367,9.353567448174566,10.180341411344031,10.273946065329042,2.93468838595894,-5.199098049856017,3.6579705261899718,9.551664296919677,-3.0440987758048004,4.375276066921706,5.4209223796589825,-6.0133346378815435,9.293240921722049,9.278443190698532,5.5893812199324415,4.636797120736478,10.565534582598783,8.13364691561623,15.270894220826603,8.00440084929252,-1.413499824331953,53.831469077319746,36.110039457362255,43.41234121721525,51.12812612059868,8.612680094895476,1.9616497614626334,21.251589309953385,1.4136222982698565,0.2328700122760763,2.7995331683868048,70.36871965020153,46.03818491773754,55.059754206174865,65.88711158198474,17.944622999123244,5.884905685343437
DA4l,4.690989780031368,3.3390683045992615,10.158088456842249,25.105586331032193,6.099291468774224,13.176735117887862,12.980043785021351,-0.760139503594557,12.571432628537673,2.4003740510215046,4.678848553353992,1.433786117449097,1.2635243982486906,3.7278419240399385,0.8336646934369956,9.832032578396412,5.3623755308432175,1.9259396680461294,6.298462538588948,7.955869325403174,-1.66138848979342,2.382091589382145,0.4084918988954532,-3.3832758959512077,-0.39899568314304973,4.866063890646736,5.895718767728608,-1.385971313754539,2.9126725992186855,6.692649798501921,3.03205749448812,19.221170202626816,8.672824739246405,-2.347813165091493,8.647755122050597,1.779815207104542,24.562673220514572,5.147585577637666,10.057962762119004,21.617249295549968,10.869253895128889,44.98070636537595,16.790485116763765,5.254734530267154
DA4m,3.5550032290903735,-0.3531848321359483,9.934840595192608,9.729323112159383,16.55676530832443,8.899763381743186,-3.530914190259761,0.2785200953128378,4.5570320650390785,8.562456311652761,1.8160180582104908,2.4739577460171187,-5.018052444856806,1.0490788039811203,2.5763392229511908,0.14959330150798794,1.4779839561022199,2.466045974005322,1.351865162679696,2.345129044085762,-1.171057648441544,0.06942924602129463,-0.9571917450120777,2.392518724467873,-0.08058422948790352,0.3857242543952621,9.37680383957252,-1.5335006056271707,2.883464828184386,3.299469332182718,5.8426718588392434,10.783389014024184,6.487347576613227,2.878179491630175,7.59182220621175,10.013254527154867,6.026255240861223,3.1783051364532353,2.515598253894994,10.035425457839281,5.681141679306823,11.35291254205674,4.389778730250502,0.48034495260243587
