datefly,odor_pair_str,correlation,odor_pair
2018-10-21/1,"1-5ol, 1-5ol",1.0,"1-5ol, 1-5ol"
2019-03-06/4,"1-5ol, 1-5ol",1.0,"1-5ol, 1-5ol"
2019-05-24/4,"1-5ol, 1-5ol",1.0,"1-5ol, 1-5ol"
2019-07-19/2,"1-5ol, 1-5ol",1.0,"1-5ol, 1-5ol"
2019-09-12/1,"1-5ol, 1-5ol",1.0,"1-5ol, 1-5ol"
2019-09-12/2,"1-5ol, 1-5ol",1.0,"1-5ol, 1-5ol"
2019-03-06/4,"1-5ol, 1-6ol",0.7235038326780581,"1-5ol, 1-6ol"
2019-07-19/2,"1-5ol, 1-6ol",0.7754020465132845,"1-5ol, 1-6ol"
2019-09-12/1,"1-5ol, 1-6ol",0.8032098054937852,"1-5ol, 1-6ol"
2019-09-12/2,"1-5ol, 1-6ol",0.6768994230141558,"1-5ol, 1-6ol"
2018-10-21/1,"1-5ol, 1-8ol",0.07101419488003402,"1-5ol, 1-8ol"
2019-03-06/4,"1-5ol, 1-8ol",0.2885874102191379,"1-5ol, 1-8ol"
2019-07-19/2,"1-5ol, 1-8ol",0.48087712797852356,"1-5ol, 1-8ol"
2019-09-12/1,"1-5ol, 1-8ol",0.2882555092755287,"1-5ol, 1-8ol"
2019-09-12/2,"1-5ol, 1-8ol",0.2676785476015542,"1-5ol, 1-8ol"
2018-10-21/1,"1-5ol, 2-but",0.13000473232893417,"1-5ol, 2-but"
2019-03-06/4,"1-5ol, 2-but",0.03406338546930476,"1-5ol, 2-but"
2019-07-19/2,"1-5ol, 2-but",0.06632742327830321,"1-5ol, 2-but"
2019-09-12/1,"1-5ol, 2-but",0.6024238093588468,"1-5ol, 2-but"
2019-09-12/2,"1-5ol, 2-but",0.35950009710462527,"1-5ol, 2-but"
2018-10-21/1,"1-5ol, 2h",-0.004301400040156889,"1-5ol, 2h"
2019-05-24/4,"1-5ol, 2h",0.17967303812854252,"1-5ol, 2h"
2019-07-19/2,"1-5ol, 2h",-0.020007863902782752,"1-5ol, 2h"
2019-09-12/1,"1-5ol, 2h",0.3846988350155294,"1-5ol, 2h"
2019-09-12/2,"1-5ol, 2h",0.2314350208113285,"1-5ol, 2h"
2018-10-21/1,"1-5ol, 6al",0.36079958615724506,"1-5ol, 6al"
2018-10-21/1,"1-5ol, B-cit",-0.02854147427645848,"1-5ol, B-cit"
2019-05-24/4,"1-5ol, B-cit",0.10080772393352255,"1-5ol, B-cit"
2019-03-06/4,"1-5ol, IaA",0.14873090510248488,"1-5ol, IaA"
2019-05-24/4,"1-5ol, IaA",0.20021884406991597,"1-5ol, IaA"
2019-07-19/2,"1-5ol, IaA",0.06249318762236422,"1-5ol, IaA"
2019-05-24/4,"1-5ol, Lin",0.024007203071775174,"1-5ol, Lin"
2019-07-19/2,"1-5ol, Lin",0.12597356303373697,"1-5ol, Lin"
2019-09-12/1,"1-5ol, Lin",0.33492017141066643,"1-5ol, Lin"
2019-09-12/2,"1-5ol, Lin",0.15987601247259442,"1-5ol, Lin"
2019-03-06/4,"1-5ol, aa",-0.06265472603132194,"1-5ol, aa"
2018-10-21/1,"1-5ol, eb",0.031052362985262816,"1-5ol, eb"
2019-09-12/1,"1-5ol, eb",0.6481957769351556,"1-5ol, eb"
2019-09-12/2,"1-5ol, eb",0.2893935786781614,"1-5ol, eb"
2018-10-21/1,"1-5ol, ep",0.08917631238506485,"1-5ol, ep"
2019-07-19/2,"1-5ol, ep",0.08518020872125798,"1-5ol, ep"
2019-09-12/1,"1-5ol, ep",0.5509347816064956,"1-5ol, ep"
2019-09-12/2,"1-5ol, ep",0.2374121067882673,"1-5ol, ep"
2018-10-21/1,"1-5ol, pa",0.1284674633743943,"1-5ol, pa"
2019-03-06/4,"1-5ol, pa",0.057353991646818425,"1-5ol, pa"
2018-10-21/1,"1-5ol, t2h",0.072002446437054,"1-5ol, t2h"
2019-05-24/4,"1-5ol, t2h",0.16407158587242532,"1-5ol, t2h"
2019-07-19/2,"1-5ol, t2h",0.11202153995980868,"1-5ol, t2h"
2019-09-12/1,"1-5ol, t2h",0.3972334646771687,"1-5ol, t2h"
2019-09-12/2,"1-5ol, t2h",0.21646232957695477,"1-5ol, t2h"
2019-03-06/4,"1-5ol, va",-0.01633696600561585,"1-5ol, va"
2019-05-24/4,"1-5ol, va",0.008089940764565595,"1-5ol, va"
2018-10-21/1,"1-6ol, 1-6ol",1.0,"1-6ol, 1-6ol"
2019-03-06/3,"1-6ol, 1-6ol",1.0,"1-6ol, 1-6ol"
2019-03-06/4,"1-6ol, 1-6ol",1.0,"1-6ol, 1-6ol"
2019-03-07/2,"1-6ol, 1-6ol",1.0,"1-6ol, 1-6ol"
2019-04-26/4,"1-6ol, 1-6ol",1.0,"1-6ol, 1-6ol"
2019-05-09/4,"1-6ol, 1-6ol",1.0,"1-6ol, 1-6ol"
2019-05-09/5,"1-6ol, 1-6ol",1.0,"1-6ol, 1-6ol"
2019-05-23/2,"1-6ol, 1-6ol",1.0,"1-6ol, 1-6ol"
2019-05-24/1,"1-6ol, 1-6ol",1.0,"1-6ol, 1-6ol"
2019-05-24/3,"1-6ol, 1-6ol",1.0,"1-6ol, 1-6ol"
2019-05-24/4,"1-6ol, 1-6ol",1.0,"1-6ol, 1-6ol"
2019-07-19/2,"1-6ol, 1-6ol",1.0,"1-6ol, 1-6ol"
2019-09-12/1,"1-6ol, 1-6ol",1.0,"1-6ol, 1-6ol"
2019-09-12/2,"1-6ol, 1-6ol",1.0,"1-6ol, 1-6ol"
2019-03-06/4,"1-6ol, 1-8ol",0.3878843908850417,"1-6ol, 1-8ol"
2019-04-26/4,"1-6ol, 1-8ol",0.6163354874879554,"1-6ol, 1-8ol"
2019-05-23/2,"1-6ol, 1-8ol",0.44047261535466875,"1-6ol, 1-8ol"
2019-05-24/1,"1-6ol, 1-8ol",0.31493486275280713,"1-6ol, 1-8ol"
2019-05-24/3,"1-6ol, 1-8ol",-0.33735027869393663,"1-6ol, 1-8ol"
2019-05-24/4,"1-6ol, 1-8ol",-0.05240050616959957,"1-6ol, 1-8ol"
2019-07-19/2,"1-6ol, 1-8ol",0.45068945134424787,"1-6ol, 1-8ol"
2019-09-12/1,"1-6ol, 1-8ol",0.38539834225220715,"1-6ol, 1-8ol"
2019-09-12/2,"1-6ol, 1-8ol",0.14898865800737526,"1-6ol, 1-8ol"
2019-03-07/2,"1-6ol, 1p3ol",0.02331412898784424,"1-6ol, 1p3ol"
2019-05-09/4,"1-6ol, 1p3ol",0.1456301299731244,"1-6ol, 1p3ol"
2019-05-09/5,"1-6ol, 1p3ol",0.04246458109230122,"1-6ol, 1p3ol"
2018-10-21/1,"1-6ol, 2-but",0.14897295687495515,"1-6ol, 2-but"
2019-03-06/3,"1-6ol, 2-but",0.03615138086206515,"1-6ol, 2-but"
2019-03-06/4,"1-6ol, 2-but",0.050701409169347955,"1-6ol, 2-but"
2019-03-07/2,"1-6ol, 2-but",0.07364940072957082,"1-6ol, 2-but"
2019-05-09/4,"1-6ol, 2-but",0.04889262777855763,"1-6ol, 2-but"
2019-05-09/5,"1-6ol, 2-but",0.016441757746745833,"1-6ol, 2-but"
2019-05-23/2,"1-6ol, 2-but",0.05803159602158836,"1-6ol, 2-but"
2019-05-24/1,"1-6ol, 2-but",0.02173464142105863,"1-6ol, 2-but"
2019-05-24/3,"1-6ol, 2-but",0.002565438048025781,"1-6ol, 2-but"
2019-05-24/4,"1-6ol, 2-but",0.18450805187315567,"1-6ol, 2-but"
2019-07-19/2,"1-6ol, 2-but",0.124067074853771,"1-6ol, 2-but"
2019-09-12/1,"1-6ol, 2-but",0.760204435337136,"1-6ol, 2-but"
2019-09-12/2,"1-6ol, 2-but",0.15999683365716066,"1-6ol, 2-but"
2019-03-06/3,"1-6ol, 2h",0.2752357846665887,"1-6ol, 2h"
2019-03-07/2,"1-6ol, 2h",0.2126251998739197,"1-6ol, 2h"
2019-04-26/4,"1-6ol, 2h",0.20786753530483548,"1-6ol, 2h"
2019-07-19/2,"1-6ol, 2h",0.19417581329787037,"1-6ol, 2h"
2019-09-12/1,"1-6ol, 2h",0.3436812474730844,"1-6ol, 2h"
2019-09-12/2,"1-6ol, 2h",0.1938735181454435,"1-6ol, 2h"
2019-03-07/2,"1-6ol, 6al",0.22714415619816408,"1-6ol, 6al"
2019-05-23/2,"1-6ol, 6al",0.5370027111490212,"1-6ol, 6al"
2019-05-24/1,"1-6ol, 6al",0.40047593240802515,"1-6ol, 6al"
2019-05-24/3,"1-6ol, 6al",0.49902976255594644,"1-6ol, 6al"
2019-05-24/4,"1-6ol, 6al",0.3403475800916902,"1-6ol, 6al"
2019-07-19/2,"1-6ol, 6al",0.5007263230646735,"1-6ol, 6al"
2019-09-12/1,"1-6ol, 6al",0.4950857852732278,"1-6ol, 6al"
2019-09-12/2,"1-6ol, 6al",0.2750706399106073,"1-6ol, 6al"
2019-05-23/2,"1-6ol, B-cit",0.05061597616793456,"1-6ol, B-cit"
2019-07-19/2,"1-6ol, B-cit",0.1427666760295938,"1-6ol, B-cit"
2019-09-12/1,"1-6ol, B-cit",-0.06040848896127904,"1-6ol, B-cit"
2019-09-12/2,"1-6ol, B-cit",0.1991768958234097,"1-6ol, B-cit"
2019-03-07/2,"1-6ol, ECin",-0.017957817715990476,"1-6ol, ECin"
2019-03-06/4,"1-6ol, IaA",0.06871065328202675,"1-6ol, IaA"
2019-03-07/2,"1-6ol, IaA",0.10558649792088048,"1-6ol, IaA"
2019-07-19/2,"1-6ol, IaA",0.055690212962885566,"1-6ol, IaA"
2019-09-12/1,"1-6ol, IaA",0.573535237017642,"1-6ol, IaA"
2019-09-12/2,"1-6ol, IaA",0.1164811539208076,"1-6ol, IaA"
2019-03-07/2,"1-6ol, Lin",0.1544067461999965,"1-6ol, Lin"
2019-07-19/2,"1-6ol, Lin",0.1794196297139915,"1-6ol, Lin"
2019-09-12/1,"1-6ol, Lin",0.35996946816791,"1-6ol, Lin"
2019-09-12/2,"1-6ol, Lin",0.06358061115142022,"1-6ol, Lin"
2019-03-06/3,"1-6ol, MethOct",0.08134296230609361,"1-6ol, MethOct"
2019-03-07/2,"1-6ol, MethOct",0.06383194071641196,"1-6ol, MethOct"
2019-04-26/4,"1-6ol, MethOct",-0.019503444873075537,"1-6ol, MethOct"
2019-05-09/4,"1-6ol, MethOct",0.02856573933312445,"1-6ol, MethOct"
2019-05-09/5,"1-6ol, MethOct",0.10573171123992187,"1-6ol, MethOct"
2019-03-06/4,"1-6ol, PropAc",0.015368675551796773,"1-6ol, PropAc"
2019-05-09/4,"1-6ol, PropAc",0.07287795981541556,"1-6ol, PropAc"
2019-05-09/5,"1-6ol, PropAc",0.11771650532506905,"1-6ol, PropAc"
2019-03-06/4,"1-6ol, aa",0.007073666095580022,"1-6ol, aa"
2018-10-21/1,"1-6ol, benz",0.343491412335435,"1-6ol, benz"
2019-03-07/2,"1-6ol, benz",0.09760578843885681,"1-6ol, benz"
2019-04-26/4,"1-6ol, benz",0.16489876060934272,"1-6ol, benz"
2019-05-09/4,"1-6ol, benz",0.06544033199186261,"1-6ol, benz"
2019-05-09/5,"1-6ol, benz",0.11402804139717138,"1-6ol, benz"
2019-05-23/2,"1-6ol, benz",0.12192773850507477,"1-6ol, benz"
2019-05-24/1,"1-6ol, benz",0.08141344777491355,"1-6ol, benz"
2019-05-24/3,"1-6ol, benz",0.01741966244912141,"1-6ol, benz"
2019-05-24/4,"1-6ol, benz",0.23658176008295473,"1-6ol, benz"
2019-07-19/2,"1-6ol, benz",0.22734837122306217,"1-6ol, benz"
2019-09-12/1,"1-6ol, benz",0.12008781359191101,"1-6ol, benz"
2019-09-12/2,"1-6ol, benz",0.10419981685864343,"1-6ol, benz"
2019-03-06/3,"1-6ol, d-dlac",0.03608907993523636,"1-6ol, d-dlac"
2019-03-07/2,"1-6ol, eb",0.06751663703822841,"1-6ol, eb"
2019-04-26/4,"1-6ol, eb",-0.001053258471318097,"1-6ol, eb"
2019-05-23/2,"1-6ol, eb",0.11281913177629299,"1-6ol, eb"
2019-05-24/1,"1-6ol, eb",-0.035762468292886984,"1-6ol, eb"
2019-05-24/3,"1-6ol, eb",-0.009840503350606822,"1-6ol, eb"
2019-05-24/4,"1-6ol, eb",0.21386248727785495,"1-6ol, eb"
2019-07-19/2,"1-6ol, eb",0.15212078096034376,"1-6ol, eb"
2019-09-12/1,"1-6ol, eb",0.7381276078514913,"1-6ol, eb"
2019-09-12/2,"1-6ol, eb",0.14856165987412162,"1-6ol, eb"
2019-03-06/3,"1-6ol, ep",0.13311358373184956,"1-6ol, ep"
2019-04-26/4,"1-6ol, ep",0.04666824440361195,"1-6ol, ep"
2019-05-09/4,"1-6ol, ep",0.024956433207809603,"1-6ol, ep"
2019-05-09/5,"1-6ol, ep",0.04155416548570001,"1-6ol, ep"
2019-05-23/2,"1-6ol, ep",0.06636885849567042,"1-6ol, ep"
2019-05-24/1,"1-6ol, ep",0.014635610721608017,"1-6ol, ep"
2019-05-24/3,"1-6ol, ep",0.01140318645952998,"1-6ol, ep"
2019-05-24/4,"1-6ol, ep",0.22301666525402153,"1-6ol, ep"
2019-07-19/2,"1-6ol, ep",0.1332940314124128,"1-6ol, ep"
2019-09-12/1,"1-6ol, ep",0.6863998405265974,"1-6ol, ep"
2019-09-12/2,"1-6ol, ep",0.1210570208864169,"1-6ol, ep"
2019-03-07/2,"1-6ol, eug",0.04589723286895575,"1-6ol, eug"
2019-04-26/4,"1-6ol, eug",-0.04294383454753081,"1-6ol, eug"
2019-05-09/4,"1-6ol, eug",0.05132387544240202,"1-6ol, eug"
2019-05-09/5,"1-6ol, eug",-0.012497881304624814,"1-6ol, eug"
2019-03-06/3,"1-6ol, g-6lac",-0.007698174201216101,"1-6ol, g-6lac"
2019-03-07/2,"1-6ol, g-6lac",0.08588942403606759,"1-6ol, g-6lac"
2018-10-21/1,"1-6ol, ms",0.016890619701100396,"1-6ol, ms"
2019-03-06/3,"1-6ol, ms",-0.04600665634828127,"1-6ol, ms"
2019-03-07/2,"1-6ol, ms",-0.006748698038976597,"1-6ol, ms"
2019-04-26/4,"1-6ol, ms",-0.00833118275106104,"1-6ol, ms"
2019-05-24/1,"1-6ol, ms",-0.03904396410729016,"1-6ol, ms"
2019-05-24/3,"1-6ol, ms",-0.01403003971504635,"1-6ol, ms"
2019-05-24/4,"1-6ol, ms",0.053621589884885634,"1-6ol, ms"
2019-07-19/2,"1-6ol, ms",0.14487254121847437,"1-6ol, ms"
2019-09-12/1,"1-6ol, ms",0.22847157923415784,"1-6ol, ms"
2019-09-12/2,"1-6ol, ms",0.03339750120292018,"1-6ol, ms"
2018-10-21/1,"1-6ol, pa",0.2923097019914891,"1-6ol, pa"
2019-03-06/4,"1-6ol, pa",0.020027350946613565,"1-6ol, pa"
2019-05-23/2,"1-6ol, pa",0.2919008167804986,"1-6ol, pa"
2019-05-24/1,"1-6ol, pa",0.25587901376898703,"1-6ol, pa"
2019-05-24/3,"1-6ol, pa",0.22419862555510273,"1-6ol, pa"
2019-05-24/4,"1-6ol, pa",0.33966980016226034,"1-6ol, pa"
2019-07-19/2,"1-6ol, pa",0.36351323952252046,"1-6ol, pa"
2019-09-12/1,"1-6ol, pa",0.49479409564979493,"1-6ol, pa"
2019-09-12/2,"1-6ol, pa",0.26956133623718104,"1-6ol, pa"
2019-07-19/2,"1-6ol, t2h",0.15410123976889767,"1-6ol, t2h"
2019-09-12/1,"1-6ol, t2h",0.3208304275148369,"1-6ol, t2h"
2019-09-12/2,"1-6ol, t2h",0.24320155444714997,"1-6ol, t2h"
2019-03-06/4,"1-6ol, va",0.04378874647263076,"1-6ol, va"
2019-03-07/2,"1-6ol, va",0.0650425635168228,"1-6ol, va"
2019-05-09/4,"1-6ol, va",-0.03683992195000907,"1-6ol, va"
2019-05-09/5,"1-6ol, va",-0.027785434474122406,"1-6ol, va"
2019-07-19/2,"1-6ol, va",0.06978155781449802,"1-6ol, va"
2019-09-12/1,"1-6ol, va",0.11880392320317379,"1-6ol, va"
2019-09-12/2,"1-6ol, va",-0.003955820403862109,"1-6ol, va"
2018-10-21/1,"1-8ol, 1-8ol",1.0,"1-8ol, 1-8ol"
2019-03-06/4,"1-8ol, 1-8ol",1.0,"1-8ol, 1-8ol"
2019-04-26/4,"1-8ol, 1-8ol",1.0,"1-8ol, 1-8ol"
2019-05-09/4,"1-8ol, 1-8ol",1.0,"1-8ol, 1-8ol"
2019-05-09/5,"1-8ol, 1-8ol",1.0,"1-8ol, 1-8ol"
2019-05-23/2,"1-8ol, 1-8ol",1.0,"1-8ol, 1-8ol"
2019-05-24/1,"1-8ol, 1-8ol",1.0,"1-8ol, 1-8ol"
2019-05-24/3,"1-8ol, 1-8ol",1.0,"1-8ol, 1-8ol"
2019-05-24/4,"1-8ol, 1-8ol",1.0,"1-8ol, 1-8ol"
2019-07-19/2,"1-8ol, 1-8ol",1.0,"1-8ol, 1-8ol"
2019-09-12/1,"1-8ol, 1-8ol",1.0,"1-8ol, 1-8ol"
2019-09-12/2,"1-8ol, 1-8ol",1.0,"1-8ol, 1-8ol"
2019-03-06/4,"1-8ol, 2-but",0.14479322840361986,"1-8ol, 2-but"
2019-05-23/2,"1-8ol, 2-but",0.05331814083816122,"1-8ol, 2-but"
2019-05-24/1,"1-8ol, 2-but",0.03123856667775804,"1-8ol, 2-but"
2019-05-24/3,"1-8ol, 2-but",-0.04688391300518724,"1-8ol, 2-but"
2019-05-24/4,"1-8ol, 2-but",0.03610638705508096,"1-8ol, 2-but"
2019-07-19/2,"1-8ol, 2-but",0.010219668200067145,"1-8ol, 2-but"
2019-09-12/1,"1-8ol, 2-but",0.331049142813881,"1-8ol, 2-but"
2019-09-12/2,"1-8ol, 2-but",0.2900581051639355,"1-8ol, 2-but"
2019-04-26/4,"1-8ol, 2h",0.18221572889184734,"1-8ol, 2h"
2019-05-09/4,"1-8ol, 2h",-0.003916540531628598,"1-8ol, 2h"
2019-05-09/5,"1-8ol, 2h",0.10959213899515063,"1-8ol, 2h"
2019-07-19/2,"1-8ol, 2h",0.010803285040532407,"1-8ol, 2h"
2019-09-12/1,"1-8ol, 2h",0.2040823841604288,"1-8ol, 2h"
2019-09-12/2,"1-8ol, 2h",0.20263279360993636,"1-8ol, 2h"
2018-10-21/1,"1-8ol, 6al",0.32586558805535604,"1-8ol, 6al"
2019-05-09/4,"1-8ol, 6al",0.5355978962281396,"1-8ol, 6al"
2019-05-09/5,"1-8ol, 6al",-0.039215033178360725,"1-8ol, 6al"
2019-05-23/2,"1-8ol, 6al",0.3648184441911514,"1-8ol, 6al"
2019-05-24/1,"1-8ol, 6al",0.45196147895452665,"1-8ol, 6al"
2019-05-24/3,"1-8ol, 6al",-0.16606731571767597,"1-8ol, 6al"
2019-05-24/4,"1-8ol, 6al",-0.017447038972930207,"1-8ol, 6al"
2018-10-21/1,"1-8ol, B-cit",0.6344541190916658,"1-8ol, B-cit"
2019-05-09/4,"1-8ol, B-cit",0.2971205258480838,"1-8ol, B-cit"
2019-05-09/5,"1-8ol, B-cit",0.42468896825336366,"1-8ol, B-cit"
2019-05-23/2,"1-8ol, B-cit",0.3337952299635415,"1-8ol, B-cit"
2019-03-06/4,"1-8ol, IaA",0.010677206047573162,"1-8ol, IaA"
2019-05-09/4,"1-8ol, IaA",-0.014808272442227599,"1-8ol, IaA"
2019-05-09/5,"1-8ol, IaA",0.09718163502470378,"1-8ol, IaA"
2019-07-19/2,"1-8ol, IaA",0.045915408487534615,"1-8ol, IaA"
2019-07-19/2,"1-8ol, Lin",0.37168043418826235,"1-8ol, Lin"
2019-09-12/1,"1-8ol, Lin",0.5321548674516664,"1-8ol, Lin"
2019-09-12/2,"1-8ol, Lin",0.6666079379159044,"1-8ol, Lin"
2019-03-06/4,"1-8ol, aa",0.33633095847271854,"1-8ol, aa"
2019-04-26/4,"1-8ol, benz",0.050477242837324576,"1-8ol, benz"
2019-05-09/5,"1-8ol, benz",0.004284240861916366,"1-8ol, benz"
2019-05-23/2,"1-8ol, benz",0.0821852224074694,"1-8ol, benz"
2019-05-24/1,"1-8ol, benz",0.09800262233354995,"1-8ol, benz"
2019-05-24/3,"1-8ol, benz",-2.4737007219055585e-05,"1-8ol, benz"
2019-05-24/4,"1-8ol, benz",-0.02275050092739117,"1-8ol, benz"
2018-10-21/1,"1-8ol, eb",0.044860095143751555,"1-8ol, eb"
2019-04-26/4,"1-8ol, eb",-0.029979456654634085,"1-8ol, eb"
2019-05-23/2,"1-8ol, eb",0.19791262764405304,"1-8ol, eb"
2019-05-24/1,"1-8ol, eb",0.120616118808471,"1-8ol, eb"
2019-05-24/3,"1-8ol, eb",-0.020116666022186758,"1-8ol, eb"
2019-05-24/4,"1-8ol, eb",-0.06300074743667894,"1-8ol, eb"
2019-09-12/1,"1-8ol, eb",0.25831348790083863,"1-8ol, eb"
2019-09-12/2,"1-8ol, eb",0.23604366776419305,"1-8ol, eb"
2018-10-21/1,"1-8ol, ep",-0.07950135275823311,"1-8ol, ep"
2019-04-26/4,"1-8ol, ep",-0.04850761249282898,"1-8ol, ep"
2019-05-23/2,"1-8ol, ep",0.028409260641591216,"1-8ol, ep"
2019-05-24/1,"1-8ol, ep",0.09551303206731077,"1-8ol, ep"
2019-05-24/3,"1-8ol, ep",-0.0710367223662769,"1-8ol, ep"
2019-05-24/4,"1-8ol, ep",-0.02869908120576059,"1-8ol, ep"
2019-07-19/2,"1-8ol, ep",0.00951831220388677,"1-8ol, ep"
2019-09-12/1,"1-8ol, ep",0.1915851041617156,"1-8ol, ep"
2019-09-12/2,"1-8ol, ep",0.14562259472252503,"1-8ol, ep"
2019-04-26/4,"1-8ol, ms",0.06716223291156498,"1-8ol, ms"
2019-05-24/1,"1-8ol, ms",0.036213402302413655,"1-8ol, ms"
2019-05-24/3,"1-8ol, ms",-0.02855997173430036,"1-8ol, ms"
2019-05-24/4,"1-8ol, ms",-0.03437149725283284,"1-8ol, ms"
2019-03-06/4,"1-8ol, pa",-0.058284999918569946,"1-8ol, pa"
2019-05-09/4,"1-8ol, pa",0.053581256227895224,"1-8ol, pa"
2019-05-09/5,"1-8ol, pa",-0.007840331206669493,"1-8ol, pa"
2019-05-23/2,"1-8ol, pa",0.268141825287347,"1-8ol, pa"
2019-05-24/1,"1-8ol, pa",0.19428119512733522,"1-8ol, pa"
2019-05-24/3,"1-8ol, pa",-0.06575518805448888,"1-8ol, pa"
2019-05-24/4,"1-8ol, pa",0.07829226775645581,"1-8ol, pa"
2019-05-09/4,"1-8ol, t2h",0.31048776778731735,"1-8ol, t2h"
2019-05-09/5,"1-8ol, t2h",0.030076519162479998,"1-8ol, t2h"
2019-07-19/2,"1-8ol, t2h",0.16243304648296775,"1-8ol, t2h"
2019-09-12/1,"1-8ol, t2h",0.2744848333256642,"1-8ol, t2h"
2019-09-12/2,"1-8ol, t2h",0.25112475392384603,"1-8ol, t2h"
2019-03-06/4,"1-8ol, va",0.2478073350792077,"1-8ol, va"
2019-05-09/4,"1-8ol, va",0.010701007557108011,"1-8ol, va"
2019-03-07/2,"1p3ol, 1p3ol",1.0,"1p3ol, 1p3ol"
2019-05-09/4,"1p3ol, 1p3ol",1.0,"1p3ol, 1p3ol"
2019-05-09/5,"1p3ol, 1p3ol",1.0,"1p3ol, 1p3ol"
2019-03-07/2,"1p3ol, MethOct",0.2030186603056856,"1p3ol, MethOct"
2019-05-09/4,"1p3ol, MethOct",0.10798419676050575,"1p3ol, MethOct"
2019-05-09/5,"1p3ol, MethOct",0.20274528428887206,"1p3ol, MethOct"
2019-03-07/2,"1p3ol, g-6lac",0.39378725364020983,"1p3ol, g-6lac"
2019-03-07/2,"2-but, 1p3ol",0.12410422561434509,"2-but, 1p3ol"
2019-05-09/4,"2-but, 1p3ol",0.09668145329422817,"2-but, 1p3ol"
2019-05-09/5,"2-but, 1p3ol",0.0648890517984092,"2-but, 1p3ol"
2018-10-21/1,"2-but, 2-but",1.0,"2-but, 2-but"
2019-03-06/3,"2-but, 2-but",1.0,"2-but, 2-but"
2019-03-06/4,"2-but, 2-but",1.0,"2-but, 2-but"
2019-03-07/2,"2-but, 2-but",1.0,"2-but, 2-but"
2019-05-09/4,"2-but, 2-but",1.0,"2-but, 2-but"
2019-05-09/5,"2-but, 2-but",1.0,"2-but, 2-but"
2019-05-23/2,"2-but, 2-but",1.0,"2-but, 2-but"
2019-05-24/1,"2-but, 2-but",1.0,"2-but, 2-but"
2019-05-24/3,"2-but, 2-but",1.0,"2-but, 2-but"
2019-05-24/4,"2-but, 2-but",1.0,"2-but, 2-but"
2019-07-19/2,"2-but, 2-but",1.0,"2-but, 2-but"
2019-09-12/1,"2-but, 2-but",1.0,"2-but, 2-but"
2019-09-12/2,"2-but, 2-but",1.0,"2-but, 2-but"
2018-10-21/1,"2-but, 2h",-0.08205406886936939,"2-but, 2h"
2019-03-06/3,"2-but, 2h",0.03004831381140105,"2-but, 2h"
2019-03-07/2,"2-but, 2h",0.12600654688799284,"2-but, 2h"
2019-07-19/2,"2-but, 2h",0.10465213849907107,"2-but, 2h"
2019-09-12/1,"2-but, 2h",0.2631805795490998,"2-but, 2h"
2019-09-12/2,"2-but, 2h",0.31289781025783725,"2-but, 2h"
2019-03-07/2,"2-but, 6al",-0.011946096344986445,"2-but, 6al"
2019-05-23/2,"2-but, 6al",0.035406524177522436,"2-but, 6al"
2019-05-24/1,"2-but, 6al",0.04347429120811919,"2-but, 6al"
2019-05-24/3,"2-but, 6al",-0.02526234427169194,"2-but, 6al"
2019-05-24/4,"2-but, 6al",0.055827445876067805,"2-but, 6al"
2019-07-19/2,"2-but, 6al",0.028315534001182363,"2-but, 6al"
2019-09-12/1,"2-but, 6al",0.41856030704288316,"2-but, 6al"
2019-09-12/2,"2-but, 6al",0.26321855145291106,"2-but, 6al"
2018-10-21/1,"2-but, B-cit",0.03645482571610037,"2-but, B-cit"
2019-05-23/2,"2-but, B-cit",0.09853170132262601,"2-but, B-cit"
2019-07-19/2,"2-but, B-cit",0.09169319966279676,"2-but, B-cit"
2019-09-12/1,"2-but, B-cit",-0.06299583293299493,"2-but, B-cit"
2019-09-12/2,"2-but, B-cit",0.3243634927300634,"2-but, B-cit"
2019-03-07/2,"2-but, ECin",0.07088855848163,"2-but, ECin"
2019-03-06/4,"2-but, IaA",0.023088193427988957,"2-but, IaA"
2019-03-07/2,"2-but, IaA",-0.005604885837711127,"2-but, IaA"
2019-07-19/2,"2-but, IaA",0.017444058678185992,"2-but, IaA"
2019-09-12/1,"2-but, IaA",0.48994453963465245,"2-but, IaA"
2019-09-12/2,"2-but, IaA",0.2269147571509328,"2-but, IaA"
2019-03-07/2,"2-but, Lin",-0.011108825876105621,"2-but, Lin"
2019-07-19/2,"2-but, Lin",0.1459703590379835,"2-but, Lin"
2019-09-12/1,"2-but, Lin",0.33633023751462887,"2-but, Lin"
2019-09-12/2,"2-but, Lin",0.1544852698438075,"2-but, Lin"
2019-03-06/3,"2-but, MethOct",-0.03559023790558169,"2-but, MethOct"
2019-03-07/2,"2-but, MethOct",0.04005725502426438,"2-but, MethOct"
2019-05-09/4,"2-but, MethOct",0.03110571616853275,"2-but, MethOct"
2019-05-09/5,"2-but, MethOct",-0.0224958744157,"2-but, MethOct"
2019-03-06/4,"2-but, PropAc",0.09183882669758703,"2-but, PropAc"
2019-05-09/4,"2-but, PropAc",0.06971384850982765,"2-but, PropAc"
2019-05-09/5,"2-but, PropAc",0.11408513527922837,"2-but, PropAc"
2019-03-06/4,"2-but, aa",0.19250777719766754,"2-but, aa"
2018-10-21/1,"2-but, benz",0.0075392617937878326,"2-but, benz"
2019-03-07/2,"2-but, benz",-0.0314501876159794,"2-but, benz"
2019-05-09/4,"2-but, benz",0.05283445825787758,"2-but, benz"
2019-05-09/5,"2-but, benz",-7.684822239117928e-05,"2-but, benz"
2019-05-23/2,"2-but, benz",0.0635246069108788,"2-but, benz"
2019-05-24/1,"2-but, benz",0.013748186612101754,"2-but, benz"
2019-05-24/3,"2-but, benz",-0.020705844420614072,"2-but, benz"
2019-05-24/4,"2-but, benz",-0.053023197953439016,"2-but, benz"
2019-07-19/2,"2-but, benz",0.120383729310239,"2-but, benz"
2019-09-12/1,"2-but, benz",0.0631691324924828,"2-but, benz"
2019-09-12/2,"2-but, benz",0.1961854822381135,"2-but, benz"
2019-03-06/3,"2-but, d-dlac",-0.015425867955940031,"2-but, d-dlac"
2019-03-07/2,"2-but, eb",0.3727379672694977,"2-but, eb"
2019-05-23/2,"2-but, eb",0.3405540636402655,"2-but, eb"
2019-05-24/1,"2-but, eb",0.27194519658856087,"2-but, eb"
2019-05-24/3,"2-but, eb",0.20531113333714912,"2-but, eb"
2019-05-24/4,"2-but, eb",0.5086452475696193,"2-but, eb"
2019-07-19/2,"2-but, eb",0.46925896035608405,"2-but, eb"
2019-09-12/1,"2-but, eb",0.7268743657597925,"2-but, eb"
2019-09-12/2,"2-but, eb",0.31241764804719063,"2-but, eb"
2019-03-06/3,"2-but, ep",0.7066777082538331,"2-but, ep"
2019-05-09/4,"2-but, ep",0.4096521440392682,"2-but, ep"
2019-05-09/5,"2-but, ep",0.4793221481594184,"2-but, ep"
2019-05-23/2,"2-but, ep",0.6304276889961102,"2-but, ep"
2019-05-24/1,"2-but, ep",0.572810810224355,"2-but, ep"
2019-05-24/3,"2-but, ep",0.5914779919380866,"2-but, ep"
2019-05-24/4,"2-but, ep",0.643389948008682,"2-but, ep"
2019-07-19/2,"2-but, ep",0.5758223787155174,"2-but, ep"
2019-09-12/1,"2-but, ep",0.7600167422216029,"2-but, ep"
2019-09-12/2,"2-but, ep",0.4946414746838914,"2-but, ep"
2019-03-07/2,"2-but, eug",-0.014509873165518883,"2-but, eug"
2019-05-09/4,"2-but, eug",0.05318518160433816,"2-but, eug"
2019-05-09/5,"2-but, eug",0.04878463534009958,"2-but, eug"
2019-03-06/3,"2-but, g-6lac",0.0801216233318468,"2-but, g-6lac"
2019-03-07/2,"2-but, g-6lac",0.09195757978236496,"2-but, g-6lac"
2018-10-21/1,"2-but, ms",0.057081434082511984,"2-but, ms"
2019-03-06/3,"2-but, ms",0.3922977369144163,"2-but, ms"
2019-03-07/2,"2-but, ms",0.18461055445225694,"2-but, ms"
2019-05-24/1,"2-but, ms",0.06257218024538125,"2-but, ms"
2019-05-24/3,"2-but, ms",-0.0755965427066303,"2-but, ms"
2019-05-24/4,"2-but, ms",0.003963508303013619,"2-but, ms"
2019-07-19/2,"2-but, ms",0.16551247184203155,"2-but, ms"
2019-09-12/1,"2-but, ms",0.26867390794190926,"2-but, ms"
2019-09-12/2,"2-but, ms",0.18921990858102822,"2-but, ms"
2018-10-21/1,"2-but, pa",-0.049624449912325286,"2-but, pa"
2019-03-06/4,"2-but, pa",-0.04079236178764045,"2-but, pa"
2019-05-23/2,"2-but, pa",0.10873483151075225,"2-but, pa"
2019-05-24/1,"2-but, pa",0.007660466707604008,"2-but, pa"
2019-05-24/3,"2-but, pa",0.03320693111514683,"2-but, pa"
2019-05-24/4,"2-but, pa",0.006348586841599224,"2-but, pa"
2019-07-19/2,"2-but, pa",0.19810198399859946,"2-but, pa"
2019-09-12/1,"2-but, pa",0.4669137728675339,"2-but, pa"
2019-09-12/2,"2-but, pa",0.16094720654241734,"2-but, pa"
2018-10-21/1,"2-but, t2h",-0.08404422134309075,"2-but, t2h"
2019-07-19/2,"2-but, t2h",0.0313310472269156,"2-but, t2h"
2019-09-12/1,"2-but, t2h",0.25476475858682535,"2-but, t2h"
2019-09-12/2,"2-but, t2h",0.13626839417120096,"2-but, t2h"
2019-03-06/4,"2-but, va",0.027610151471861966,"2-but, va"
2019-03-07/2,"2-but, va",-0.03978017380837939,"2-but, va"
2019-05-09/4,"2-but, va",0.01051743081972123,"2-but, va"
2019-05-09/5,"2-but, va",-0.016169552348114236,"2-but, va"
2019-07-19/2,"2-but, va",0.09676426783995562,"2-but, va"
2019-09-12/1,"2-but, va",0.13712468694527924,"2-but, va"
2019-09-12/2,"2-but, va",-0.0110962608896783,"2-but, va"
2018-10-21/1,"2h, 2h",1.0,"2h, 2h"
2019-03-06/3,"2h, 2h",1.0,"2h, 2h"
2019-03-07/2,"2h, 2h",1.0,"2h, 2h"
2019-04-26/4,"2h, 2h",1.0,"2h, 2h"
2019-05-09/4,"2h, 2h",1.0,"2h, 2h"
2019-05-09/5,"2h, 2h",1.0,"2h, 2h"
2019-05-24/4,"2h, 2h",1.0,"2h, 2h"
2019-07-19/2,"2h, 2h",1.0,"2h, 2h"
2019-09-12/1,"2h, 2h",1.0,"2h, 2h"
2019-09-12/2,"2h, 2h",1.0,"2h, 2h"
2018-10-21/1,"2h, 6al",0.2787110053504612,"2h, 6al"
2019-05-09/4,"2h, 6al",0.0003827267348256447,"2h, 6al"
2019-05-09/5,"2h, 6al",-0.006815344610777041,"2h, 6al"
2018-10-21/1,"2h, B-cit",0.26654519902584983,"2h, B-cit"
2019-05-09/4,"2h, B-cit",-0.06377672842312543,"2h, B-cit"
2019-05-09/5,"2h, B-cit",0.018675794682605162,"2h, B-cit"
2019-05-24/4,"2h, B-cit",0.11993649488857883,"2h, B-cit"
2019-07-19/2,"2h, B-cit",0.22382506163881177,"2h, B-cit"
2019-03-07/2,"2h, IaA",0.30195615813628507,"2h, IaA"
2019-05-09/4,"2h, IaA",0.6078054462691385,"2h, IaA"
2019-05-09/5,"2h, IaA",0.24257822750687952,"2h, IaA"
2019-05-24/4,"2h, IaA",0.4853529053676081,"2h, IaA"
2019-07-19/2,"2h, IaA",0.2904676022625874,"2h, IaA"
2018-10-21/1,"2h, Lin",0.34769102822839215,"2h, Lin"
2019-03-07/2,"2h, Lin",0.3215640173862153,"2h, Lin"
2019-05-24/4,"2h, Lin",0.2606546842233475,"2h, Lin"
2019-07-19/2,"2h, Lin",0.09533441809943322,"2h, Lin"
2019-09-12/1,"2h, Lin",0.31589584022794226,"2h, Lin"
2019-09-12/2,"2h, Lin",0.2191149031102435,"2h, Lin"
2019-03-06/3,"2h, MethOct",0.3401318824893955,"2h, MethOct"
2019-03-07/2,"2h, MethOct",0.1250817009427223,"2h, MethOct"
2019-04-26/4,"2h, MethOct",0.40084824946392805,"2h, MethOct"
2019-04-26/4,"2h, benz",0.1065802036137593,"2h, benz"
2019-05-09/5,"2h, benz",-0.010630995093722895,"2h, benz"
2019-07-19/2,"2h, benz",0.24033929484451444,"2h, benz"
2019-04-26/4,"2h, eb",0.15341694570551057,"2h, eb"
2019-09-12/1,"2h, eb",0.42843354636218156,"2h, eb"
2019-09-12/2,"2h, eb",0.19377849689086246,"2h, eb"
2019-03-06/3,"2h, ep",0.06637405262367535,"2h, ep"
2019-04-26/4,"2h, ep",-0.03355411393023178,"2h, ep"
2019-07-19/2,"2h, ep",0.10525117640866166,"2h, ep"
2019-09-12/1,"2h, ep",0.2626950286863703,"2h, ep"
2019-09-12/2,"2h, ep",0.16142621827836146,"2h, ep"
2019-03-06/3,"2h, ms",-0.03929630609956569,"2h, ms"
2019-04-26/4,"2h, ms",0.0365832979583246,"2h, ms"
2018-10-21/1,"2h, pa",0.5572521841731028,"2h, pa"
2019-05-09/4,"2h, pa",0.4320934840232564,"2h, pa"
2019-05-09/5,"2h, pa",0.1399894935899204,"2h, pa"
2018-10-21/1,"2h, t2h",0.13874942790034206,"2h, t2h"
2019-05-09/4,"2h, t2h",-0.03530149672239924,"2h, t2h"
2019-05-09/5,"2h, t2h",0.07250161006314082,"2h, t2h"
2019-05-24/4,"2h, t2h",0.19634098657060184,"2h, t2h"
2019-07-19/2,"2h, t2h",0.06582243865909243,"2h, t2h"
2019-09-12/1,"2h, t2h",0.20772568295718719,"2h, t2h"
2019-09-12/2,"2h, t2h",0.0964626457753266,"2h, t2h"
2018-10-21/1,"2h, va",0.09286784577383922,"2h, va"
2019-05-09/4,"2h, va",-0.022019231975118903,"2h, va"
2019-05-24/4,"2h, va",-0.02269577061016248,"2h, va"
2019-07-19/2,"2h, va",0.09356072242965363,"2h, va"
2018-10-21/1,"6al, 6al",1.0,"6al, 6al"
2019-03-07/2,"6al, 6al",1.0,"6al, 6al"
2019-05-09/4,"6al, 6al",1.0,"6al, 6al"
2019-05-09/5,"6al, 6al",1.0,"6al, 6al"
2019-05-23/2,"6al, 6al",1.0,"6al, 6al"
2019-05-24/1,"6al, 6al",1.0,"6al, 6al"
2019-05-24/3,"6al, 6al",1.0,"6al, 6al"
2019-05-24/4,"6al, 6al",1.0,"6al, 6al"
2019-07-19/2,"6al, 6al",1.0,"6al, 6al"
2019-09-12/1,"6al, 6al",1.0,"6al, 6al"
2019-09-12/2,"6al, 6al",1.0,"6al, 6al"
2018-10-21/1,"6al, B-cit",0.33596530705758676,"6al, B-cit"
2019-05-09/4,"6al, B-cit",0.021549377251998014,"6al, B-cit"
2019-05-09/5,"6al, B-cit",-0.002375921518079638,"6al, B-cit"
2019-05-23/2,"6al, B-cit",0.19661227766441502,"6al, B-cit"
2019-07-19/2,"6al, B-cit",0.09997352525474368,"6al, B-cit"
2019-09-12/1,"6al, B-cit",-0.027272282729902786,"6al, B-cit"
2019-09-12/2,"6al, B-cit",0.24621444103370793,"6al, B-cit"
2019-05-09/4,"6al, IaA",-0.042463429734260094,"6al, IaA"
2019-05-09/5,"6al, IaA",-0.006210474838856506,"6al, IaA"
2019-09-12/1,"6al, IaA",0.3373957000817406,"6al, IaA"
2019-09-12/2,"6al, IaA",0.185809662407592,"6al, IaA"
2018-10-21/1,"6al, Lin",0.06638364788425677,"6al, Lin"
2019-03-07/2,"6al, benz",0.3279045880963636,"6al, benz"
2019-05-09/5,"6al, benz",-0.0017284396918972877,"6al, benz"
2019-05-23/2,"6al, benz",0.2793697399212869,"6al, benz"
2019-05-24/1,"6al, benz",0.3476519151064128,"6al, benz"
2019-05-24/3,"6al, benz",0.3477992223876254,"6al, benz"
2019-05-24/4,"6al, benz",0.2221077370144302,"6al, benz"
2019-07-19/2,"6al, benz",0.5029796257319814,"6al, benz"
2019-09-12/1,"6al, benz",0.5574079646428483,"6al, benz"
2019-09-12/2,"6al, benz",0.4002902369164172,"6al, benz"
2018-10-21/1,"6al, eb",0.08913276850180862,"6al, eb"
2019-03-07/2,"6al, eb",-0.036826713768236985,"6al, eb"
2019-05-23/2,"6al, eb",0.08596103772925778,"6al, eb"
2019-05-24/1,"6al, eb",0.08368200639518597,"6al, eb"
2019-05-24/3,"6al, eb",-0.06906770573656917,"6al, eb"
2019-05-24/4,"6al, eb",0.08789346549657118,"6al, eb"
2019-07-19/2,"6al, eb",0.11778553591699881,"6al, eb"
2018-10-21/1,"6al, ep",0.030545102121573353,"6al, ep"
2019-05-23/2,"6al, ep",-0.0004434657682350629,"6al, ep"
2019-05-24/1,"6al, ep",0.06720692955935703,"6al, ep"
2019-05-24/3,"6al, ep",-0.1038636687085277,"6al, ep"
2019-05-24/4,"6al, ep",0.06223677471038036,"6al, ep"
2019-03-07/2,"6al, ms",0.03229473755968082,"6al, ms"
2019-05-24/1,"6al, ms",0.024897099893083197,"6al, ms"
2019-05-24/3,"6al, ms",0.024628161657261227,"6al, ms"
2019-05-24/4,"6al, ms",-0.010367314882605116,"6al, ms"
2019-07-19/2,"6al, ms",0.14207682567977375,"6al, ms"
2019-09-12/1,"6al, ms",0.27083566631429346,"6al, ms"
2019-09-12/2,"6al, ms",0.08492827834712335,"6al, ms"
2019-05-09/4,"6al, pa",0.10140886163108076,"6al, pa"
2019-05-09/5,"6al, pa",-0.0029058777268842206,"6al, pa"
2019-05-23/2,"6al, pa",0.19810132830367366,"6al, pa"
2019-05-24/1,"6al, pa",0.17640849014636328,"6al, pa"
2019-05-24/3,"6al, pa",0.035634079184064804,"6al, pa"
2019-05-24/4,"6al, pa",0.17594228725185157,"6al, pa"
2019-07-19/2,"6al, pa",0.2251601065267843,"6al, pa"
2019-09-12/1,"6al, pa",0.2707488338425216,"6al, pa"
2019-09-12/2,"6al, pa",0.1737397286623713,"6al, pa"
2018-10-21/1,"6al, t2h",0.585077730752254,"6al, t2h"
2019-05-09/4,"6al, t2h",0.5468701145735282,"6al, t2h"
2019-05-09/5,"6al, t2h",-0.0033746585305987065,"6al, t2h"
2018-10-21/1,"6al, va",0.2906120339111544,"6al, va"
2019-03-07/2,"6al, va",0.15731285920220195,"6al, va"
2019-05-09/4,"6al, va",0.07242434857923441,"6al, va"
2019-09-12/1,"6al, va",0.42135205424286726,"6al, va"
2019-09-12/2,"6al, va",0.010439055360284555,"6al, va"
2018-10-21/1,"B-cit, B-cit",1.0,"B-cit, B-cit"
2019-05-09/4,"B-cit, B-cit",1.0,"B-cit, B-cit"
2019-05-09/5,"B-cit, B-cit",1.0,"B-cit, B-cit"
2019-05-23/2,"B-cit, B-cit",1.0,"B-cit, B-cit"
2019-05-24/4,"B-cit, B-cit",1.0,"B-cit, B-cit"
2019-07-19/2,"B-cit, B-cit",1.0,"B-cit, B-cit"
2019-09-12/1,"B-cit, B-cit",1.0,"B-cit, B-cit"
2019-09-12/2,"B-cit, B-cit",1.0,"B-cit, B-cit"
2019-05-09/4,"B-cit, IaA",0.0062599823640839825,"B-cit, IaA"
2019-05-09/5,"B-cit, IaA",0.0338105630170602,"B-cit, IaA"
2019-05-24/4,"B-cit, IaA",0.052517169356606774,"B-cit, IaA"
2019-09-12/1,"B-cit, IaA",-0.008221064614269968,"B-cit, IaA"
2019-09-12/2,"B-cit, IaA",0.21781947806345492,"B-cit, IaA"
2019-05-24/4,"B-cit, Lin",0.2487256500885392,"B-cit, Lin"
2019-07-19/2,"B-cit, Lin",0.12965182146499954,"B-cit, Lin"
2019-05-09/5,"B-cit, benz",0.02989643856531321,"B-cit, benz"
2019-05-23/2,"B-cit, benz",0.0905907379017078,"B-cit, benz"
2019-07-19/2,"B-cit, benz",0.37065792874231507,"B-cit, benz"
2019-09-12/1,"B-cit, benz",0.1362180636585606,"B-cit, benz"
2019-09-12/2,"B-cit, benz",0.24114119150909408,"B-cit, benz"
2018-10-21/1,"B-cit, eb",0.23896608992943058,"B-cit, eb"
2019-05-23/2,"B-cit, eb",0.20660474194952205,"B-cit, eb"
2019-07-19/2,"B-cit, eb",0.03469404320113201,"B-cit, eb"
2018-10-21/1,"B-cit, ep",0.04948226815646817,"B-cit, ep"
2019-05-23/2,"B-cit, ep",0.15051096177648338,"B-cit, ep"
2019-07-19/2,"B-cit, ep",0.14192593385562813,"B-cit, ep"
2019-07-19/2,"B-cit, ms",0.1549363997858616,"B-cit, ms"
2019-09-12/1,"B-cit, ms",0.09125704824668723,"B-cit, ms"
2019-09-12/2,"B-cit, ms",0.21497404390008312,"B-cit, ms"
2018-10-21/1,"B-cit, pa",-0.05510267432296856,"B-cit, pa"
2019-05-09/4,"B-cit, pa",-0.0086785155053275,"B-cit, pa"
2019-05-09/5,"B-cit, pa",0.020056989016088433,"B-cit, pa"
2019-05-23/2,"B-cit, pa",0.08508006418796843,"B-cit, pa"
2019-07-19/2,"B-cit, pa",0.026763329190105156,"B-cit, pa"
2019-09-12/1,"B-cit, pa",0.015505087922945249,"B-cit, pa"
2019-09-12/2,"B-cit, pa",0.35284037018836023,"B-cit, pa"
2018-10-21/1,"B-cit, t2h",0.2987491154714885,"B-cit, t2h"
2019-05-09/4,"B-cit, t2h",0.04817876755883399,"B-cit, t2h"
2019-05-09/5,"B-cit, t2h",-0.0012477117565183882,"B-cit, t2h"
2019-05-24/4,"B-cit, t2h",0.10288959298214262,"B-cit, t2h"
2019-07-19/2,"B-cit, t2h",0.2668557162902967,"B-cit, t2h"
2019-05-09/4,"B-cit, va",0.02855171229789799,"B-cit, va"
2019-05-24/4,"B-cit, va",-0.011596438116455499,"B-cit, va"
2019-07-19/2,"B-cit, va",0.24613842309853906,"B-cit, va"
2019-09-12/1,"B-cit, va",0.09832987789230097,"B-cit, va"
2019-09-12/2,"B-cit, va",0.30952562033428754,"B-cit, va"
2019-03-07/2,"ECin, ECin",1.0,"ECin, ECin"
2019-03-06/4,"IaA, IaA",1.0,"IaA, IaA"
2019-03-07/2,"IaA, IaA",1.0,"IaA, IaA"
2019-05-09/4,"IaA, IaA",1.0,"IaA, IaA"
2019-05-09/5,"IaA, IaA",1.0,"IaA, IaA"
2019-05-24/4,"IaA, IaA",1.0,"IaA, IaA"
2019-07-19/2,"IaA, IaA",1.0,"IaA, IaA"
2019-09-12/1,"IaA, IaA",1.0,"IaA, IaA"
2019-09-12/2,"IaA, IaA",1.0,"IaA, IaA"
2019-03-07/2,"IaA, Lin",0.21501232689522243,"IaA, Lin"
2019-05-24/4,"IaA, Lin",0.06607733385410841,"IaA, Lin"
2019-07-19/2,"IaA, Lin",0.162090626058074,"IaA, Lin"
2019-03-06/4,"IaA, aa",0.05248003176607441,"IaA, aa"
2019-05-09/5,"IaA, benz",-0.015747826156946365,"IaA, benz"
2019-09-12/1,"IaA, benz",0.14712905895392847,"IaA, benz"
2019-09-12/2,"IaA, benz",0.1330297360974384,"IaA, benz"
2019-07-19/2,"IaA, ep",0.11792786959341583,"IaA, ep"
2019-09-12/1,"IaA, ms",0.24858839745103956,"IaA, ms"
2019-09-12/2,"IaA, ms",0.15706171305393102,"IaA, ms"
2019-03-06/4,"IaA, pa",0.557313054357697,"IaA, pa"
2019-05-09/4,"IaA, pa",0.25917518604112866,"IaA, pa"
2019-05-09/5,"IaA, pa",0.3684618243732438,"IaA, pa"
2019-09-12/1,"IaA, pa",0.8345820723822313,"IaA, pa"
2019-09-12/2,"IaA, pa",0.6382115283379048,"IaA, pa"
2019-05-09/4,"IaA, t2h",-0.048413352941946375,"IaA, t2h"
2019-05-09/5,"IaA, t2h",0.08978537280843635,"IaA, t2h"
2019-05-24/4,"IaA, t2h",0.02306236470105716,"IaA, t2h"
2019-07-19/2,"IaA, t2h",-0.035195493465246974,"IaA, t2h"
2019-03-06/4,"IaA, va",-0.03744117994278695,"IaA, va"
2019-05-09/4,"IaA, va",-0.055347169966406984,"IaA, va"
2019-05-24/4,"IaA, va",-0.02627461293760791,"IaA, va"
2019-09-12/1,"IaA, va",0.045563946442386816,"IaA, va"
2019-09-12/2,"IaA, va",-0.011818192073156819,"IaA, va"
2018-10-21/1,"Lin, Lin",1.0,"Lin, Lin"
2019-03-07/2,"Lin, Lin",1.0,"Lin, Lin"
2019-05-24/4,"Lin, Lin",1.0,"Lin, Lin"
2019-07-19/2,"Lin, Lin",1.0,"Lin, Lin"
2019-09-12/1,"Lin, Lin",1.0,"Lin, Lin"
2019-09-12/2,"Lin, Lin",1.0,"Lin, Lin"
2019-07-19/2,"Lin, benz",0.18813305323743712,"Lin, benz"
2019-09-12/1,"Lin, eb",0.35852183167444185,"Lin, eb"
2019-09-12/2,"Lin, eb",0.17622779783255238,"Lin, eb"
2019-07-19/2,"Lin, ep",0.12551842067775,"Lin, ep"
2019-09-12/1,"Lin, ep",0.2538608739266367,"Lin, ep"
2019-09-12/2,"Lin, ep",0.08585874954317563,"Lin, ep"
2018-10-21/1,"Lin, t2h",0.19921851716175376,"Lin, t2h"
2019-05-24/4,"Lin, t2h",0.10384895238547953,"Lin, t2h"
2019-07-19/2,"Lin, t2h",0.07652173067522039,"Lin, t2h"
2019-09-12/1,"Lin, t2h",0.2344735971150238,"Lin, t2h"
2019-09-12/2,"Lin, t2h",0.10685677810096972,"Lin, t2h"
2018-10-21/1,"Lin, va",0.138920512902736,"Lin, va"
2019-05-24/4,"Lin, va",-0.018616757276326945,"Lin, va"
2019-07-19/2,"Lin, va",0.15552439231895332,"Lin, va"
2019-03-06/3,"MethOct, MethOct",1.0,"MethOct, MethOct"
2019-03-07/2,"MethOct, MethOct",1.0,"MethOct, MethOct"
2019-04-26/4,"MethOct, MethOct",1.0,"MethOct, MethOct"
2019-05-09/4,"MethOct, MethOct",1.0,"MethOct, MethOct"
2019-05-09/5,"MethOct, MethOct",1.0,"MethOct, MethOct"
2019-03-06/3,"MethOct, d-dlac",0.11040458396469,"MethOct, d-dlac"
2019-03-06/3,"MethOct, g-6lac",0.21767357935280918,"MethOct, g-6lac"
2019-03-07/2,"MethOct, g-6lac",0.3765447182169679,"MethOct, g-6lac"
2019-05-09/4,"PropAc, 1p3ol",0.06224162123193444,"PropAc, 1p3ol"
2019-05-09/5,"PropAc, 1p3ol",0.10167534793935751,"PropAc, 1p3ol"
2019-05-09/4,"PropAc, MethOct",0.18444351512025836,"PropAc, MethOct"
2019-05-09/5,"PropAc, MethOct",0.35169514779577926,"PropAc, MethOct"
2019-03-06/4,"PropAc, PropAc",1.0,"PropAc, PropAc"
2019-05-09/4,"PropAc, PropAc",1.0,"PropAc, PropAc"
2019-05-09/5,"PropAc, PropAc",1.0,"PropAc, PropAc"
2019-05-09/4,"PropAc, benz",0.054288386699068436,"PropAc, benz"
2019-05-09/5,"PropAc, benz",-0.023014753661436238,"PropAc, benz"
2019-05-09/4,"PropAc, eug",-0.030978344100258903,"PropAc, eug"
2019-05-09/5,"PropAc, eug",0.007043138605969168,"PropAc, eug"
2019-03-06/4,"PropAc, va",-0.06644903628581811,"PropAc, va"
2019-05-09/4,"PropAc, va",-0.05021281898572716,"PropAc, va"
2019-05-09/5,"PropAc, va",0.02500670349383205,"PropAc, va"
2019-03-06/4,"aa, aa",1.0,"aa, aa"
2019-03-06/4,"aa, pa",-0.014971167250964035,"aa, pa"
2019-03-06/4,"aa, va",0.2666775954267625,"aa, va"
2019-05-09/4,"benz, 1p3ol",0.09677312254056525,"benz, 1p3ol"
2019-05-09/5,"benz, 1p3ol",0.1314019209355517,"benz, 1p3ol"
2019-03-07/2,"benz, ECin",0.008359430668830825,"benz, ECin"
2019-04-26/4,"benz, MethOct",0.012425888637656368,"benz, MethOct"
2019-05-09/4,"benz, MethOct",0.09916961412002279,"benz, MethOct"
2019-05-09/5,"benz, MethOct",-0.008717804369478,"benz, MethOct"
2018-10-21/1,"benz, benz",1.0,"benz, benz"
2019-03-07/2,"benz, benz",1.0,"benz, benz"
2019-04-26/4,"benz, benz",1.0,"benz, benz"
2019-05-09/4,"benz, benz",1.0,"benz, benz"
2019-05-09/5,"benz, benz",1.0,"benz, benz"
2019-05-23/2,"benz, benz",1.0,"benz, benz"
2019-05-24/1,"benz, benz",1.0,"benz, benz"
2019-05-24/3,"benz, benz",1.0,"benz, benz"
2019-05-24/4,"benz, benz",1.0,"benz, benz"
2019-07-19/2,"benz, benz",1.0,"benz, benz"
2019-09-12/1,"benz, benz",1.0,"benz, benz"
2019-09-12/2,"benz, benz",1.0,"benz, benz"
2019-03-07/2,"benz, eb",-0.02877083792092483,"benz, eb"
2019-04-26/4,"benz, eb",-0.06022994643169888,"benz, eb"
2019-05-23/2,"benz, eb",0.06077878058394204,"benz, eb"
2019-05-24/1,"benz, eb",0.0627596068706916,"benz, eb"
2019-05-24/3,"benz, eb",0.004905214730995033,"benz, eb"
2019-05-24/4,"benz, eb",-0.006272455287930079,"benz, eb"
2019-07-19/2,"benz, eb",0.08128361687030938,"benz, eb"
2019-04-26/4,"benz, ep",-0.07122447078583338,"benz, ep"
2019-05-09/4,"benz, ep",0.03773491758310721,"benz, ep"
2019-05-09/5,"benz, ep",0.0001521842227749648,"benz, ep"
2019-05-23/2,"benz, ep",0.03988759938033959,"benz, ep"
2019-05-24/1,"benz, ep",0.02655434351382424,"benz, ep"
2019-05-24/3,"benz, ep",-0.024329837261456877,"benz, ep"
2019-05-24/4,"benz, ep",-0.05439345749474689,"benz, ep"
2019-07-19/2,"benz, ep",0.1850308773077537,"benz, ep"
2019-03-07/2,"benz, eug",-0.018372957270061274,"benz, eug"
2019-04-26/4,"benz, eug",0.034262140167674815,"benz, eug"
2019-05-09/4,"benz, eug",0.15466709620035224,"benz, eug"
2019-05-09/5,"benz, eug",-0.011391508629108094,"benz, eug"
2018-10-21/1,"benz, ms",0.05203955384714276,"benz, ms"
2019-03-07/2,"benz, ms",0.04048865923002343,"benz, ms"
2019-04-26/4,"benz, ms",0.06516182018854844,"benz, ms"
2019-05-24/1,"benz, ms",0.09753281855493479,"benz, ms"
2019-05-24/3,"benz, ms",0.03471156014262977,"benz, ms"
2019-05-24/4,"benz, ms",0.0687312509502116,"benz, ms"
2019-07-19/2,"benz, ms",0.314277418889499,"benz, ms"
2019-09-12/1,"benz, ms",0.30702075139053875,"benz, ms"
2019-09-12/2,"benz, ms",0.20787900221485223,"benz, ms"
2018-10-21/1,"benz, pa",0.08503958889167196,"benz, pa"
2019-05-09/5,"benz, pa",-0.17999140919645584,"benz, pa"
2019-05-23/2,"benz, pa",0.1567157230707702,"benz, pa"
2019-05-24/1,"benz, pa",0.048724080385684765,"benz, pa"
2019-05-24/3,"benz, pa",-0.022185120730056296,"benz, pa"
2019-05-24/4,"benz, pa",0.1451147694745556,"benz, pa"
2019-07-19/2,"benz, pa",0.15393455169608838,"benz, pa"
2019-09-12/1,"benz, pa",0.11067501470076546,"benz, pa"
2019-09-12/2,"benz, pa",0.07034214885769285,"benz, pa"
2019-05-09/5,"benz, t2h",0.06635401372512317,"benz, t2h"
2019-07-19/2,"benz, t2h",0.22761113796446863,"benz, t2h"
2019-03-07/2,"benz, va",0.06319307004241403,"benz, va"
2019-05-09/4,"benz, va",0.01637637627002564,"benz, va"
2019-05-09/5,"benz, va",0.03317184498518999,"benz, va"
2019-07-19/2,"benz, va",0.20026026466927316,"benz, va"
2019-09-12/1,"benz, va",0.23375155302102546,"benz, va"
2019-09-12/2,"benz, va",-0.014764968539732193,"benz, va"
2019-03-06/3,"d-dlac, d-dlac",1.0,"d-dlac, d-dlac"
2019-03-06/3,"d-dlac, g-6lac",0.14862936042455088,"d-dlac, g-6lac"
2018-10-21/1,"eb, eb",1.0,"eb, eb"
2019-03-07/2,"eb, eb",1.0,"eb, eb"
2019-04-26/4,"eb, eb",1.0,"eb, eb"
2019-05-23/2,"eb, eb",1.0,"eb, eb"
2019-05-24/1,"eb, eb",1.0,"eb, eb"
2019-05-24/3,"eb, eb",1.0,"eb, eb"
2019-05-24/4,"eb, eb",1.0,"eb, eb"
2019-07-19/2,"eb, eb",1.0,"eb, eb"
2019-09-12/1,"eb, eb",1.0,"eb, eb"
2019-09-12/2,"eb, eb",1.0,"eb, eb"
2018-10-21/1,"eb, ep",0.6571831267147463,"eb, ep"
2019-04-26/4,"eb, ep",0.4783258856396223,"eb, ep"
2019-05-23/2,"eb, ep",0.6599651523031125,"eb, ep"
2019-05-24/1,"eb, ep",0.6668007205761957,"eb, ep"
2019-05-24/3,"eb, ep",0.5239561937459221,"eb, ep"
2019-05-24/4,"eb, ep",0.7719588889471714,"eb, ep"
2019-09-12/1,"eb, ep",0.766302844215806,"eb, ep"
2019-09-12/2,"eb, ep",0.5742932914108547,"eb, ep"
2019-03-07/2,"eb, ms",0.048348265491567566,"eb, ms"
2019-04-26/4,"eb, ms",-0.02779034636893596,"eb, ms"
2019-05-24/1,"eb, ms",0.029434799137010748,"eb, ms"
2019-05-24/3,"eb, ms",-0.01932893492963439,"eb, ms"
2019-05-24/4,"eb, ms",-0.013657166024586775,"eb, ms"
2019-07-19/2,"eb, ms",0.17650829464013285,"eb, ms"
2019-05-23/2,"eb, pa",0.22257038790720318,"eb, pa"
2019-05-24/1,"eb, pa",0.08881110333030684,"eb, pa"
2019-05-24/3,"eb, pa",0.21129247764222925,"eb, pa"
2019-05-24/4,"eb, pa",0.26975842770612235,"eb, pa"
2019-07-19/2,"eb, pa",0.24367321560658362,"eb, pa"
2019-09-12/1,"eb, t2h",0.215778998432256,"eb, t2h"
2019-09-12/2,"eb, t2h",0.20329908704603428,"eb, t2h"
2019-03-07/2,"eb, va",0.032472765722463603,"eb, va"
2019-03-06/3,"ep, MethOct",-0.04866307772902689,"ep, MethOct"
2019-04-26/4,"ep, MethOct",0.06676123628749564,"ep, MethOct"
2019-05-09/4,"ep, MethOct",0.06516461996063361,"ep, MethOct"
2019-05-09/5,"ep, MethOct",0.06367547733865575,"ep, MethOct"
2018-10-21/1,"ep, ep",1.0,"ep, ep"
2019-03-06/3,"ep, ep",1.0,"ep, ep"
2019-04-26/4,"ep, ep",1.0,"ep, ep"
2019-05-09/4,"ep, ep",1.0,"ep, ep"
2019-05-09/5,"ep, ep",1.0,"ep, ep"
2019-05-23/2,"ep, ep",1.0,"ep, ep"
2019-05-24/1,"ep, ep",1.0,"ep, ep"
2019-05-24/3,"ep, ep",1.0,"ep, ep"
2019-05-24/4,"ep, ep",1.0,"ep, ep"
2019-07-19/2,"ep, ep",1.0,"ep, ep"
2019-09-12/1,"ep, ep",1.0,"ep, ep"
2019-09-12/2,"ep, ep",1.0,"ep, ep"
2019-04-26/4,"ep, eug",-0.02745218420394635,"ep, eug"
2019-05-09/4,"ep, eug",-0.018976504018415108,"ep, eug"
2019-05-09/5,"ep, eug",0.009307267940446007,"ep, eug"
2019-03-06/3,"ep, ms",0.20738041961404186,"ep, ms"
2019-04-26/4,"ep, ms",-0.05122324439649728,"ep, ms"
2019-05-24/1,"ep, ms",0.002525284076795198,"ep, ms"
2019-05-24/3,"ep, ms",-0.03582047336070038,"ep, ms"
2019-05-24/4,"ep, ms",-0.008087843634373204,"ep, ms"
2019-05-23/2,"ep, pa",0.1474390836339029,"ep, pa"
2019-05-24/1,"ep, pa",0.07343721697022598,"ep, pa"
2019-05-24/3,"ep, pa",0.06943429135203005,"ep, pa"
2019-05-24/4,"ep, pa",0.1676160251983535,"ep, pa"
2019-07-19/2,"ep, t2h",0.007133111839411788,"ep, t2h"
2019-09-12/1,"ep, t2h",0.14301550301878763,"ep, t2h"
2019-09-12/2,"ep, t2h",0.1089678343823296,"ep, t2h"
2019-05-09/4,"ep, va",-0.04413164597538555,"ep, va"
2019-05-09/5,"ep, va",0.019184385577200813,"ep, va"
2019-07-19/2,"ep, va",0.0332927499948924,"ep, va"
2019-05-09/4,"eug, 1p3ol",0.25414584366402404,"eug, 1p3ol"
2019-05-09/5,"eug, 1p3ol",0.024904498991505153,"eug, 1p3ol"
2019-03-07/2,"eug, ECin",0.09032854927999001,"eug, ECin"
2019-04-26/4,"eug, MethOct",0.055746187674912795,"eug, MethOct"
2019-05-09/4,"eug, MethOct",0.19955498734274058,"eug, MethOct"
2019-05-09/5,"eug, MethOct",0.008749654272268592,"eug, MethOct"
2019-03-07/2,"eug, eug",1.0,"eug, eug"
2019-04-26/4,"eug, eug",1.0,"eug, eug"
2019-05-09/4,"eug, eug",1.0,"eug, eug"
2019-05-09/5,"eug, eug",1.0,"eug, eug"
2019-05-24/4,"eug, eug",1.0,"eug, eug"
2019-03-07/2,"eug, va",0.06551151891816798,"eug, va"
2019-05-09/4,"eug, va",0.06792162635939003,"eug, va"
2019-05-09/5,"eug, va",0.021405700667775807,"eug, va"
2019-05-24/4,"eug, va",0.1984708288933179,"eug, va"
2019-03-06/3,"g-6lac, g-6lac",1.0,"g-6lac, g-6lac"
2019-03-07/2,"g-6lac, g-6lac",1.0,"g-6lac, g-6lac"
2018-10-21/1,"ms, ms",1.0,"ms, ms"
2019-03-06/3,"ms, ms",1.0,"ms, ms"
2019-03-07/2,"ms, ms",1.0,"ms, ms"
2019-04-26/4,"ms, ms",1.0,"ms, ms"
2019-05-24/1,"ms, ms",1.0,"ms, ms"
2019-05-24/3,"ms, ms",1.0,"ms, ms"
2019-05-24/4,"ms, ms",1.0,"ms, ms"
2019-07-19/2,"ms, ms",1.0,"ms, ms"
2019-09-12/1,"ms, ms",1.0,"ms, ms"
2019-09-12/2,"ms, ms",1.0,"ms, ms"
2018-10-21/1,"ms, pa",0.031013070096610806,"ms, pa"
2019-05-24/1,"ms, pa",0.006375563657129546,"ms, pa"
2019-05-24/3,"ms, pa",-0.03752672761138398,"ms, pa"
2019-05-24/4,"ms, pa",0.027546200280624045,"ms, pa"
2019-07-19/2,"ms, pa",0.16022637515799076,"ms, pa"
2019-09-12/1,"ms, pa",0.23695298598279657,"ms, pa"
2019-09-12/2,"ms, pa",0.07052706468101677,"ms, pa"
2019-03-07/2,"ms, va",-0.031472869351035104,"ms, va"
2019-09-12/1,"ms, va",0.10388195251788446,"ms, va"
2019-09-12/2,"ms, va",-0.01747923368715565,"ms, va"
2018-10-21/1,"pa, pa",1.0,"pa, pa"
2019-03-06/4,"pa, pa",1.0,"pa, pa"
2019-05-09/4,"pa, pa",1.0,"pa, pa"
2019-05-09/5,"pa, pa",1.0,"pa, pa"
2019-05-23/2,"pa, pa",1.0,"pa, pa"
2019-05-24/1,"pa, pa",1.0,"pa, pa"
2019-05-24/3,"pa, pa",1.0,"pa, pa"
2019-05-24/4,"pa, pa",1.0,"pa, pa"
2019-07-19/2,"pa, pa",1.0,"pa, pa"
2019-09-12/1,"pa, pa",1.0,"pa, pa"
2019-09-12/2,"pa, pa",1.0,"pa, pa"
2018-10-21/1,"pa, t2h",-0.05733034295763151,"pa, t2h"
2019-05-09/4,"pa, t2h",-0.031055386924855766,"pa, t2h"
2019-05-09/5,"pa, t2h",-0.031922345181445655,"pa, t2h"
2019-03-06/4,"pa, va",-0.05999139309020074,"pa, va"
2019-05-09/4,"pa, va",0.006261962815792832,"pa, va"
2019-09-12/1,"pa, va",0.018468485540812818,"pa, va"
2019-09-12/2,"pa, va",0.3461611755143871,"pa, va"
2018-10-21/1,"t2h, t2h",1.0,"t2h, t2h"
2019-05-09/4,"t2h, t2h",1.0,"t2h, t2h"
2019-05-09/5,"t2h, t2h",1.0,"t2h, t2h"
2019-05-24/4,"t2h, t2h",1.0,"t2h, t2h"
2019-07-19/2,"t2h, t2h",1.0,"t2h, t2h"
2019-09-12/1,"t2h, t2h",1.0,"t2h, t2h"
2019-09-12/2,"t2h, t2h",1.0,"t2h, t2h"
2018-10-21/1,"t2h, va",0.4059309796041465,"t2h, va"
2019-05-09/4,"t2h, va",0.17958240184805352,"t2h, va"
2019-05-24/4,"t2h, va",0.24999344403438362,"t2h, va"
2019-07-19/2,"t2h, va",0.4338633603494475,"t2h, va"
2018-10-21/1,"va, va",1.0,"va, va"
2019-03-06/4,"va, va",1.0,"va, va"
2019-03-07/2,"va, va",1.0,"va, va"
2019-05-09/4,"va, va",1.0,"va, va"
2019-05-09/5,"va, va",1.0,"va, va"
2019-05-24/4,"va, va",1.0,"va, va"
2019-07-19/2,"va, va",1.0,"va, va"
2019-09-12/1,"va, va",1.0,"va, va"
2019-09-12/2,"va, va",1.0,"va, va"
2022-10-10/1,"1-5ol, 1-5ol",1.0,"1-5ol, 1-5ol"
2022-10-10/2,"1-5ol, 1-5ol",1.0,"1-5ol, 1-5ol"
2022-10-11/1,"1-5ol, 1-5ol",1.0,"1-5ol, 1-5ol"
2022-11-10/1,"1-5ol, 1-5ol",1.0,"1-5ol, 1-5ol"
2022-10-10/1,"1-5ol, 1-6ol",0.7639946129032106,"1-5ol, 1-6ol"
2022-10-10/2,"1-5ol, 1-6ol",0.8114501535881395,"1-5ol, 1-6ol"
2022-10-11/1,"1-5ol, 1-6ol",0.48482401491111693,"1-5ol, 1-6ol"
2022-11-10/1,"1-5ol, 1-6ol",0.7137224272348329,"1-5ol, 1-6ol"
2022-10-10/1,"1-5ol, 1-8ol",0.4209199128242951,"1-5ol, 1-8ol"
2022-10-10/2,"1-5ol, 1-8ol",0.4503231415158979,"1-5ol, 1-8ol"
2022-10-11/1,"1-5ol, 1-8ol",0.31632522539409136,"1-5ol, 1-8ol"
2022-11-10/1,"1-5ol, 1-8ol",0.4948754303887516,"1-5ol, 1-8ol"
2022-10-10/1,"1-5ol, 2-but",0.063235441726048,"1-5ol, 2-but"
2022-10-10/2,"1-5ol, 2-but",0.017580092959054605,"1-5ol, 2-but"
2022-10-11/1,"1-5ol, 2-but",0.18389345850750272,"1-5ol, 2-but"
2022-11-10/1,"1-5ol, 2-but",0.004269364077988835,"1-5ol, 2-but"
2022-10-10/1,"1-5ol, 2h",0.1453030678699867,"1-5ol, 2h"
2022-10-10/2,"1-5ol, 2h",0.0662643539305916,"1-5ol, 2h"
2022-10-11/1,"1-5ol, 2h",0.1283123415565045,"1-5ol, 2h"
2022-11-10/1,"1-5ol, 2h",-0.016845609063571132,"1-5ol, 2h"
2022-10-10/1,"1-5ol, 6al",0.5278382811110485,"1-5ol, 6al"
2022-10-10/2,"1-5ol, 6al",0.43072639164735516,"1-5ol, 6al"
2022-10-11/1,"1-5ol, 6al",0.3242516795212631,"1-5ol, 6al"
2022-11-10/1,"1-5ol, 6al",0.4348993108814503,"1-5ol, 6al"
2022-10-10/1,"1-5ol, B-cit",0.08493889890914019,"1-5ol, B-cit"
2022-10-10/2,"1-5ol, B-cit",0.12910146809066636,"1-5ol, B-cit"
2022-10-11/1,"1-5ol, B-cit",0.0233195271321488,"1-5ol, B-cit"
2022-11-10/1,"1-5ol, B-cit",-0.0457711315658611,"1-5ol, B-cit"
2022-10-10/1,"1-5ol, IaA",0.00132530041277501,"1-5ol, IaA"
2022-10-10/2,"1-5ol, IaA",-0.06757885321854507,"1-5ol, IaA"
2022-10-11/1,"1-5ol, IaA",0.05594034233772316,"1-5ol, IaA"
2022-11-10/1,"1-5ol, IaA",-0.05220190519484458,"1-5ol, IaA"
2022-10-10/1,"1-5ol, Lin",0.03393639623518596,"1-5ol, Lin"
2022-10-10/2,"1-5ol, Lin",-0.025076532165265064,"1-5ol, Lin"
2022-10-11/1,"1-5ol, Lin",-0.053298061636382954,"1-5ol, Lin"
2022-11-10/1,"1-5ol, Lin",-0.03116866331491419,"1-5ol, Lin"
2022-10-10/1,"1-5ol, aa",-0.0681155795164261,"1-5ol, aa"
2022-10-10/2,"1-5ol, aa",-0.055966789933784566,"1-5ol, aa"
2022-10-11/1,"1-5ol, aa",-0.1118625710248855,"1-5ol, aa"
2022-11-10/1,"1-5ol, aa",-0.14525291579683763,"1-5ol, aa"
2022-10-10/1,"1-5ol, benz",0.2802152164568332,"1-5ol, benz"
2022-10-10/2,"1-5ol, benz",0.21058325402933176,"1-5ol, benz"
2022-10-11/1,"1-5ol, benz",0.14696981006358034,"1-5ol, benz"
2022-11-10/1,"1-5ol, benz",0.14473869784929838,"1-5ol, benz"
2022-10-10/1,"1-5ol, eb",0.060468472490189606,"1-5ol, eb"
2022-10-10/2,"1-5ol, eb",0.010907934715458811,"1-5ol, eb"
2022-10-11/1,"1-5ol, eb",0.3174113945695247,"1-5ol, eb"
2022-11-10/1,"1-5ol, eb",0.059229105365991574,"1-5ol, eb"
2022-10-10/1,"1-5ol, ep",0.08250201243576716,"1-5ol, ep"
2022-10-10/2,"1-5ol, ep",0.019837260156809977,"1-5ol, ep"
2022-10-11/1,"1-5ol, ep",0.25071892846880284,"1-5ol, ep"
2022-11-10/1,"1-5ol, ep",0.0982831874134994,"1-5ol, ep"
2022-10-10/1,"1-5ol, ms",-0.025480641139600246,"1-5ol, ms"
2022-10-10/2,"1-5ol, ms",-0.039270337437507186,"1-5ol, ms"
2022-10-11/1,"1-5ol, ms",0.029342012809549955,"1-5ol, ms"
2022-11-10/1,"1-5ol, ms",-0.018260677389327018,"1-5ol, ms"
2022-10-10/1,"1-5ol, pa",0.05608130342899198,"1-5ol, pa"
2022-10-10/2,"1-5ol, pa",-0.035997776938216486,"1-5ol, pa"
2022-10-11/1,"1-5ol, pa",0.17414708494573683,"1-5ol, pa"
2022-11-10/1,"1-5ol, pa",0.07646492651750836,"1-5ol, pa"
2022-10-10/1,"1-5ol, t2h",0.28983469108258886,"1-5ol, t2h"
2022-10-10/2,"1-5ol, t2h",0.27181582958153494,"1-5ol, t2h"
2022-10-11/1,"1-5ol, t2h",0.40544652129146863,"1-5ol, t2h"
2022-11-10/1,"1-5ol, t2h",0.37641794598891276,"1-5ol, t2h"
2022-10-10/1,"1-5ol, va",-0.1200052848260893,"1-5ol, va"
2022-10-10/2,"1-5ol, va",-0.05093811600562481,"1-5ol, va"
2022-10-11/1,"1-5ol, va",-0.12757008250733093,"1-5ol, va"
2022-11-10/1,"1-5ol, va",-0.12004053487683297,"1-5ol, va"
2022-09-21/1,"1-6ol, 1-6ol",1.0,"1-6ol, 1-6ol"
2022-09-22/2,"1-6ol, 1-6ol",1.0,"1-6ol, 1-6ol"
2022-09-26/1,"1-6ol, 1-6ol",1.0,"1-6ol, 1-6ol"
2022-09-26/3,"1-6ol, 1-6ol",1.0,"1-6ol, 1-6ol"
2022-10-10/1,"1-6ol, 1-6ol",1.0,"1-6ol, 1-6ol"
2022-10-10/2,"1-6ol, 1-6ol",1.0,"1-6ol, 1-6ol"
2022-10-11/1,"1-6ol, 1-6ol",1.0,"1-6ol, 1-6ol"
2022-11-10/1,"1-6ol, 1-6ol",1.0,"1-6ol, 1-6ol"
2022-10-10/1,"1-6ol, 1-8ol",0.5580622981716742,"1-6ol, 1-8ol"
2022-10-10/2,"1-6ol, 1-8ol",0.49207893342971465,"1-6ol, 1-8ol"
2022-10-11/1,"1-6ol, 1-8ol",0.4107345408511931,"1-6ol, 1-8ol"
2022-11-10/1,"1-6ol, 1-8ol",0.5763623581368591,"1-6ol, 1-8ol"
2022-09-21/1,"1-6ol, 1p3ol",-0.07154733310983685,"1-6ol, 1p3ol"
2022-09-22/2,"1-6ol, 1p3ol",-0.16160716228173255,"1-6ol, 1p3ol"
2022-09-26/1,"1-6ol, 1p3ol",-0.05376474727419156,"1-6ol, 1p3ol"
2022-09-26/3,"1-6ol, 1p3ol",-0.05557095780265797,"1-6ol, 1p3ol"
2022-09-21/1,"1-6ol, 2-but",-0.08673185447214649,"1-6ol, 2-but"
2022-09-22/2,"1-6ol, 2-but",-0.11690848972337009,"1-6ol, 2-but"
2022-09-26/1,"1-6ol, 2-but",-0.054770359502522625,"1-6ol, 2-but"
2022-09-26/3,"1-6ol, 2-but",-0.07581946366977399,"1-6ol, 2-but"
2022-10-10/1,"1-6ol, 2-but",0.0018569625502251608,"1-6ol, 2-but"
2022-10-10/2,"1-6ol, 2-but",-0.03161369907648859,"1-6ol, 2-but"
2022-10-11/1,"1-6ol, 2-but",0.08168408723060416,"1-6ol, 2-but"
2022-11-10/1,"1-6ol, 2-but",-0.07050536708876498,"1-6ol, 2-but"
2022-10-10/1,"1-6ol, 2h",0.10013102070403179,"1-6ol, 2h"
2022-10-10/2,"1-6ol, 2h",0.14459049558254478,"1-6ol, 2h"
2022-10-11/1,"1-6ol, 2h",0.33589196013102907,"1-6ol, 2h"
2022-11-10/1,"1-6ol, 2h",0.06301491290744443,"1-6ol, 2h"
2022-10-10/1,"1-6ol, 6al",0.34853022745301176,"1-6ol, 6al"
2022-10-10/2,"1-6ol, 6al",0.36004045799364937,"1-6ol, 6al"
2022-10-11/1,"1-6ol, 6al",0.3280964158086489,"1-6ol, 6al"
2022-11-10/1,"1-6ol, 6al",0.37115962489804,"1-6ol, 6al"
2022-10-10/1,"1-6ol, B-cit",0.11869728437938798,"1-6ol, B-cit"
2022-10-10/2,"1-6ol, B-cit",0.12408495519301999,"1-6ol, B-cit"
2022-10-11/1,"1-6ol, B-cit",0.10222682200993805,"1-6ol, B-cit"
2022-11-10/1,"1-6ol, B-cit",0.02625540038985885,"1-6ol, B-cit"
2022-09-21/1,"1-6ol, ECin",-0.08412251727620768,"1-6ol, ECin"
2022-09-22/2,"1-6ol, ECin",-0.10868393755530792,"1-6ol, ECin"
2022-09-26/1,"1-6ol, ECin",-0.05308537501080046,"1-6ol, ECin"
2022-09-26/3,"1-6ol, ECin",-0.026106291009321936,"1-6ol, ECin"
2022-10-10/1,"1-6ol, IaA",-0.03508662940532492,"1-6ol, IaA"
2022-10-10/2,"1-6ol, IaA",-0.03721450815825755,"1-6ol, IaA"
2022-10-11/1,"1-6ol, IaA",0.13403301884825192,"1-6ol, IaA"
2022-11-10/1,"1-6ol, IaA",-0.0703091144063448,"1-6ol, IaA"
2022-10-10/1,"1-6ol, Lin",0.09971058777343966,"1-6ol, Lin"
2022-10-10/2,"1-6ol, Lin",0.004226117775180449,"1-6ol, Lin"
2022-10-11/1,"1-6ol, Lin",0.11051860307592198,"1-6ol, Lin"
2022-11-10/1,"1-6ol, Lin",0.03519278469646003,"1-6ol, Lin"
2022-09-21/1,"1-6ol, MethOct",-0.041822464192530884,"1-6ol, MethOct"
2022-09-22/2,"1-6ol, MethOct",-0.10876150500133641,"1-6ol, MethOct"
2022-09-26/1,"1-6ol, MethOct",-0.10072053113777191,"1-6ol, MethOct"
2022-09-26/3,"1-6ol, MethOct",-0.009435206512534489,"1-6ol, MethOct"
2022-09-21/1,"1-6ol, PropAc",-0.046352192770058975,"1-6ol, PropAc"
2022-09-22/2,"1-6ol, PropAc",-0.07337124181970522,"1-6ol, PropAc"
2022-09-26/1,"1-6ol, PropAc",0.024287863820062983,"1-6ol, PropAc"
2022-09-26/3,"1-6ol, PropAc",-0.06330190251479273,"1-6ol, PropAc"
2022-10-10/1,"1-6ol, aa",-0.07181658282955561,"1-6ol, aa"
2022-10-10/2,"1-6ol, aa",-0.06125103560363576,"1-6ol, aa"
2022-10-11/1,"1-6ol, aa",-0.2066257811542167,"1-6ol, aa"
2022-11-10/1,"1-6ol, aa",-0.11224460935781289,"1-6ol, aa"
2022-09-21/1,"1-6ol, benz",-0.003411963276245933,"1-6ol, benz"
2022-09-22/2,"1-6ol, benz",0.04725790930214879,"1-6ol, benz"
2022-09-26/1,"1-6ol, benz",0.003591540289786588,"1-6ol, benz"
2022-09-26/3,"1-6ol, benz",0.05340045278551919,"1-6ol, benz"
2022-10-10/1,"1-6ol, benz",0.1950680133804168,"1-6ol, benz"
2022-10-10/2,"1-6ol, benz",0.14111141964262353,"1-6ol, benz"
2022-10-11/1,"1-6ol, benz",0.11398754319183824,"1-6ol, benz"
2022-11-10/1,"1-6ol, benz",0.044992948707509806,"1-6ol, benz"
2022-09-21/1,"1-6ol, d-dlac",0.12403153203968853,"1-6ol, d-dlac"
2022-09-22/2,"1-6ol, d-dlac",0.028824293949364366,"1-6ol, d-dlac"
2022-09-26/1,"1-6ol, d-dlac",0.01538946812767783,"1-6ol, d-dlac"
2022-09-26/3,"1-6ol, d-dlac",0.16567228827232128,"1-6ol, d-dlac"
2022-10-10/1,"1-6ol, eb",-0.0014970575399291253,"1-6ol, eb"
2022-10-10/2,"1-6ol, eb",-0.04561722327774831,"1-6ol, eb"
2022-10-11/1,"1-6ol, eb",0.15355931082166108,"1-6ol, eb"
2022-11-10/1,"1-6ol, eb",0.012583310912764434,"1-6ol, eb"
2022-10-10/1,"1-6ol, ep",0.014591422208861227,"1-6ol, ep"
2022-10-10/2,"1-6ol, ep",-0.05124799835871907,"1-6ol, ep"
2022-10-11/1,"1-6ol, ep",0.2088231496162276,"1-6ol, ep"
2022-11-10/1,"1-6ol, ep",0.016856585749433606,"1-6ol, ep"
2022-09-26/1,"1-6ol, eug",-0.10160988981553576,"1-6ol, eug"
2022-09-26/3,"1-6ol, eug",-0.060766192638118444,"1-6ol, eug"
2022-09-21/1,"1-6ol, g-6lac",-0.0014699142950549415,"1-6ol, g-6lac"
2022-09-22/2,"1-6ol, g-6lac",0.0736425076056556,"1-6ol, g-6lac"
2022-09-26/1,"1-6ol, g-6lac",0.019371136830876767,"1-6ol, g-6lac"
2022-09-26/3,"1-6ol, g-6lac",0.12343757495161045,"1-6ol, g-6lac"
2022-10-10/1,"1-6ol, ms",-0.028590055001786352,"1-6ol, ms"
2022-10-10/2,"1-6ol, ms",-0.040684371258260965,"1-6ol, ms"
2022-10-11/1,"1-6ol, ms",-0.0735061266315149,"1-6ol, ms"
2022-11-10/1,"1-6ol, ms",-0.010892858904286928,"1-6ol, ms"
2022-10-10/1,"1-6ol, pa",0.09285813604846804,"1-6ol, pa"
2022-10-10/2,"1-6ol, pa",0.027636275235012442,"1-6ol, pa"
2022-10-11/1,"1-6ol, pa",0.2553875517926054,"1-6ol, pa"
2022-11-10/1,"1-6ol, pa",0.16085699436115353,"1-6ol, pa"
2022-10-10/1,"1-6ol, t2h",0.21941643569361347,"1-6ol, t2h"
2022-10-10/2,"1-6ol, t2h",0.280786953951798,"1-6ol, t2h"
2022-10-11/1,"1-6ol, t2h",0.2001066655239757,"1-6ol, t2h"
2022-11-10/1,"1-6ol, t2h",0.3393012463922235,"1-6ol, t2h"
2022-10-10/1,"1-6ol, va",-0.13039494162533782,"1-6ol, va"
2022-10-10/2,"1-6ol, va",-0.060903294885052084,"1-6ol, va"
2022-10-11/1,"1-6ol, va",-0.1175046626226639,"1-6ol, va"
2022-11-10/1,"1-6ol, va",-0.08978166954161582,"1-6ol, va"
2022-10-10/1,"1-8ol, 1-8ol",1.0,"1-8ol, 1-8ol"
2022-10-10/2,"1-8ol, 1-8ol",1.0,"1-8ol, 1-8ol"
2022-10-11/1,"1-8ol, 1-8ol",1.0,"1-8ol, 1-8ol"
2022-11-10/1,"1-8ol, 1-8ol",1.0,"1-8ol, 1-8ol"
2022-10-10/1,"1-8ol, 2-but",0.07193716242444803,"1-8ol, 2-but"
2022-10-10/2,"1-8ol, 2-but",0.10755023801472963,"1-8ol, 2-but"
2022-10-11/1,"1-8ol, 2-but",0.059867393601948815,"1-8ol, 2-but"
2022-11-10/1,"1-8ol, 2-but",0.053183139562028026,"1-8ol, 2-but"
2022-10-10/1,"1-8ol, 2h",0.057318380262842195,"1-8ol, 2h"
2022-10-10/2,"1-8ol, 2h",0.010065682060831582,"1-8ol, 2h"
2022-10-11/1,"1-8ol, 2h",0.07154033015973837,"1-8ol, 2h"
2022-11-10/1,"1-8ol, 2h",0.05301869346884236,"1-8ol, 2h"
2022-10-10/1,"1-8ol, 6al",0.20881477198593446,"1-8ol, 6al"
2022-10-10/2,"1-8ol, 6al",0.13933362545337735,"1-8ol, 6al"
2022-10-11/1,"1-8ol, 6al",0.3459187239254722,"1-8ol, 6al"
2022-11-10/1,"1-8ol, 6al",0.32282940596818865,"1-8ol, 6al"
2022-10-10/1,"1-8ol, B-cit",0.3350426336466633,"1-8ol, B-cit"
2022-10-10/2,"1-8ol, B-cit",0.4234623489805607,"1-8ol, B-cit"
2022-10-11/1,"1-8ol, B-cit",0.45205093829200294,"1-8ol, B-cit"
2022-11-10/1,"1-8ol, B-cit",0.1819737562723911,"1-8ol, B-cit"
2022-10-10/1,"1-8ol, IaA",-0.03236842285580033,"1-8ol, IaA"
2022-10-10/2,"1-8ol, IaA",-0.04233019042621211,"1-8ol, IaA"
2022-10-11/1,"1-8ol, IaA",-0.0328661110520021,"1-8ol, IaA"
2022-11-10/1,"1-8ol, IaA",-0.05753708255407841,"1-8ol, IaA"
2022-10-10/1,"1-8ol, Lin",0.323542328011571,"1-8ol, Lin"
2022-10-10/2,"1-8ol, Lin",0.1956399932517756,"1-8ol, Lin"
2022-10-11/1,"1-8ol, Lin",0.3176810974406383,"1-8ol, Lin"
2022-11-10/1,"1-8ol, Lin",0.09580227353628279,"1-8ol, Lin"
2022-10-10/1,"1-8ol, aa",-0.004001827963660887,"1-8ol, aa"
2022-10-10/2,"1-8ol, aa",-0.013987467102666296,"1-8ol, aa"
2022-10-11/1,"1-8ol, aa",0.002282724080288401,"1-8ol, aa"
2022-11-10/1,"1-8ol, aa",-0.04521375610339984,"1-8ol, aa"
2022-10-10/1,"1-8ol, benz",0.07857511899240399,"1-8ol, benz"
2022-10-10/2,"1-8ol, benz",0.04646056270233656,"1-8ol, benz"
2022-10-11/1,"1-8ol, benz",0.0433095729181574,"1-8ol, benz"
2022-11-10/1,"1-8ol, benz",0.02103621773019837,"1-8ol, benz"
2022-10-10/1,"1-8ol, eb",0.004080054656892984,"1-8ol, eb"
2022-10-10/2,"1-8ol, eb",0.013931161917262402,"1-8ol, eb"
2022-10-11/1,"1-8ol, eb",0.1280263210230178,"1-8ol, eb"
2022-11-10/1,"1-8ol, eb",0.09911123366252916,"1-8ol, eb"
2022-10-10/1,"1-8ol, ep",0.036049604325532836,"1-8ol, ep"
2022-10-10/2,"1-8ol, ep",0.04697462895850202,"1-8ol, ep"
2022-10-11/1,"1-8ol, ep",0.07349281115783124,"1-8ol, ep"
2022-11-10/1,"1-8ol, ep",0.14326985645462242,"1-8ol, ep"
2022-10-10/1,"1-8ol, ms",0.029050852407366046,"1-8ol, ms"
2022-10-10/2,"1-8ol, ms",0.045786507415165545,"1-8ol, ms"
2022-10-11/1,"1-8ol, ms",0.037379392915319776,"1-8ol, ms"
2022-11-10/1,"1-8ol, ms",0.001922592855207239,"1-8ol, ms"
2022-10-10/1,"1-8ol, pa",0.08185471884280304,"1-8ol, pa"
2022-10-10/2,"1-8ol, pa",-0.009625335999648321,"1-8ol, pa"
2022-10-11/1,"1-8ol, pa",-0.0012435242878721109,"1-8ol, pa"
2022-11-10/1,"1-8ol, pa",0.06751070743083976,"1-8ol, pa"
2022-10-10/1,"1-8ol, t2h",0.2134674985563323,"1-8ol, t2h"
2022-10-10/2,"1-8ol, t2h",0.208752056235616,"1-8ol, t2h"
2022-10-11/1,"1-8ol, t2h",0.2221007412073983,"1-8ol, t2h"
2022-11-10/1,"1-8ol, t2h",0.22549694489672412,"1-8ol, t2h"
2022-10-10/1,"1-8ol, va",-0.07810553499114081,"1-8ol, va"
2022-10-10/2,"1-8ol, va",0.007699675603942802,"1-8ol, va"
2022-10-11/1,"1-8ol, va",0.15036762521500036,"1-8ol, va"
2022-11-10/1,"1-8ol, va",-0.010466078070360485,"1-8ol, va"
2022-09-21/1,"1p3ol, 1p3ol",1.0,"1p3ol, 1p3ol"
2022-09-22/2,"1p3ol, 1p3ol",1.0,"1p3ol, 1p3ol"
2022-09-26/1,"1p3ol, 1p3ol",1.0,"1p3ol, 1p3ol"
2022-09-26/3,"1p3ol, 1p3ol",1.0,"1p3ol, 1p3ol"
2022-09-21/1,"1p3ol, ECin",-0.06970759561340856,"1p3ol, ECin"
2022-09-22/2,"1p3ol, ECin",-0.03128296457825641,"1p3ol, ECin"
2022-09-26/1,"1p3ol, ECin",-0.07340288447058274,"1p3ol, ECin"
2022-09-26/3,"1p3ol, ECin",0.03019195033812838,"1p3ol, ECin"
2022-09-21/1,"1p3ol, MethOct",0.08075934836576137,"1p3ol, MethOct"
2022-09-22/2,"1p3ol, MethOct",0.02770630490031123,"1p3ol, MethOct"
2022-09-26/1,"1p3ol, MethOct",-0.07346358083258808,"1p3ol, MethOct"
2022-09-26/3,"1p3ol, MethOct",0.08819113128047196,"1p3ol, MethOct"
2022-09-21/1,"1p3ol, d-dlac",0.2151413860769601,"1p3ol, d-dlac"
2022-09-22/2,"1p3ol, d-dlac",0.2027673195155849,"1p3ol, d-dlac"
2022-09-26/1,"1p3ol, d-dlac",0.3482760134299434,"1p3ol, d-dlac"
2022-09-26/3,"1p3ol, d-dlac",0.28746219074852386,"1p3ol, d-dlac"
2022-09-21/1,"1p3ol, g-6lac",0.22841430638399896,"1p3ol, g-6lac"
2022-09-22/2,"1p3ol, g-6lac",0.31467472784171424,"1p3ol, g-6lac"
2022-09-26/1,"1p3ol, g-6lac",0.3840473186417779,"1p3ol, g-6lac"
2022-09-26/3,"1p3ol, g-6lac",0.47687388013570775,"1p3ol, g-6lac"
2022-09-21/1,"2-but, 1p3ol",0.03699164296496815,"2-but, 1p3ol"
2022-09-22/2,"2-but, 1p3ol",-0.05979672025626903,"2-but, 1p3ol"
2022-09-26/1,"2-but, 1p3ol",0.0174185095459648,"2-but, 1p3ol"
2022-09-26/3,"2-but, 1p3ol",0.22813131977200718,"2-but, 1p3ol"
2022-09-21/1,"2-but, 2-but",1.0,"2-but, 2-but"
2022-09-22/2,"2-but, 2-but",1.0,"2-but, 2-but"
2022-09-26/1,"2-but, 2-but",1.0,"2-but, 2-but"
2022-09-26/3,"2-but, 2-but",1.0,"2-but, 2-but"
2022-10-10/1,"2-but, 2-but",1.0,"2-but, 2-but"
2022-10-10/2,"2-but, 2-but",1.0,"2-but, 2-but"
2022-10-11/1,"2-but, 2-but",1.0,"2-but, 2-but"
2022-11-10/1,"2-but, 2-but",1.0,"2-but, 2-but"
2022-10-10/1,"2-but, 2h",0.023616895011206007,"2-but, 2h"
2022-10-10/2,"2-but, 2h",-0.02963783269717557,"2-but, 2h"
2022-10-11/1,"2-but, 2h",0.00028723093160321067,"2-but, 2h"
2022-11-10/1,"2-but, 2h",0.03092710867530879,"2-but, 2h"
2022-10-10/1,"2-but, 6al",0.15898176544623666,"2-but, 6al"
2022-10-10/2,"2-but, 6al",0.09064878653102937,"2-but, 6al"
2022-10-11/1,"2-but, 6al",-0.0016233640519014436,"2-but, 6al"
2022-11-10/1,"2-but, 6al",0.011120490659342397,"2-but, 6al"
2022-10-10/1,"2-but, B-cit",0.03640345518312482,"2-but, B-cit"
2022-10-10/2,"2-but, B-cit",0.15799305045855672,"2-but, B-cit"
2022-10-11/1,"2-but, B-cit",-0.029241972968675922,"2-but, B-cit"
2022-11-10/1,"2-but, B-cit",0.09462050847269077,"2-but, B-cit"
2022-09-21/1,"2-but, ECin",-0.0984768976166539,"2-but, ECin"
2022-09-22/2,"2-but, ECin",-0.0838526747864754,"2-but, ECin"
2022-09-26/1,"2-but, ECin",-0.054098157135469505,"2-but, ECin"
2022-09-26/3,"2-but, ECin",-0.08002956621452761,"2-but, ECin"
2022-10-10/1,"2-but, IaA",-0.07157883033094392,"2-but, IaA"
2022-10-10/2,"2-but, IaA",-0.10923138979929892,"2-but, IaA"
2022-10-11/1,"2-but, IaA",-0.02803154213461312,"2-but, IaA"
2022-11-10/1,"2-but, IaA",-0.10731184356299872,"2-but, IaA"
2022-10-10/1,"2-but, Lin",-0.01915479354887295,"2-but, Lin"
2022-10-10/2,"2-but, Lin",0.11342027422364209,"2-but, Lin"
2022-10-11/1,"2-but, Lin",-0.10964186687629107,"2-but, Lin"
2022-11-10/1,"2-but, Lin",-0.01774878602324792,"2-but, Lin"
2022-09-21/1,"2-but, MethOct",-0.0213296707027395,"2-but, MethOct"
2022-09-22/2,"2-but, MethOct",-0.14630430909477354,"2-but, MethOct"
2022-09-26/1,"2-but, MethOct",-0.06336610900345874,"2-but, MethOct"
2022-09-26/3,"2-but, MethOct",-0.05283557889353241,"2-but, MethOct"
2022-09-21/1,"2-but, PropAc",0.17856418442363653,"2-but, PropAc"
2022-09-22/2,"2-but, PropAc",0.2184957524894039,"2-but, PropAc"
2022-09-26/1,"2-but, PropAc",0.28666982546316433,"2-but, PropAc"
2022-09-26/3,"2-but, PropAc",0.3829786661462574,"2-but, PropAc"
2022-10-10/1,"2-but, aa",0.0004779925480198344,"2-but, aa"
2022-10-10/2,"2-but, aa",0.012196988176257362,"2-but, aa"
2022-10-11/1,"2-but, aa",0.040364916282566,"2-but, aa"
2022-11-10/1,"2-but, aa",0.08326486844655157,"2-but, aa"
2022-09-21/1,"2-but, benz",-0.15946048769730004,"2-but, benz"
2022-09-22/2,"2-but, benz",-0.21725973594027637,"2-but, benz"
2022-09-26/1,"2-but, benz",-0.14984988075195438,"2-but, benz"
2022-09-26/3,"2-but, benz",-0.18962285783613608,"2-but, benz"
2022-10-10/1,"2-but, benz",-0.04248883843420459,"2-but, benz"
2022-10-10/2,"2-but, benz",-0.04635589150605224,"2-but, benz"
2022-10-11/1,"2-but, benz",-0.09500622905656497,"2-but, benz"
2022-11-10/1,"2-but, benz",-0.09069223652113889,"2-but, benz"
2022-09-21/1,"2-but, d-dlac",-0.061475210346750186,"2-but, d-dlac"
2022-09-22/2,"2-but, d-dlac",-0.18814822492394123,"2-but, d-dlac"
2022-09-26/1,"2-but, d-dlac",-0.07455077326809789,"2-but, d-dlac"
2022-09-26/3,"2-but, d-dlac",0.022791294503562765,"2-but, d-dlac"
2022-10-10/1,"2-but, eb",0.26054067461318386,"2-but, eb"
2022-10-10/2,"2-but, eb",0.14423524121661924,"2-but, eb"
2022-10-11/1,"2-but, eb",0.4139658325268005,"2-but, eb"
2022-11-10/1,"2-but, eb",0.11693059995744548,"2-but, eb"
2022-10-10/1,"2-but, ep",0.5332435615608666,"2-but, ep"
2022-10-10/2,"2-but, ep",0.49053942770374037,"2-but, ep"
2022-10-11/1,"2-but, ep",0.6280881461263902,"2-but, ep"
2022-11-10/1,"2-but, ep",0.5105349444166283,"2-but, ep"
2022-09-26/1,"2-but, eug",-0.02486989887527913,"2-but, eug"
2022-09-26/3,"2-but, eug",0.0020918162331443613,"2-but, eug"
2022-09-21/1,"2-but, g-6lac",-0.02589086260976403,"2-but, g-6lac"
2022-09-22/2,"2-but, g-6lac",-0.05932190522819458,"2-but, g-6lac"
2022-09-26/1,"2-but, g-6lac",-0.08820800628910597,"2-but, g-6lac"
2022-09-26/3,"2-but, g-6lac",0.01709529140962962,"2-but, g-6lac"
2022-10-10/1,"2-but, ms",0.08301108320291717,"2-but, ms"
2022-10-10/2,"2-but, ms",-0.010157689996623809,"2-but, ms"
2022-10-11/1,"2-but, ms",0.2390383477544138,"2-but, ms"
2022-11-10/1,"2-but, ms",0.02819466371103818,"2-but, ms"
2022-10-10/1,"2-but, pa",-0.09050066037835736,"2-but, pa"
2022-10-10/2,"2-but, pa",-0.11651153454455954,"2-but, pa"
2022-10-11/1,"2-but, pa",-0.0925704232806901,"2-but, pa"
2022-11-10/1,"2-but, pa",-0.10473591942038274,"2-but, pa"
2022-10-10/1,"2-but, t2h",0.008035094071895177,"2-but, t2h"
2022-10-10/2,"2-but, t2h",0.0015448561116512272,"2-but, t2h"
2022-10-11/1,"2-but, t2h",-0.010840509022883804,"2-but, t2h"
2022-11-10/1,"2-but, t2h",-0.011525623903982929,"2-but, t2h"
2022-10-10/1,"2-but, va",0.05540176087152682,"2-but, va"
2022-10-10/2,"2-but, va",0.10319714945798142,"2-but, va"
2022-10-11/1,"2-but, va",-0.035773126287179435,"2-but, va"
2022-11-10/1,"2-but, va",-0.007094054618156154,"2-but, va"
2022-10-10/1,"2h, 2h",1.0,"2h, 2h"
2022-10-10/2,"2h, 2h",1.0,"2h, 2h"
2022-10-11/1,"2h, 2h",1.0,"2h, 2h"
2022-11-10/1,"2h, 2h",1.0,"2h, 2h"
2022-10-10/1,"2h, 6al",0.21115039065526786,"2h, 6al"
2022-10-10/2,"2h, 6al",0.1616960542649195,"2h, 6al"
2022-10-11/1,"2h, 6al",0.1692121968206104,"2h, 6al"
2022-11-10/1,"2h, 6al",0.17119160839511927,"2h, 6al"
2022-10-10/1,"2h, B-cit",-0.03945789863353677,"2h, B-cit"
2022-10-10/2,"2h, B-cit",-0.01744381747165824,"2h, B-cit"
2022-10-11/1,"2h, B-cit",0.03706113605150818,"2h, B-cit"
2022-11-10/1,"2h, B-cit",0.04661890234987165,"2h, B-cit"
2022-10-10/1,"2h, IaA",0.39189206548784483,"2h, IaA"
2022-10-10/2,"2h, IaA",0.3087379933553275,"2h, IaA"
2022-10-11/1,"2h, IaA",0.5611004723979061,"2h, IaA"
2022-11-10/1,"2h, IaA",0.4748879984815648,"2h, IaA"
2022-10-10/1,"2h, Lin",0.20760838464428122,"2h, Lin"
2022-10-10/2,"2h, Lin",0.21135773928047685,"2h, Lin"
2022-10-11/1,"2h, Lin",0.21475786621909687,"2h, Lin"
2022-11-10/1,"2h, Lin",0.09733351613574659,"2h, Lin"
2022-10-10/1,"2h, aa",0.044514445236557565,"2h, aa"
2022-10-10/2,"2h, aa",0.11470072561501987,"2h, aa"
2022-10-11/1,"2h, aa",-0.03699427440513192,"2h, aa"
2022-11-10/1,"2h, aa",0.06846381241234578,"2h, aa"
2022-10-10/1,"2h, benz",0.12286853354021754,"2h, benz"
2022-10-10/2,"2h, benz",0.12194897907521707,"2h, benz"
2022-10-11/1,"2h, benz",0.08114103912921744,"2h, benz"
2022-11-10/1,"2h, benz",-0.0957732237260791,"2h, benz"
2022-10-10/1,"2h, eb",0.06984059947460042,"2h, eb"
2022-10-10/2,"2h, eb",0.029344329670167646,"2h, eb"
2022-10-11/1,"2h, eb",0.1463885792866748,"2h, eb"
2022-11-10/1,"2h, eb",0.12044041489442503,"2h, eb"
2022-10-10/1,"2h, ep",-0.03366519120204936,"2h, ep"
2022-10-10/2,"2h, ep",-0.06903790007800881,"2h, ep"
2022-10-11/1,"2h, ep",0.03827804978022664,"2h, ep"
2022-11-10/1,"2h, ep",0.04833957005855716,"2h, ep"
2022-10-10/1,"2h, ms",-0.007781953975307898,"2h, ms"
2022-10-10/2,"2h, ms",-0.01303001007803184,"2h, ms"
2022-10-11/1,"2h, ms",-0.09251070392521488,"2h, ms"
2022-11-10/1,"2h, ms",-0.13688009317136385,"2h, ms"
2022-10-10/1,"2h, pa",0.5016208130419805,"2h, pa"
2022-10-10/2,"2h, pa",0.49104130232642884,"2h, pa"
2022-10-11/1,"2h, pa",0.6092120159450232,"2h, pa"
2022-11-10/1,"2h, pa",0.5842111786070735,"2h, pa"
2022-10-10/1,"2h, t2h",0.12093437641621063,"2h, t2h"
2022-10-10/2,"2h, t2h",0.12358729653600964,"2h, t2h"
2022-10-11/1,"2h, t2h",0.08706376239987879,"2h, t2h"
2022-11-10/1,"2h, t2h",0.0400411341341832,"2h, t2h"
2022-10-10/1,"2h, va",0.04699377444076236,"2h, va"
2022-10-10/2,"2h, va",0.10249506399155739,"2h, va"
2022-10-11/1,"2h, va",0.011626953424702768,"2h, va"
2022-11-10/1,"2h, va",-0.008051894706157414,"2h, va"
2022-10-10/1,"6al, 6al",1.0,"6al, 6al"
2022-10-10/2,"6al, 6al",1.0,"6al, 6al"
2022-10-11/1,"6al, 6al",1.0,"6al, 6al"
2022-11-10/1,"6al, 6al",1.0,"6al, 6al"
2022-10-10/1,"6al, B-cit",0.1275513447251153,"6al, B-cit"
2022-10-10/2,"6al, B-cit",0.06427440164173004,"6al, B-cit"
2022-10-11/1,"6al, B-cit",0.11594423270122844,"6al, B-cit"
2022-11-10/1,"6al, B-cit",0.1021305415924827,"6al, B-cit"
2022-10-10/1,"6al, IaA",-0.1135140613518617,"6al, IaA"
2022-10-10/2,"6al, IaA",-0.08738058232387691,"6al, IaA"
2022-10-11/1,"6al, IaA",-0.05328362296722089,"6al, IaA"
2022-11-10/1,"6al, IaA",-0.08476557358813408,"6al, IaA"
2022-10-10/1,"6al, Lin",-0.0397642556827158,"6al, Lin"
2022-10-10/2,"6al, Lin",-0.02372672355000005,"6al, Lin"
2022-10-11/1,"6al, Lin",-0.0037701107900760533,"6al, Lin"
2022-11-10/1,"6al, Lin",0.018921370783200442,"6al, Lin"
2022-10-10/1,"6al, aa",0.09314297381760761,"6al, aa"
2022-10-10/2,"6al, aa",0.1254820519382822,"6al, aa"
2022-10-11/1,"6al, aa",0.10399810353229855,"6al, aa"
2022-11-10/1,"6al, aa",-0.046094711987991754,"6al, aa"
2022-10-10/1,"6al, benz",0.303591369164827,"6al, benz"
2022-10-10/2,"6al, benz",0.25147925703747975,"6al, benz"
2022-10-11/1,"6al, benz",0.13709969031415659,"6al, benz"
2022-11-10/1,"6al, benz",0.17046422229316216,"6al, benz"
2022-10-10/1,"6al, eb",0.026538339004288813,"6al, eb"
2022-10-10/2,"6al, eb",0.022840466798703773,"6al, eb"
2022-10-11/1,"6al, eb",0.024485199435263616,"6al, eb"
2022-11-10/1,"6al, eb",-0.010762361554690791,"6al, eb"
2022-10-10/1,"6al, ep",-0.03325809221514753,"6al, ep"
2022-10-10/2,"6al, ep",-0.03465171098373521,"6al, ep"
2022-10-11/1,"6al, ep",-0.01763076507364625,"6al, ep"
2022-11-10/1,"6al, ep",-0.03255978563553108,"6al, ep"
2022-10-10/1,"6al, ms",-0.01358567649057707,"6al, ms"
2022-10-10/2,"6al, ms",-0.05449596888269315,"6al, ms"
2022-10-11/1,"6al, ms",-0.09915659009233391,"6al, ms"
2022-11-10/1,"6al, ms",-0.062061052851811294,"6al, ms"
2022-10-10/1,"6al, pa",-0.06015399682883893,"6al, pa"
2022-10-10/2,"6al, pa",-0.048064049472242854,"6al, pa"
2022-10-11/1,"6al, pa",0.013054730253444391,"6al, pa"
2022-11-10/1,"6al, pa",0.00826875832558882,"6al, pa"
2022-10-10/1,"6al, t2h",0.5928986791610835,"6al, t2h"
2022-10-10/2,"6al, t2h",0.5214433132263644,"6al, t2h"
2022-10-11/1,"6al, t2h",0.6185328420978942,"6al, t2h"
2022-11-10/1,"6al, t2h",0.6671366127158228,"6al, t2h"
2022-10-10/1,"6al, va",0.1853259225857975,"6al, va"
2022-10-10/2,"6al, va",0.18297170238545013,"6al, va"
2022-10-11/1,"6al, va",0.16099369563007504,"6al, va"
2022-11-10/1,"6al, va",-0.033993334975437994,"6al, va"
2022-10-10/1,"B-cit, B-cit",1.0,"B-cit, B-cit"
2022-10-10/2,"B-cit, B-cit",1.0,"B-cit, B-cit"
2022-10-11/1,"B-cit, B-cit",1.0,"B-cit, B-cit"
2022-11-10/1,"B-cit, B-cit",1.0,"B-cit, B-cit"
2022-10-10/1,"B-cit, IaA",-0.02087252716709509,"B-cit, IaA"
2022-10-10/2,"B-cit, IaA",0.01245570039945243,"B-cit, IaA"
2022-10-11/1,"B-cit, IaA",-0.004567179894807261,"B-cit, IaA"
2022-11-10/1,"B-cit, IaA",-0.08262399849520885,"B-cit, IaA"
2022-10-10/1,"B-cit, Lin",0.1443205093804958,"B-cit, Lin"
2022-10-10/2,"B-cit, Lin",0.3307202656287238,"B-cit, Lin"
2022-10-11/1,"B-cit, Lin",0.3364752329930011,"B-cit, Lin"
2022-11-10/1,"B-cit, Lin",0.1169489647288331,"B-cit, Lin"
2022-10-10/1,"B-cit, aa",0.2971830814308509,"B-cit, aa"
2022-10-10/2,"B-cit, aa",0.17674618634999717,"B-cit, aa"
2022-10-11/1,"B-cit, aa",0.17481162148883045,"B-cit, aa"
2022-11-10/1,"B-cit, aa",0.25615272204031414,"B-cit, aa"
2022-10-10/1,"B-cit, benz",0.0035275722055474468,"B-cit, benz"
2022-10-10/2,"B-cit, benz",0.01871785843251239,"B-cit, benz"
2022-10-11/1,"B-cit, benz",-0.03471952480722096,"B-cit, benz"
2022-11-10/1,"B-cit, benz",0.03099011708375876,"B-cit, benz"
2022-10-10/1,"B-cit, eb",-0.04979274481494045,"B-cit, eb"
2022-10-10/2,"B-cit, eb",0.046882554816782385,"B-cit, eb"
2022-10-11/1,"B-cit, eb",-0.012529669442920888,"B-cit, eb"
2022-11-10/1,"B-cit, eb",-0.024399955863493306,"B-cit, eb"
2022-10-10/1,"B-cit, ep",-0.1045416780165529,"B-cit, ep"
2022-10-10/2,"B-cit, ep",0.10922531407349301,"B-cit, ep"
2022-10-11/1,"B-cit, ep",-0.05467192890814321,"B-cit, ep"
2022-11-10/1,"B-cit, ep",0.0013708115016968225,"B-cit, ep"
2022-10-10/1,"B-cit, ms",0.07922062124474183,"B-cit, ms"
2022-10-10/2,"B-cit, ms",0.15317847689505038,"B-cit, ms"
2022-10-11/1,"B-cit, ms",0.030214124696864575,"B-cit, ms"
2022-11-10/1,"B-cit, ms",-0.012039000226996999,"B-cit, ms"
2022-10-10/1,"B-cit, pa",-0.028429231539130795,"B-cit, pa"
2022-10-10/2,"B-cit, pa",-0.031672145210983604,"B-cit, pa"
2022-10-11/1,"B-cit, pa",-0.0407453720694535,"B-cit, pa"
2022-11-10/1,"B-cit, pa",-0.06243849984378924,"B-cit, pa"
2022-10-10/1,"B-cit, t2h",0.0755469610017252,"B-cit, t2h"
2022-10-10/2,"B-cit, t2h",0.05723963153770917,"B-cit, t2h"
2022-10-11/1,"B-cit, t2h",0.008746930939269815,"B-cit, t2h"
2022-11-10/1,"B-cit, t2h",0.04383826625008225,"B-cit, t2h"
2022-10-10/1,"B-cit, va",0.11555086946361193,"B-cit, va"
2022-10-10/2,"B-cit, va",0.08606212691707138,"B-cit, va"
2022-10-11/1,"B-cit, va",0.11448324831068635,"B-cit, va"
2022-11-10/1,"B-cit, va",0.09607701387489864,"B-cit, va"
2022-09-21/1,"ECin, ECin",1.0,"ECin, ECin"
2022-09-22/2,"ECin, ECin",1.0,"ECin, ECin"
2022-09-26/1,"ECin, ECin",1.0,"ECin, ECin"
2022-09-26/3,"ECin, ECin",1.0,"ECin, ECin"
2022-09-21/1,"ECin, MethOct",0.007454553044927592,"ECin, MethOct"
2022-09-22/2,"ECin, MethOct",-0.008907127871617515,"ECin, MethOct"
2022-09-26/1,"ECin, MethOct",-0.08196104315551822,"ECin, MethOct"
2022-09-26/3,"ECin, MethOct",0.06520505216827477,"ECin, MethOct"
2022-09-21/1,"ECin, d-dlac",0.10757510088835409,"ECin, d-dlac"
2022-09-22/2,"ECin, d-dlac",0.06371684544219625,"ECin, d-dlac"
2022-09-26/1,"ECin, d-dlac",0.058499543101900975,"ECin, d-dlac"
2022-09-26/3,"ECin, d-dlac",0.11895186099292299,"ECin, d-dlac"
2022-09-21/1,"ECin, g-6lac",-0.07132410681119872,"ECin, g-6lac"
2022-09-22/2,"ECin, g-6lac",-0.08467365960309325,"ECin, g-6lac"
2022-09-26/1,"ECin, g-6lac",-0.0435648312939696,"ECin, g-6lac"
2022-09-26/3,"ECin, g-6lac",0.057113272621864386,"ECin, g-6lac"
2022-10-10/1,"IaA, IaA",1.0,"IaA, IaA"
2022-10-10/2,"IaA, IaA",1.0,"IaA, IaA"
2022-10-11/1,"IaA, IaA",1.0,"IaA, IaA"
2022-11-10/1,"IaA, IaA",1.0,"IaA, IaA"
2022-10-10/1,"IaA, Lin",0.1467911530545043,"IaA, Lin"
2022-10-10/2,"IaA, Lin",0.14660927716493077,"IaA, Lin"
2022-10-11/1,"IaA, Lin",0.09636060880730501,"IaA, Lin"
2022-11-10/1,"IaA, Lin",0.028916747766943973,"IaA, Lin"
2022-10-10/1,"IaA, aa",-0.11233104575274044,"IaA, aa"
2022-10-10/2,"IaA, aa",-0.09393455306120924,"IaA, aa"
2022-10-11/1,"IaA, aa",-0.11951312116498958,"IaA, aa"
2022-11-10/1,"IaA, aa",-0.0855704194865905,"IaA, aa"
2022-10-10/1,"IaA, benz",0.01838375833581718,"IaA, benz"
2022-10-10/2,"IaA, benz",0.015829898852245616,"IaA, benz"
2022-10-11/1,"IaA, benz",-0.016318800918253995,"IaA, benz"
2022-11-10/1,"IaA, benz",-0.09263181837120094,"IaA, benz"
2022-10-10/1,"IaA, eb",0.19038116827378593,"IaA, eb"
2022-10-10/2,"IaA, eb",0.06929352841242398,"IaA, eb"
2022-10-11/1,"IaA, eb",0.2695939546825161,"IaA, eb"
2022-11-10/1,"IaA, eb",0.32675028790778005,"IaA, eb"
2022-10-10/1,"IaA, ep",0.09089958276589238,"IaA, ep"
2022-10-10/2,"IaA, ep",0.001441463848024016,"IaA, ep"
2022-10-11/1,"IaA, ep",0.1175711104316085,"IaA, ep"
2022-11-10/1,"IaA, ep",0.0886073055508092,"IaA, ep"
2022-10-10/1,"IaA, ms",-0.01276819788287109,"IaA, ms"
2022-10-10/2,"IaA, ms",0.014166049629849242,"IaA, ms"
2022-10-11/1,"IaA, ms",-0.013399971383859066,"IaA, ms"
2022-11-10/1,"IaA, ms",-0.044951461563709216,"IaA, ms"
2022-10-10/1,"IaA, pa",0.6312797977600154,"IaA, pa"
2022-10-10/2,"IaA, pa",0.5954183857665454,"IaA, pa"
2022-10-11/1,"IaA, pa",0.7217589186676434,"IaA, pa"
2022-11-10/1,"IaA, pa",0.649493324084067,"IaA, pa"
2022-10-10/1,"IaA, t2h",-0.10298513257315056,"IaA, t2h"
2022-10-10/2,"IaA, t2h",-0.10847838581421887,"IaA, t2h"
2022-10-11/1,"IaA, t2h",-0.1538327902935459,"IaA, t2h"
2022-11-10/1,"IaA, t2h",-0.1454231552225005,"IaA, t2h"
2022-10-10/1,"IaA, va",-0.13262828205768207,"IaA, va"
2022-10-10/2,"IaA, va",-0.0888521989377915,"IaA, va"
2022-10-11/1,"IaA, va",-0.11762681512412909,"IaA, va"
2022-11-10/1,"IaA, va",-0.13298738183755043,"IaA, va"
2022-10-10/1,"Lin, Lin",1.0,"Lin, Lin"
2022-10-10/2,"Lin, Lin",1.0,"Lin, Lin"
2022-10-11/1,"Lin, Lin",1.0,"Lin, Lin"
2022-11-10/1,"Lin, Lin",1.0,"Lin, Lin"
2022-10-10/1,"Lin, aa",0.06248214893977122,"Lin, aa"
2022-10-10/2,"Lin, aa",0.1260340736504295,"Lin, aa"
2022-10-11/1,"Lin, aa",0.03540819566237119,"Lin, aa"
2022-11-10/1,"Lin, aa",0.07322552738558263,"Lin, aa"
2022-10-10/1,"Lin, benz",0.039544032956659425,"Lin, benz"
2022-10-10/2,"Lin, benz",0.03855470816319695,"Lin, benz"
2022-10-11/1,"Lin, benz",0.05052192429949165,"Lin, benz"
2022-11-10/1,"Lin, benz",0.07897931848363315,"Lin, benz"
2022-10-10/1,"Lin, eb",-0.06792421147522165,"Lin, eb"
2022-10-10/2,"Lin, eb",-0.006420873423854223,"Lin, eb"
2022-10-11/1,"Lin, eb",-0.06530331279909962,"Lin, eb"
2022-11-10/1,"Lin, eb",0.032696826858976014,"Lin, eb"
2022-10-10/1,"Lin, ep",-0.05413786991076952,"Lin, ep"
2022-10-10/2,"Lin, ep",-0.00128060302384303,"Lin, ep"
2022-10-11/1,"Lin, ep",-0.15971139035222093,"Lin, ep"
2022-11-10/1,"Lin, ep",-0.015053935936824914,"Lin, ep"
2022-10-10/1,"Lin, ms",0.047418601658898774,"Lin, ms"
2022-10-10/2,"Lin, ms",0.10723176961194436,"Lin, ms"
2022-10-11/1,"Lin, ms",0.01936533890007275,"Lin, ms"
2022-11-10/1,"Lin, ms",0.02921678942223338,"Lin, ms"
2022-10-10/1,"Lin, pa",0.046201952084507614,"Lin, pa"
2022-10-10/2,"Lin, pa",0.02331956713638017,"Lin, pa"
2022-10-11/1,"Lin, pa",0.07320872775190779,"Lin, pa"
2022-11-10/1,"Lin, pa",-0.011435565764425393,"Lin, pa"
2022-10-10/1,"Lin, t2h",-5.285749912808946e-05,"Lin, t2h"
2022-10-10/2,"Lin, t2h",0.01987218284397485,"Lin, t2h"
2022-10-11/1,"Lin, t2h",0.042901722370922823,"Lin, t2h"
2022-11-10/1,"Lin, t2h",0.02895668360130077,"Lin, t2h"
2022-10-10/1,"Lin, va",-0.056430929323023626,"Lin, va"
2022-10-10/2,"Lin, va",0.06094467935020298,"Lin, va"
2022-10-11/1,"Lin, va",0.06895042637577276,"Lin, va"
2022-11-10/1,"Lin, va",0.051324817697572245,"Lin, va"
2022-09-21/1,"MethOct, MethOct",1.0,"MethOct, MethOct"
2022-09-22/2,"MethOct, MethOct",1.0,"MethOct, MethOct"
2022-09-26/1,"MethOct, MethOct",1.0,"MethOct, MethOct"
2022-09-26/3,"MethOct, MethOct",1.0,"MethOct, MethOct"
2022-09-21/1,"MethOct, d-dlac",0.02202836289772281,"MethOct, d-dlac"
2022-09-22/2,"MethOct, d-dlac",-0.01953591751180639,"MethOct, d-dlac"
2022-09-26/1,"MethOct, d-dlac",-0.051808869527536494,"MethOct, d-dlac"
2022-09-26/3,"MethOct, d-dlac",0.11371617816098367,"MethOct, d-dlac"
2022-09-21/1,"MethOct, g-6lac",0.06804870607600999,"MethOct, g-6lac"
2022-09-22/2,"MethOct, g-6lac",0.01876015580986279,"MethOct, g-6lac"
2022-09-26/1,"MethOct, g-6lac",0.008052740294512417,"MethOct, g-6lac"
2022-09-26/3,"MethOct, g-6lac",0.25791398756544526,"MethOct, g-6lac"
2022-09-21/1,"PropAc, 1p3ol",-0.01296333515574255,"PropAc, 1p3ol"
2022-09-22/2,"PropAc, 1p3ol",-0.10797914520787,"PropAc, 1p3ol"
2022-09-26/1,"PropAc, 1p3ol",0.014897056913468987,"PropAc, 1p3ol"
2022-09-26/3,"PropAc, 1p3ol",0.06889957793680579,"PropAc, 1p3ol"
2022-09-21/1,"PropAc, ECin",-0.12343435515552126,"PropAc, ECin"
2022-09-22/2,"PropAc, ECin",-0.05935357082137016,"PropAc, ECin"
2022-09-26/1,"PropAc, ECin",-0.07948189434094233,"PropAc, ECin"
2022-09-26/3,"PropAc, ECin",-0.10315130005336481,"PropAc, ECin"
2022-09-21/1,"PropAc, MethOct",-0.07387629390230832,"PropAc, MethOct"
2022-09-22/2,"PropAc, MethOct",0.15501784932801088,"PropAc, MethOct"
2022-09-26/1,"PropAc, MethOct",0.2861436299135258,"PropAc, MethOct"
2022-09-26/3,"PropAc, MethOct",0.30798810932121135,"PropAc, MethOct"
2022-09-21/1,"PropAc, PropAc",1.0,"PropAc, PropAc"
2022-09-22/2,"PropAc, PropAc",1.0,"PropAc, PropAc"
2022-09-26/1,"PropAc, PropAc",1.0,"PropAc, PropAc"
2022-09-26/3,"PropAc, PropAc",1.0,"PropAc, PropAc"
2022-09-21/1,"PropAc, benz",-0.18355974019126475,"PropAc, benz"
2022-09-22/2,"PropAc, benz",-0.1108397980224165,"PropAc, benz"
2022-09-26/1,"PropAc, benz",-0.18968837775630032,"PropAc, benz"
2022-09-26/3,"PropAc, benz",-0.23066636573989352,"PropAc, benz"
2022-09-21/1,"PropAc, d-dlac",-0.07137121598613838,"PropAc, d-dlac"
2022-09-22/2,"PropAc, d-dlac",-0.19847766428111369,"PropAc, d-dlac"
2022-09-26/1,"PropAc, d-dlac",-0.10909000443807959,"PropAc, d-dlac"
2022-09-26/3,"PropAc, d-dlac",-0.062107315556709786,"PropAc, d-dlac"
2022-09-26/1,"PropAc, eug",-0.1528587361098943,"PropAc, eug"
2022-09-26/3,"PropAc, eug",-0.08000004416914641,"PropAc, eug"
2022-09-21/1,"PropAc, g-6lac",-0.09915287798857042,"PropAc, g-6lac"
2022-09-22/2,"PropAc, g-6lac",-0.1302903225955263,"PropAc, g-6lac"
2022-09-26/1,"PropAc, g-6lac",-0.1278658133610966,"PropAc, g-6lac"
2022-09-26/3,"PropAc, g-6lac",-0.02589362675214102,"PropAc, g-6lac"
2022-10-10/1,"aa, aa",1.0,"aa, aa"
2022-10-10/2,"aa, aa",1.0,"aa, aa"
2022-10-11/1,"aa, aa",1.0,"aa, aa"
2022-11-10/1,"aa, aa",1.0,"aa, aa"
2022-10-10/1,"aa, benz",0.0032242486681479665,"aa, benz"
2022-10-10/2,"aa, benz",0.011377388130632382,"aa, benz"
2022-10-11/1,"aa, benz",-0.09888059934185911,"aa, benz"
2022-11-10/1,"aa, benz",-0.03928069884501606,"aa, benz"
2022-10-10/1,"aa, eb",-0.10003859836482909,"aa, eb"
2022-10-10/2,"aa, eb",-0.11023491673863939,"aa, eb"
2022-10-11/1,"aa, eb",-0.06188462662357486,"aa, eb"
2022-11-10/1,"aa, eb",-0.05985914325828112,"aa, eb"
2022-10-10/1,"aa, ep",-0.1421012912147126,"aa, ep"
2022-10-10/2,"aa, ep",-0.13554882266167367,"aa, ep"
2022-10-11/1,"aa, ep",-0.0953385251098684,"aa, ep"
2022-11-10/1,"aa, ep",-0.061911520387975205,"aa, ep"
2022-10-10/1,"aa, ms",0.07635099611498519,"aa, ms"
2022-10-10/2,"aa, ms",0.03195313833158442,"aa, ms"
2022-10-11/1,"aa, ms",0.015002578197087613,"aa, ms"
2022-11-10/1,"aa, ms",-0.05394848012013487,"aa, ms"
2022-10-10/1,"aa, pa",-0.09634847424836113,"aa, pa"
2022-10-10/2,"aa, pa",-0.09647746511323518,"aa, pa"
2022-10-11/1,"aa, pa",-0.1573594311959896,"aa, pa"
2022-11-10/1,"aa, pa",-0.09659006851845864,"aa, pa"
2022-10-10/1,"aa, t2h",0.02686469533025082,"aa, t2h"
2022-10-10/2,"aa, t2h",0.03443515994957724,"aa, t2h"
2022-10-11/1,"aa, t2h",-0.0074181418691186,"aa, t2h"
2022-11-10/1,"aa, t2h",-0.09332232521015271,"aa, t2h"
2022-10-10/1,"aa, va",0.28312560490391236,"aa, va"
2022-10-10/2,"aa, va",0.11083709185820412,"aa, va"
2022-10-11/1,"aa, va",0.2001778919056446,"aa, va"
2022-11-10/1,"aa, va",0.40599807977988245,"aa, va"
2022-09-21/1,"benz, 1p3ol",-0.11193827722267491,"benz, 1p3ol"
2022-09-22/2,"benz, 1p3ol",-0.07010516147279744,"benz, 1p3ol"
2022-09-26/1,"benz, 1p3ol",-0.09705256971090992,"benz, 1p3ol"
2022-09-26/3,"benz, 1p3ol",-0.05028101195449963,"benz, 1p3ol"
2022-09-21/1,"benz, ECin",0.12546126612494146,"benz, ECin"
2022-09-22/2,"benz, ECin",0.3078085308418932,"benz, ECin"
2022-09-26/1,"benz, ECin",0.1907909740214735,"benz, ECin"
2022-09-26/3,"benz, ECin",0.19619533902620834,"benz, ECin"
2022-09-21/1,"benz, MethOct",0.08774554861710437,"benz, MethOct"
2022-09-22/2,"benz, MethOct",-0.08387985791209007,"benz, MethOct"
2022-09-26/1,"benz, MethOct",-0.15298800022378112,"benz, MethOct"
2022-09-26/3,"benz, MethOct",-0.14998926408141755,"benz, MethOct"
2022-09-21/1,"benz, benz",1.0,"benz, benz"
2022-09-22/2,"benz, benz",1.0,"benz, benz"
2022-09-26/1,"benz, benz",1.0,"benz, benz"
2022-09-26/3,"benz, benz",1.0,"benz, benz"
2022-10-10/1,"benz, benz",1.0,"benz, benz"
2022-10-10/2,"benz, benz",1.0,"benz, benz"
2022-10-11/1,"benz, benz",1.0,"benz, benz"
2022-11-10/1,"benz, benz",1.0,"benz, benz"
2022-09-21/1,"benz, d-dlac",-0.026848577005001095,"benz, d-dlac"
2022-09-22/2,"benz, d-dlac",0.0902998735258238,"benz, d-dlac"
2022-09-26/1,"benz, d-dlac",-0.008042712184732181,"benz, d-dlac"
2022-09-26/3,"benz, d-dlac",-0.04373661505846149,"benz, d-dlac"
2022-10-10/1,"benz, eb",-0.0653102053136565,"benz, eb"
2022-10-10/2,"benz, eb",-0.007705616257914993,"benz, eb"
2022-10-11/1,"benz, eb",-0.04296365747273079,"benz, eb"
2022-11-10/1,"benz, eb",-0.12808591057491836,"benz, eb"
2022-10-10/1,"benz, ep",-0.07036112558152352,"benz, ep"
2022-10-10/2,"benz, ep",-0.0765448657950365,"benz, ep"
2022-10-11/1,"benz, ep",-0.06794097734595184,"benz, ep"
2022-11-10/1,"benz, ep",-0.12456789653317446,"benz, ep"
2022-09-26/1,"benz, eug",-0.10789500871355417,"benz, eug"
2022-09-26/3,"benz, eug",-0.06089094678271301,"benz, eug"
2022-09-21/1,"benz, g-6lac",0.03498507525909256,"benz, g-6lac"
2022-09-22/2,"benz, g-6lac",-0.03528475822211541,"benz, g-6lac"
2022-09-26/1,"benz, g-6lac",-0.05750813320676085,"benz, g-6lac"
2022-09-26/3,"benz, g-6lac",-0.08784111174962739,"benz, g-6lac"
2022-10-10/1,"benz, ms",0.18937154890788155,"benz, ms"
2022-10-10/2,"benz, ms",0.3253771914103252,"benz, ms"
2022-10-11/1,"benz, ms",0.11355575524921335,"benz, ms"
2022-11-10/1,"benz, ms",0.3042946218950562,"benz, ms"
2022-10-10/1,"benz, pa",-0.003762713896666492,"benz, pa"
2022-10-10/2,"benz, pa",0.009866486714413814,"benz, pa"
2022-10-11/1,"benz, pa",-0.02038420899732385,"benz, pa"
2022-11-10/1,"benz, pa",-0.1282410992279659,"benz, pa"
2022-10-10/1,"benz, t2h",0.2779511123835392,"benz, t2h"
2022-10-10/2,"benz, t2h",0.1840247533107392,"benz, t2h"
2022-10-11/1,"benz, t2h",0.27363045381015905,"benz, t2h"
2022-11-10/1,"benz, t2h",0.16797179721309674,"benz, t2h"
2022-10-10/1,"benz, va",0.019734577846941437,"benz, va"
2022-10-10/2,"benz, va",0.06310162157299604,"benz, va"
2022-10-11/1,"benz, va",-0.007060867680287242,"benz, va"
2022-11-10/1,"benz, va",-0.049103405002072886,"benz, va"
2022-09-21/1,"d-dlac, d-dlac",1.0,"d-dlac, d-dlac"
2022-09-22/2,"d-dlac, d-dlac",1.0,"d-dlac, d-dlac"
2022-09-26/1,"d-dlac, d-dlac",1.0,"d-dlac, d-dlac"
2022-09-26/3,"d-dlac, d-dlac",1.0,"d-dlac, d-dlac"
2022-09-21/1,"d-dlac, g-6lac",0.1865749988935821,"d-dlac, g-6lac"
2022-09-22/2,"d-dlac, g-6lac",0.33435927691970657,"d-dlac, g-6lac"
2022-09-26/1,"d-dlac, g-6lac",0.41634426118550083,"d-dlac, g-6lac"
2022-09-26/3,"d-dlac, g-6lac",0.46520057460439657,"d-dlac, g-6lac"
2022-10-10/1,"eb, eb",1.0,"eb, eb"
2022-10-10/2,"eb, eb",1.0,"eb, eb"
2022-10-11/1,"eb, eb",1.0,"eb, eb"
2022-11-10/1,"eb, eb",1.0,"eb, eb"
2022-10-10/1,"eb, ep",0.6280862473974254,"eb, ep"
2022-10-10/2,"eb, ep",0.6197174727216443,"eb, ep"
2022-10-11/1,"eb, ep",0.675339818673628,"eb, ep"
2022-11-10/1,"eb, ep",0.5423658001319497,"eb, ep"
2022-10-10/1,"eb, ms",-0.02454780119374389,"eb, ms"
2022-10-10/2,"eb, ms",-0.030169930072797113,"eb, ms"
2022-10-11/1,"eb, ms",0.19653350914517742,"eb, ms"
2022-11-10/1,"eb, ms",-0.04801110416218224,"eb, ms"
2022-10-10/1,"eb, pa",0.07189504210243924,"eb, pa"
2022-10-10/2,"eb, pa",0.025921833824903207,"eb, pa"
2022-10-11/1,"eb, pa",0.17769177598365704,"eb, pa"
2022-11-10/1,"eb, pa",0.1469413668433277,"eb, pa"
2022-10-10/1,"eb, t2h",-0.04217508338428555,"eb, t2h"
2022-10-10/2,"eb, t2h",-0.04065939582931999,"eb, t2h"
2022-10-11/1,"eb, t2h",0.02847527318048282,"eb, t2h"
2022-11-10/1,"eb, t2h",-0.04647483048583578,"eb, t2h"
2022-10-10/1,"eb, va",0.043644182597483594,"eb, va"
2022-10-10/2,"eb, va",0.12545935536260022,"eb, va"
2022-10-11/1,"eb, va",-0.04158417440978024,"eb, va"
2022-11-10/1,"eb, va",-0.05100882009330121,"eb, va"
2022-10-10/1,"ep, ep",1.0,"ep, ep"
2022-10-10/2,"ep, ep",1.0,"ep, ep"
2022-10-11/1,"ep, ep",1.0,"ep, ep"
2022-11-10/1,"ep, ep",1.0,"ep, ep"
2022-10-10/1,"ep, ms",-0.017855303806995515,"ep, ms"
2022-10-10/2,"ep, ms",-0.10644743376267263,"ep, ms"
2022-10-11/1,"ep, ms",0.1508571423021252,"ep, ms"
2022-11-10/1,"ep, ms",0.023441424881139206,"ep, ms"
2022-10-10/1,"ep, pa",0.017241033131818795,"ep, pa"
2022-10-10/2,"ep, pa",-0.05853916108412771,"ep, pa"
2022-10-11/1,"ep, pa",0.04110978646644081,"ep, pa"
2022-11-10/1,"ep, pa",0.03365642008475256,"ep, pa"
2022-10-10/1,"ep, t2h",-0.1118044075232063,"ep, t2h"
2022-10-10/2,"ep, t2h",-0.10917252684983403,"ep, t2h"
2022-10-11/1,"ep, t2h",-0.0591083464383515,"ep, t2h"
2022-11-10/1,"ep, t2h",-0.008139065787102107,"ep, t2h"
2022-10-10/1,"ep, va",-0.05698750603390801,"ep, va"
2022-10-10/2,"ep, va",0.019730693078493178,"ep, va"
2022-10-11/1,"ep, va",-0.06542833364441991,"ep, va"
2022-11-10/1,"ep, va",-0.0665530037187283,"ep, va"
2022-09-26/1,"eug, 1p3ol",0.18841133091397888,"eug, 1p3ol"
2022-09-26/3,"eug, 1p3ol",0.3716605034783447,"eug, 1p3ol"
2022-09-26/1,"eug, ECin",-0.04238240856756703,"eug, ECin"
2022-09-26/3,"eug, ECin",0.04638429426475521,"eug, ECin"
2022-09-26/1,"eug, MethOct",-0.050961541968186586,"eug, MethOct"
2022-09-26/3,"eug, MethOct",0.02311858342926043,"eug, MethOct"
2022-09-26/1,"eug, eug",1.0,"eug, eug"
2022-09-26/3,"eug, eug",1.0,"eug, eug"
2022-09-21/1,"g-6lac, g-6lac",1.0,"g-6lac, g-6lac"
2022-09-22/2,"g-6lac, g-6lac",1.0,"g-6lac, g-6lac"
2022-09-26/1,"g-6lac, g-6lac",1.0,"g-6lac, g-6lac"
2022-09-26/3,"g-6lac, g-6lac",1.0,"g-6lac, g-6lac"
2022-10-10/1,"ms, ms",1.0,"ms, ms"
2022-10-10/2,"ms, ms",1.0,"ms, ms"
2022-10-11/1,"ms, ms",1.0,"ms, ms"
2022-11-10/1,"ms, ms",1.0,"ms, ms"
2022-10-10/1,"ms, pa",-0.05936065018788339,"ms, pa"
2022-10-10/2,"ms, pa",-0.060635620888739306,"ms, pa"
2022-10-11/1,"ms, pa",-0.08401470670276945,"ms, pa"
2022-11-10/1,"ms, pa",-0.13489261702863864,"ms, pa"
2022-10-10/1,"ms, t2h",0.014378363561023955,"ms, t2h"
2022-10-10/2,"ms, t2h",-0.07230126129838976,"ms, t2h"
2022-10-11/1,"ms, t2h",0.011372367602321187,"ms, t2h"
2022-11-10/1,"ms, t2h",-0.05956708332613436,"ms, t2h"
2022-10-10/1,"ms, va",0.05447946264367298,"ms, va"
2022-10-10/2,"ms, va",0.06640885154831744,"ms, va"
2022-10-11/1,"ms, va",-0.02654696589636929,"ms, va"
2022-11-10/1,"ms, va",-0.05639314122022898,"ms, va"
2022-10-10/1,"pa, pa",1.0,"pa, pa"
2022-10-10/2,"pa, pa",1.0,"pa, pa"
2022-10-11/1,"pa, pa",1.0,"pa, pa"
2022-11-10/1,"pa, pa",1.0,"pa, pa"
2022-10-10/1,"pa, t2h",-0.0049512940381502,"pa, t2h"
2022-10-10/2,"pa, t2h",0.030315703151912232,"pa, t2h"
2022-10-11/1,"pa, t2h",-0.04176572893026709,"pa, t2h"
2022-11-10/1,"pa, t2h",-0.013720830036858311,"pa, t2h"
2022-10-10/1,"pa, va",-0.12267668907234519,"pa, va"
2022-10-10/2,"pa, va",-0.01587353493022592,"pa, va"
2022-10-11/1,"pa, va",-0.1313292874330716,"pa, va"
2022-11-10/1,"pa, va",-0.14477026444203833,"pa, va"
2022-10-10/1,"t2h, t2h",1.0,"t2h, t2h"
2022-10-10/2,"t2h, t2h",1.0,"t2h, t2h"
2022-10-11/1,"t2h, t2h",1.0,"t2h, t2h"
2022-11-10/1,"t2h, t2h",1.0,"t2h, t2h"
2022-10-10/1,"t2h, va",0.28643078617538076,"t2h, va"
2022-10-10/2,"t2h, va",0.2892081939111495,"t2h, va"
2022-10-11/1,"t2h, va",0.18203162899872571,"t2h, va"
2022-11-10/1,"t2h, va",-0.050378406183600344,"t2h, va"
2022-10-10/1,"va, va",1.0,"va, va"
2022-10-10/2,"va, va",1.0,"va, va"
2022-10-11/1,"va, va",1.0,"va, va"
2022-11-10/1,"va, va",1.0,"va, va"
