olfactometer_name	olfactometer_abbrev	cid	MolecularWeight	CanonicalSMILES	IsomericSMILES	InChI	InChIKey	IUPACName	name
1-pentanol	1-5ol	6276	88.15	CCCCCO	CCCCCO	InChI=1S/C5H12O/c1-2-3-4-5-6/h6H,2-5H2,1H3	AMQJEAYHLZJPGS-UHFFFAOYSA-N	pentan-1-ol	1-pentanol
1-pentanol	1-5ol	12225306	90.16	CCCCCO	[2H]C([2H])(CCCC)O	InChI=1S/C5H12O/c1-2-3-4-5-6/h6H,2-5H2,1H3/i5D2	AMQJEAYHLZJPGS-BFWBPSQCSA-N	1,1-dideuteriopentan-1-ol	d2-pentanol
1-pentanol	1-5ol	12225307	89.14	CCCCCO	CCCC[13CH2]O	InChI=1S/C5H12O/c1-2-3-4-5-6/h6H,2-5H2,1H3/i5+1	AMQJEAYHLZJPGS-HOSYLAQJSA-N	(113C)pentan-1-ol	amyl alcohol-1-13c
1-pentanol	1-5ol	12225310	100.22	CCCCCO	[2H]C([2H])([2H])C([2H])([2H])C([2H])([2H])C([2H])([2H])C([2H])([2H])O[2H]	InChI=1S/C5H12O/c1-2-3-4-5-6/h6H,2-5H2,1H3/i1D3,2D2,3D2,4D2,5D2,6D	AMQJEAYHLZJPGS-PSDCQUMKSA-N	1,1,1,2,2,3,3,4,4,5,5-undecadeuterio-5-deuteriooxypentane	n-pentyl alcohol-d12
1-pentanol	1-5ol	12225311	90.14	CCCCCO	CCCC[14CH2]O	InChI=1S/C5H12O/c1-2-3-4-5-6/h6H,2-5H2,1H3/i5+2	AMQJEAYHLZJPGS-RHRFEJLCSA-N	(114C)pentan-1-ol	(114c)pentan-1-ol
1-pentanol	1-5ol	12225312	89.15	CCCCCO	[2H]OCCCCC	InChI=1S/C5H12O/c1-2-3-4-5-6/h6H,2-5H2,1H3/i6D	AMQJEAYHLZJPGS-RAMDWTOOSA-N	1-deuteriooxypentane	1-deuteriooxypentane
1-pentanol	1-5ol	15039523	89.15	CCCCCO	[2H]C(CCCC)O	InChI=1S/C5H12O/c1-2-3-4-5-6/h6H,2-5H2,1H3/i5D	AMQJEAYHLZJPGS-UICOGKGYSA-N	1-deuteriopentan-1-ol	1-deuteriopentan-1-ol
1-pentanol	1-5ol	16213511	99.22	CCCCCO	[2H]C([2H])([2H])C([2H])([2H])C([2H])([2H])C([2H])([2H])C([2H])([2H])O	InChI=1S/C5H12O/c1-2-3-4-5-6/h6H,2-5H2,1H3/i1D3,2D2,3D2,4D2,5D2	AMQJEAYHLZJPGS-GILSBCIXSA-N	1,1,2,2,3,3,4,4,5,5,5-undecadeuteriopentan-1-ol	1-pentan-d11-ol
1-pentanol	1-5ol	23271014	90.16	CCCCCO	[2H]C([2H])(CC)CCO	InChI=1S/C5H12O/c1-2-3-4-5-6/h6H,2-5H2,1H3/i3D2	AMQJEAYHLZJPGS-SMZGMGDZSA-N	3,3-dideuteriopentan-1-ol	3,3-dideuteriopentan-1-ol
1-pentanol	1-5ol	23271018	90.16	CCCCCO	[2H]C([2H])(C)CCCO	InChI=1S/C5H12O/c1-2-3-4-5-6/h6H,2-5H2,1H3/i2D2	AMQJEAYHLZJPGS-CBTSVUPCSA-N	4,4-dideuteriopentan-1-ol	4,4-dideuteriopentan-1-ol
1-pentanol	1-5ol	53650995	90.16	CCCCCO	[3H]OCCCCC	InChI=1S/C5H12O/c1-2-3-4-5-6/h6H,2-5H2,1H3/i6T	AMQJEAYHLZJPGS-NGIXYFTOSA-N	1-tritiooxypentane	1-tritiooxypentane
1-pentanol	1-5ol	58290914	89.15	CCCCCO	[2H]CCCCCO	InChI=1S/C5H12O/c1-2-3-4-5-6/h6H,2-5H2,1H3/i1D	AMQJEAYHLZJPGS-MICDWDOJSA-N	5-deuteriopentan-1-ol	5-deuteriopentan-1-ol
1-pentanol	1-5ol	59168514	90.16	CCCCCO	[3H]C(CCCC)O	InChI=1S/C5H12O/c1-2-3-4-5-6/h6H,2-5H2,1H3/i5T	AMQJEAYHLZJPGS-XHHURNKPSA-N	1-tritiopentan-1-ol	1-tritiopentan-1-ol
1-pentanol	1-5ol	90474390	91.17	CCCCCO	[2H]C([2H])([2H])CCCCO	InChI=1S/C5H12O/c1-2-3-4-5-6/h6H,2-5H2,1H3/i1D3	AMQJEAYHLZJPGS-FIBGUPNXSA-N	5,5,5-trideuteriopentan-1-ol	n-pentyl-5,5,5-d3 alcohol
1-pentanol	1-5ol	101991820	89.15	CCCCCO	[H][C@@]([2H])(CCC)CO	InChI=1S/C5H12O/c1-2-3-4-5-6/h6H,2-5H2,1H3/i4D/t4-/m1/s1	AMQJEAYHLZJPGS-MOTOZDKKSA-N	(2R)-2-deuteriopentan-1-ol	(2R)-2-deuteriopentan-1-ol
1-pentanol	1-5ol	101991821	89.15	CCCCCO	[H][C@]([2H])(CCC)CO	InChI=1S/C5H12O/c1-2-3-4-5-6/h6H,2-5H2,1H3/i4D/t4-/m0/s1	AMQJEAYHLZJPGS-VGERMBTCSA-N	(2S)-2-deuteriopentan-1-ol	(2S)-2-deuteriopentan-1-ol
1-pentanol	1-5ol	122199531	97.20	CCCCCO	[2H]CC([2H])([2H])C([2H])([2H])C([2H])([2H])C([2H])([2H])O	InChI=1S/C5H12O/c1-2-3-4-5-6/h6H,2-5H2,1H3/i1D,2D2,3D2,4D2,5D2	AMQJEAYHLZJPGS-LOFGRQECSA-N	1,1,2,2,3,3,4,4,5-nonadeuteriopentan-1-ol	148587-12-6
1-pentanol	1-5ol	131873998	97.20	CCCCCO	[2H]C([2H])([2H])C([2H])([2H])C([2H])([2H])C([2H])([2H])CO	InChI=1S/C5H12O/c1-2-3-4-5-6/h6H,2-5H2,1H3/i1D3,2D2,3D2,4D2	AMQJEAYHLZJPGS-YNSOAAEFSA-N	2,2,3,3,4,4,5,5,5-nonadeuteriopentan-1-ol	148587-12-6
1-pentanol	1-5ol	153464045	90.16	CCCCCO	[3H]CCCCCO	InChI=1S/C5H12O/c1-2-3-4-5-6/h6H,2-5H2,1H3/i1T	AMQJEAYHLZJPGS-CNRUNOGKSA-N	5-tritiopentan-1-ol	5-tritiopentan-1-ol
1-pentanol	1-5ol	159796490	92.17	CCCCCO	[2H]C([2H])(CC)C([2H])([2H])CO	InChI=1S/C5H12O/c1-2-3-4-5-6/h6H,2-5H2,1H3/i3D2,4D2	AMQJEAYHLZJPGS-KHORGVISSA-N	2,2,3,3-tetradeuteriopentan-1-ol	2,2,3,3-tetradeuteriopentan-1-ol
1-pentanol	1-5ol	159796491	92.17	CCCCCO	[2H]C([2H])(C)CCC([2H])([2H])O	InChI=1S/C5H12O/c1-2-3-4-5-6/h6H,2-5H2,1H3/i2D2,5D2	AMQJEAYHLZJPGS-CNNQADKRSA-N	1,1,4,4-tetradeuteriopentan-1-ol	1,1,4,4-tetradeuteriopentan-1-ol
1-pentanol	1-5ol	159796492	96.20	CCCCCO	[2H]C([2H])(C)C([2H])([2H])C([2H])([2H])C([2H])([2H])O	InChI=1S/C5H12O/c1-2-3-4-5-6/h6H,2-5H2,1H3/i2D2,3D2,4D2,5D2	AMQJEAYHLZJPGS-UDCOFZOWSA-N	1,1,2,2,3,3,4,4-octadeuteriopentan-1-ol	1,1,2,2,3,3,4,4-octadeuteriopentan-1-ol
1-hexanol	1-6ol	8103	102.17	CCCCCCO	CCCCCCO	InChI=1S/C6H14O/c1-2-3-4-5-6-7/h7H,2-6H2,1H3	ZSIAUFGUXNUGDI-UHFFFAOYSA-N	hexan-1-ol	1-hexanol
1-hexanol	1-6ol	10034598	104.17	CCCCCCO	CCCCC[14CH2]O	InChI=1S/C6H14O/c1-2-3-4-5-6-7/h7H,2-6H2,1H3/i6+2	ZSIAUFGUXNUGDI-ZQBYOMGUSA-N	(114C)hexan-1-ol	(114C)hexan-1-ol
1-hexanol	1-6ol	10678196	106.20	CCCCCCO	[2H]C([2H])C([2H])([2H])CCCCO	InChI=1S/C6H14O/c1-2-3-4-5-6-7/h7H,2-6H2,1H3/i1D2,2D2	ZSIAUFGUXNUGDI-LNLMKGTHSA-N	5,5,6,6-tetradeuteriohexan-1-ol	5,5,6,6-tetradeuteriohexan-1-ol
1-hexanol	1-6ol	11815300	104.19	CCCCCCO	[2H]CC([2H])CCCCO	InChI=1S/C6H14O/c1-2-3-4-5-6-7/h7H,2-6H2,1H3/i1D,2D	ZSIAUFGUXNUGDI-QDNHWIQGSA-N	5,6-dideuteriohexan-1-ol	1-hexanol-d2
1-hexanol	1-6ol	12225313	104.19	CCCCCCO	[2H]C([2H])(CCCCC)O	InChI=1S/C6H14O/c1-2-3-4-5-6-7/h7H,2-6H2,1H3/i6D2	ZSIAUFGUXNUGDI-NCYHJHSESA-N	1,1-dideuteriohexan-1-ol	1-hexanol-d3
1-hexanol	1-6ol	12225314	103.18	CCCCCCO	[2H]CCCCCCO	InChI=1S/C6H14O/c1-2-3-4-5-6-7/h7H,2-6H2,1H3/i1D	ZSIAUFGUXNUGDI-MICDWDOJSA-N	6-deuteriohexan-1-ol	schembl10138027
1-hexanol	1-6ol	12225317	103.18	CCCCCCO	[2H]C(CCCCC)O	InChI=1S/C6H14O/c1-2-3-4-5-6-7/h7H,2-6H2,1H3/i6D	ZSIAUFGUXNUGDI-RAMDWTOOSA-N	1-deuteriohexan-1-ol	1-deuterohexanol
1-hexanol	1-6ol	12225318	105.19	CCCCCCO	[2H]C([2H])([2H])CCCCCO	InChI=1S/C6H14O/c1-2-3-4-5-6-7/h7H,2-6H2,1H3/i1D3	ZSIAUFGUXNUGDI-FIBGUPNXSA-N	6,6,6-trideuteriohexan-1-ol	hexanol-d3
1-hexanol	1-6ol	12225319	107.21	CCCCCCO	[2H]C([2H])([2H])C([2H])([2H])CCCCO	InChI=1S/C6H14O/c1-2-3-4-5-6-7/h7H,2-6H2,1H3/i1D3,2D2	ZSIAUFGUXNUGDI-ZBJDZAJPSA-N	5,5,6,6,6-pentadeuteriohexan-1-ol	1-hexanol-d5
1-hexanol	1-6ol	12225321	103.18	CCCCCCO	[2H]OCCCCCC	InChI=1S/C6H14O/c1-2-3-4-5-6-7/h7H,2-6H2,1H3/i7D	ZSIAUFGUXNUGDI-WHRKIXHSSA-N	1-deuteriooxyhexane	1-deuteriooxyhexane
1-hexanol	1-6ol	16212921	115.25	CCCCCCO	[2H]C([2H])([2H])C([2H])([2H])C([2H])([2H])C([2H])([2H])C([2H])([2H])C([2H])([2H])O	InChI=1S/C6H14O/c1-2-3-4-5-6-7/h7H,2-6H2,1H3/i1D3,2D2,3D2,4D2,5D2,6D2	ZSIAUFGUXNUGDI-UTBWLCBWSA-N	1,1,2,2,3,3,4,4,5,5,6,6,6-tridecadeuteriohexan-1-ol	1-hexan-d13-ol
1-hexanol	1-6ol	46844235	105.19	CCCCCCO	[H][C@@]([2H])(CCC([2H])C[2H])CO	InChI=1S/C6H14O/c1-2-3-4-5-6-7/h7H,2-6H2,1H3/i1D,2D,5D/t2?,5-/m1/s1	ZSIAUFGUXNUGDI-DBSIKJIBSA-N	(2R)-2,5,6-trideuteriohexan-1-ol	(2R)-2,5,6-trideuteriohexan-1-ol
1-hexanol	1-6ol	59168449	104.18	CCCCCCO	[3H]C(CCCCC)O	InChI=1S/C6H14O/c1-2-3-4-5-6-7/h7H,2-6H2,1H3/i6T	ZSIAUFGUXNUGDI-NGIXYFTOSA-N	1-tritiohexan-1-ol	1-tritiohexan-1-ol
1-hexanol	1-6ol	71308863	108.13	CCCCCCO	[13CH3][13CH2][13CH2][13CH2][13CH2][13CH2]O	InChI=1S/C6H14O/c1-2-3-4-5-6-7/h7H,2-6H2,1H3/i1+1,2+1,3+1,4+1,5+1,6+1	ZSIAUFGUXNUGDI-IDEBNGHGSA-N	(1,2,3,4,5,6-13C6)hexan-1-ol	(~13~c_6_)hexan-1-ol
1-hexanol	1-6ol	91748629	113.24	CCCCCCO	[2H]C([2H])([2H])C([2H])([2H])C([2H])([2H])C([2H])([2H])C([2H])([2H])CO	InChI=1S/C6H14O/c1-2-3-4-5-6-7/h7H,2-6H2,1H3/i1D3,2D2,3D2,4D2,5D2	ZSIAUFGUXNUGDI-GILSBCIXSA-N	2,2,3,3,4,4,5,5,6,6,6-undecadeuteriohexan-1-ol	2159-18-4
1-hexanol	1-6ol	101200228	104.19	CCCCCCO	[2H]C([2H])(CCCC)CO	InChI=1S/C6H14O/c1-2-3-4-5-6-7/h7H,2-6H2,1H3/i5D2	ZSIAUFGUXNUGDI-BFWBPSQCSA-N	2,2-dideuteriohexan-1-ol	2,2-dideuteriohexan-1-ol
1-hexanol	1-6ol	102241348	112.24	CCCCCCO	[2H]C([2H])(C)C([2H])([2H])C([2H])([2H])C([2H])([2H])C([2H])([2H])O	InChI=1S/C6H14O/c1-2-3-4-5-6-7/h7H,2-6H2,1H3/i2D2,3D2,4D2,5D2,6D2	ZSIAUFGUXNUGDI-DMFASMMLSA-N	1,1,2,2,3,3,4,4,5,5-decadeuteriohexan-1-ol	1,1,2,2,3,3,4,4,5,5-decadeuteriohexan-1-ol
1-hexanol	1-6ol	122211903	105.19	CCCCCCO	[2H]C([2H])(CCCCC)O[2H]	InChI=1S/C6H14O/c1-2-3-4-5-6-7/h7H,2-6H2,1H3/i6D2,7D	ZSIAUFGUXNUGDI-TXXOLCOUSA-N	1,1-dideuterio-1-deuteriooxyhexane	1,1-dideuterio-1-deuteriooxyhexane
1-hexanol	1-6ol	129648329	106.20	CCCCCCO	[2H]C([2H])(C)CC([2H])([2H])CCO	InChI=1S/C6H14O/c1-2-3-4-5-6-7/h7H,2-6H2,1H3/i2D2,4D2	ZSIAUFGUXNUGDI-BYUTVXSXSA-N	3,3,5,5-tetradeuteriohexan-1-ol	3,3,5,5-tetradeuterohexanol
1-hexanol	1-6ol	131701195	107.21	CCCCCCO	[2H]C(CCC)C([2H])([2H])C([2H])([2H])O	InChI=1S/C6H14O/c1-2-3-4-5-6-7/h7H,2-6H2,1H3/i4D,5D2,6D2	ZSIAUFGUXNUGDI-FIFBNPHPSA-N	1,1,2,2,3-pentadeuteriohexan-1-ol	n-hexyl-5,5,6,6,6-d5alcohol
1-hexanol	1-6ol	134906477	105.19	CCCCCCO	[2H]C(C([2H])([2H])CCCC)O	InChI=1S/C6H14O/c1-2-3-4-5-6-7/h7H,2-6H2,1H3/i5D2,6D	ZSIAUFGUXNUGDI-JQCZWRKMSA-N	1,2,2-trideuteriohexan-1-ol	1,2,2-trideuteriohexan-1-ol
1-hexanol	1-6ol	169441198	106.20	CCCCCCO	[2H]C([2H])(CC)C([2H])([2H])CCO	InChI=1S/C6H14O/c1-2-3-4-5-6-7/h7H,2-6H2,1H3/i3D2,4D2	ZSIAUFGUXNUGDI-KHORGVISSA-N	3,3,4,4-tetradeuteriohexan-1-ol	1-hexanol-d4
1-octanol	1-8ol	957	130.23	CCCCCCCCO	CCCCCCCCO	InChI=1S/C8H18O/c1-2-3-4-5-6-7-8-9/h9H,2-8H2,1H3	KBPLFHHGFOOTCA-UHFFFAOYSA-N	octan-1-ol	1-octanol
1-octanol	1-8ol	10057544	131.23	CCCCCCCCO	[H][C@@]([2H])(CCCCCCC)O	InChI=1S/C8H18O/c1-2-3-4-5-6-7-8-9/h9H,2-8H2,1H3/i8D/t8-/m1/s1	KBPLFHHGFOOTCA-DLDGQBHASA-N	(1R)-1-deuteriooctan-1-ol	(1R)-1-deuteriooctan-1-ol
1-octanol	1-8ol	10997076	131.22	CCCCCCCCO	CCCCCCC[13CH2]O	InChI=1S/C8H18O/c1-2-3-4-5-6-7-8-9/h9H,2-8H2,1H3/i8+1	KBPLFHHGFOOTCA-VJJZLTLGSA-N	(113C)octan-1-ol	1-octanol-1-13c
1-octanol	1-8ol	11040739	131.23	CCCCCCCCO	[2H]C(CCCCCC)CO	InChI=1S/C8H18O/c1-2-3-4-5-6-7-8-9/h9H,2-8H2,1H3/i7D	KBPLFHHGFOOTCA-WHRKIXHSSA-N	2-deuteriooctan-1-ol	2-deuteriooctan-1-ol
1-octanol	1-8ol	12215303	148.34	CCCCCCCCO	[2H]C([2H])([2H])C([2H])([2H])C([2H])([2H])C([2H])([2H])C([2H])([2H])C([2H])([2H])C([2H])([2H])C([2H])([2H])O[2H]	InChI=1S/C8H18O/c1-2-3-4-5-6-7-8-9/h9H,2-8H2,1H3/i1D3,2D2,3D2,4D2,5D2,6D2,7D2,8D2,9D	KBPLFHHGFOOTCA-PBYHGZINSA-N	1,1,1,2,2,3,3,4,4,5,5,6,6,7,7,8,8-heptadecadeuterio-8-deuteriooxyoctane	capryl alcohol-d18
1-octanol	1-8ol	12215305	132.24	CCCCCCCCO	[2H]C([2H])(CCCCCCC)O	InChI=1S/C8H18O/c1-2-3-4-5-6-7-8-9/h9H,2-8H2,1H3/i8D2	KBPLFHHGFOOTCA-MGVXTIMCSA-N	1,1-dideuteriooctan-1-ol	1-octanol-d2
1-octanol	1-8ol	12215310	132.22	CCCCCCCCO	CCCCCCC[14CH2]O	InChI=1S/C8H18O/c1-2-3-4-5-6-7-8-9/h9H,2-8H2,1H3/i8+2	KBPLFHHGFOOTCA-PPJXEINESA-N	(114C)octan-1-ol	octanol-n,[1-14c]
1-octanol	1-8ol	16104431	137.27	CCCCCCCCO	[2H]C([2H])([2H])C([2H])([2H])C([2H])([2H])CCCCCO	InChI=1S/C8H18O/c1-2-3-4-5-6-7-8-9/h9H,2-8H2,1H3/i1D3,2D2,3D2	KBPLFHHGFOOTCA-NCKGIQLSSA-N	6,6,7,7,8,8,8-heptadeuteriooctan-1-ol	6,6,7,7,8,8,8-heptadeuteriooctan-1-ol
1-octanol	1-8ol	16212925	147.33	CCCCCCCCO	[2H]C([2H])([2H])C([2H])([2H])C([2H])([2H])C([2H])([2H])C([2H])([2H])C([2H])([2H])C([2H])([2H])C([2H])([2H])O	InChI=1S/C8H18O/c1-2-3-4-5-6-7-8-9/h9H,2-8H2,1H3/i1D3,2D2,3D2,4D2,5D2,6D2,7D2,8D2	KBPLFHHGFOOTCA-OISRNESJSA-N	1,1,2,2,3,3,4,4,5,5,6,6,7,7,8,8,8-heptadecadeuteriooctan-1-ol	1-octan-d17-ol
1-octanol	1-8ol	25240596	131.23	CCCCCCCCO	[2H]C(CCCCCCC)O	InChI=1S/C8H18O/c1-2-3-4-5-6-7-8-9/h9H,2-8H2,1H3/i8D	KBPLFHHGFOOTCA-BNEYPBHNSA-N	1-deuteriooctan-1-ol	1-deuteriooctan-1-ol
1-octanol	1-8ol	25241551	131.23	CCCCCCCCO	[H][C@]([2H])(CCCCCCC)O	InChI=1S/C8H18O/c1-2-3-4-5-6-7-8-9/h9H,2-8H2,1H3/i8D/t8-/m0/s1	KBPLFHHGFOOTCA-KPSOOTRBSA-N	(1S)-1-deuteriooctan-1-ol	(1S)-1-deuteriooctan-1-ol
1-octanol	1-8ol	101614896	131.23	CCCCCCCCO	[2H]OCCCCCCCC	InChI=1S/C8H18O/c1-2-3-4-5-6-7-8-9/h9H,2-8H2,1H3/i9D	KBPLFHHGFOOTCA-QOWOAITPSA-N	1-deuteriooxyoctane	d1-octanol
2-butanone	2-but	6569	72.11	CCC(=O)C	CCC(=O)C	InChI=1S/C4H8O/c1-3-4(2)5/h3H2,1-2H3	ZWEHNKRNPOVVGH-UHFFFAOYSA-N	butan-2-one	2-butanone
2-butanone	2-but	11600664	73.11	CCC(=O)C	CCC(=[17O])C	InChI=1S/C4H8O/c1-3-4(2)5/h3H2,1-2H3/i5+1	ZWEHNKRNPOVVGH-HOSYLAQJSA-N	butan-2-(17O)one	butan-2-(17O)one
2-butanone	2-but	11679805	74.11	CCC(=O)C	CCC(=[18O])C	InChI=1S/C4H8O/c1-3-4(2)5/h3H2,1-2H3/i5+2	ZWEHNKRNPOVVGH-RHRFEJLCSA-N	butan-2-(18O)one	butan-2-(18O)one
2-butanone	2-but	12200356	73.11	CCC(=O)C	[2H]C(C)C(=O)C	InChI=1S/C4H8O/c1-3-4(2)5/h3H2,1-2H3/i3D	ZWEHNKRNPOVVGH-WFVSFCRTSA-N	3-deuteriobutan-2-one	3-deuteriobutan-2-one
2-butanone	2-but	12200359	75.12	CCC(=O)C	[2H]C([2H])([2H])CC(=O)C	InChI=1S/C4H8O/c1-3-4(2)5/h3H2,1-2H3/i1D3	ZWEHNKRNPOVVGH-FIBGUPNXSA-N	4,4,4-trideuteriobutan-2-one	2-butanone-4,4,4-d3
2-butanone	2-but	12200360	73.11	CCC(=O)C	[2H]CC(=O)CC	InChI=1S/C4H8O/c1-3-4(2)5/h3H2,1-2H3/i2D	ZWEHNKRNPOVVGH-VMNATFBRSA-N	1-deuteriobutan-2-one	1-deuteriobutan-2-one
2-butanone	2-but	16213377	77.14	CCC(=O)C	[2H]C([2H])([2H])C(=O)C([2H])([2H])C	InChI=1S/C4H8O/c1-3-4(2)5/h3H2,1-2H3/i2D3,3D2	ZWEHNKRNPOVVGH-PDWRLMEDSA-N	1,1,1,3,3-pentadeuteriobutan-2-one	2-butanone-1,1,1,3,3-d5
2-butanone	2-but	58066902	74.12	CCC(=O)C	[2H]C([2H])(C)C(=O)C	InChI=1S/C4H8O/c1-3-4(2)5/h3H2,1-2H3/i3D2	ZWEHNKRNPOVVGH-SMZGMGDZSA-N	3,3-dideuteriobutan-2-one	3,3-dideuteriobutan-2-one
2-butanone	2-but	58311935	74.11	CCC(=O)C	[3H]CC(=O)CC	InChI=1S/C4H8O/c1-3-4(2)5/h3H2,1-2H3/i2T	ZWEHNKRNPOVVGH-FUPOQFPWSA-N	1-tritiobutan-2-one	1-tritiobutan-2-one
2-butanone	2-but	59880288	74.11	CCC(=O)C	[3H]C(C)C(=O)C	InChI=1S/C4H8O/c1-3-4(2)5/h3H2,1-2H3/i3T	ZWEHNKRNPOVVGH-WJULDGBESA-N	3-tritiobutan-2-one	3-tritiobutan-2-one
2-butanone	2-but	90472171	80.15	CCC(=O)C	[2H]C([2H])([2H])C(=O)C([2H])([2H])C([2H])([2H])[2H]	InChI=1S/C4H8O/c1-3-4(2)5/h3H2,1-2H3/i1D3,2D3,3D2	ZWEHNKRNPOVVGH-AUOAYUKBSA-N	1,1,1,3,3,4,4,4-octadeuteriobutan-2-one	350820-09-6
2-butanone	2-but	101233907	73.11	CCC(=O)C	[2H]CCC(=O)C	InChI=1S/C4H8O/c1-3-4(2)5/h3H2,1-2H3/i1D	ZWEHNKRNPOVVGH-MICDWDOJSA-N	4-deuteriobutan-2-one	4-deuteriobutan-2-one
2-butanone	2-but	153468497	74.12	CCC(=O)C	[2H]C([2H])C(=O)CC	InChI=1S/C4H8O/c1-3-4(2)5/h3H2,1-2H3/i2D2	ZWEHNKRNPOVVGH-CBTSVUPCSA-N	1,1-dideuteriobutan-2-one	1,1-dideuteriobutan-2-one
2-butanone	2-but	157723614	74.11	CCC(=O)C	[3H]CCC(=O)C	InChI=1S/C4H8O/c1-3-4(2)5/h3H2,1-2H3/i1T	ZWEHNKRNPOVVGH-CNRUNOGKSA-N	4-tritiobutan-2-one	4-tritiobutan-2-one
2-heptanone	2h	8051	114.19	CCCCCC(=O)C	CCCCCC(=O)C	InChI=1S/C7H14O/c1-3-4-5-6-7(2)8/h3-6H2,1-2H3	CATSNJVOTSVZJV-UHFFFAOYSA-N	heptan-2-one	2-heptanone
2-heptanone	2h	102602164	119.22	CCCCCC(=O)C	[2H]C([2H])([2H])C(=O)C([2H])([2H])CCCC	InChI=1S/C7H14O/c1-3-4-5-6-7(2)8/h3-6H2,1-2H3/i2D3,6D2	CATSNJVOTSVZJV-QKLSXCJMSA-N	1,1,1,3,3-pentadeuterioheptan-2-one	2-heptanone-1,1,1,3,3-d5
2-heptanone	2h	124082676	116.19	CCCCCC(=O)C	[3H]CCCCCC(=O)C	InChI=1S/C7H14O/c1-3-4-5-6-7(2)8/h3-6H2,1-2H3/i1T	CATSNJVOTSVZJV-CNRUNOGKSA-N	7-tritioheptan-2-one	schembl18251446
hexanal	6al	6184	100.16	CCCCCC=O	CCCCCC=O	InChI=1S/C6H12O/c1-2-3-4-5-6-7/h6H,2-5H2,1H3	JARKCYVAAOWBJS-UHFFFAOYSA-N	hexanal	hexanal
hexanal	6al	10464313	106.20	CCCCCC=O	[2H]CC([2H])CC([2H])([2H])C([2H])([2H])C=O	InChI=1S/C6H12O/c1-2-3-4-5-6-7/h6H,2-5H2,1H3/i1D,2D,4D2,5D2	JARKCYVAAOWBJS-PZZTWVFFSA-N	2,2,3,3,5,6-hexadeuteriohexanal	2,2,3,3,5,6-hexadeuteriohexanal
hexanal	6al	10630451	104.18	CCCCCC=O	[2H]C([2H])C([2H])([2H])CCCC=O	InChI=1S/C6H12O/c1-2-3-4-5-6-7/h6H,2-5H2,1H3/i1D2,2D2	JARKCYVAAOWBJS-LNLMKGTHSA-N	5,5,6,6-tetradeuteriohexanal	5,5,6,6-tetradeuteriohexanal
hexanal	6al	10887845	104.18	CCCCCC=O	[2H]C(C=O)C([2H])C([2H])([2H])CC	InChI=1S/C6H12O/c1-2-3-4-5-6-7/h6H,2-5H2,1H3/i3D2,4D,5D	JARKCYVAAOWBJS-CIDOUIPQSA-N	2,3,4,4-tetradeuteriohexanal	2,3,4,4-tetradeuteriohexanal
hexanal	6al	11115998	102.17	CCCCCC=O	[2H]CC([2H])CCCC=O	InChI=1S/C6H12O/c1-2-3-4-5-6-7/h6H,2-5H2,1H3/i1D,2D	JARKCYVAAOWBJS-QDNHWIQGSA-N	5,6-dideuteriohexanal	5,6-dideuteriohexanal
hexanal	6al	12207194	101.16	CCCCCC=O	[2H]C(=O)CCCCC	InChI=1S/C6H12O/c1-2-3-4-5-6-7/h6H,2-5H2,1H3/i6D	JARKCYVAAOWBJS-RAMDWTOOSA-N	1-deuteriohexan-1-one	1-deuterohexanal
hexanal	6al	18652427	101.16	CCCCCC=O	[2H]C(CCCC)C=O	InChI=1S/C6H12O/c1-2-3-4-5-6-7/h6H,2-5H2,1H3/i5D	JARKCYVAAOWBJS-UICOGKGYSA-N	2-deuteriohexanal	hexanal-d
hexanal	6al	46844232	103.18	CCCCCC=O	[H][C@@]([2H])(CCC([2H])C[2H])C=O	InChI=1S/C6H12O/c1-2-3-4-5-6-7/h6H,2-5H2,1H3/i1D,2D,5D/t2?,5-/m1/s1	JARKCYVAAOWBJS-DBSIKJIBSA-N	(2R)-2,5,6-trideuteriohexanal	(2R)-2,5,6-trideuteriohexanal
hexanal	6al	71317235	112.23	CCCCCC=O	[2H]C(=O)C([2H])([2H])C([2H])([2H])C([2H])([2H])C([2H])([2H])C([2H])([2H])[2H]	InChI=1S/C6H12O/c1-2-3-4-5-6-7/h6H,2-5H2,1H3/i1D3,2D2,3D2,4D2,5D2,6D	JARKCYVAAOWBJS-PSDCQUMKSA-N	1,2,2,3,3,4,4,5,5,6,6,6-dodecadeuteriohexan-1-one	hexanal-d12
hexanal	6al	101030891	103.18	CCCCCC=O	[2H]C([2H])([2H])CCCCC=O	InChI=1S/C6H12O/c1-2-3-4-5-6-7/h6H,2-5H2,1H3/i1D3	JARKCYVAAOWBJS-FIBGUPNXSA-N	6,6,6-trideuteriohexanal	6,6,6-trideuteriohexanal
hexanal	6al	101386182	102.16	CCCCCC=O	CCCCCC=[18O]	InChI=1S/C6H12O/c1-2-3-4-5-6-7/h6H,2-5H2,1H3/i7+2	JARKCYVAAOWBJS-WGGUOBTBSA-N	hexan(18O)al	hexan(18O)al
hexanal	6al	166512695	106.20	CCCCCC=O	[2H]C([2H])(CC)C([2H])([2H])C([2H])([2H])C=O	InChI=1S/C6H12O/c1-2-3-4-5-6-7/h6H,2-5H2,1H3/i3D2,4D2,5D2	JARKCYVAAOWBJS-RUJHVMJGSA-N	2,2,3,3,4,4-hexadeuteriohexanal	2,2,3,3,4,4-hexadeuteriohexanal
b-citronellol	B-cit	7793	156.26	CC(CCC=C(C)C)CCO	C[C@@H](CCC=C(C)C)CCO	InChI=1S/C10H20O/c1-9(2)5-4-6-10(3)7-8-11/h5,10-11H,4,6-8H2,1-3H3/t10-/m0/s1	QMVPMAAFGQKVCJ-JTQLQIEISA-N	(3S)-3,7-dimethyloct-6-en-1-ol	7540-51-4
b-citronellol	B-cit	8842	156.26	CC(CCC=C(C)C)CCO	CC(CCC=C(C)C)CCO	InChI=1S/C10H20O/c1-9(2)5-4-6-10(3)7-8-11/h5,10-11H,4,6-8H2,1-3H3	QMVPMAAFGQKVCJ-UHFFFAOYSA-N	3,7-dimethyloct-6-en-1-ol	citronellol
b-citronellol	B-cit	101977	156.26	CC(CCC=C(C)C)CCO	C[C@H](CCC=C(C)C)CCO	InChI=1S/C10H20O/c1-9(2)5-4-6-10(3)7-8-11/h5,10-11H,4,6-8H2,1-3H3/t10-/m1/s1	QMVPMAAFGQKVCJ-SNVBAGLBSA-N	(3R)-3,7-dimethyloct-6-en-1-ol	d-citronellol
b-citronellol	B-cit	10702095	159.28	CC(CCC=C(C)C)CCO	[2H]C([2H])([2H])/C(=C\CCC(C)CCO)/C	InChI=1S/C10H20O/c1-9(2)5-4-6-10(3)7-8-11/h5,10-11H,4,6-8H2,1-3H3/i1D3/b9-5+	QMVPMAAFGQKVCJ-SQQQLFPOSA-N	(Z)-8,8,8-trideuterio-3,7-dimethyloct-6-en-1-ol	(Z)-8,8,8-trideuterio-3,7-dimethyloct-6-en-1-ol
b-citronellol	B-cit	12303289	158.28	CC(CCC=C(C)C)CCO	[2H]C([2H])(CC(C)CCC=C(C)C)O	InChI=1S/C10H20O/c1-9(2)5-4-6-10(3)7-8-11/h5,10-11H,4,6-8H2,1-3H3/i8D2	QMVPMAAFGQKVCJ-MGVXTIMCSA-N	1,1-dideuterio-3,7-dimethyloct-6-en-1-ol	6-octen-1,1-d2-1-ol, 3,7-dimethyl-
b-citronellol	B-cit	16054093	159.28	CC(CCC=C(C)C)CCO	[2H]C([2H])([2H])/C(=C/CCC(C)CCO)/C	InChI=1S/C10H20O/c1-9(2)5-4-6-10(3)7-8-11/h5,10-11H,4,6-8H2,1-3H3/i1D3/b9-5-	QMVPMAAFGQKVCJ-FUPYRRPXSA-N	(E)-8,8,8-trideuterio-3,7-dimethyloct-6-en-1-ol	(E)-8,8,8-trideuterio-3,7-dimethyloct-6-en-1-ol
b-citronellol	B-cit	102502416	157.27	CC(CCC=C(C)C)CCO	[2H]C(CC(C)CCC=C(C)C)O	InChI=1S/C10H20O/c1-9(2)5-4-6-10(3)7-8-11/h5,10-11H,4,6-8H2,1-3H3/i8D	QMVPMAAFGQKVCJ-BNEYPBHNSA-N	1-deuterio-3,7-dimethyloct-6-en-1-ol	1-deuterio-3,7-dimethyloct-6-en-1-ol
b-citronellol	B-cit	134965628	159.28	CC(CCC=C(C)C)CCO	[2H]C(C([2H])([2H])[C@H](C)CCC=C(C)C)O	InChI=1S/C10H20O/c1-9(2)5-4-6-10(3)7-8-11/h5,10-11H,4,6-8H2,1-3H3/t10-/m1/s1/i7D2,8D/t8?,10-	QMVPMAAFGQKVCJ-UBGUFCQCSA-N	(3R)-1,2,2-trideuterio-3,7-dimethyloct-6-en-1-ol	(3R)-1,2,2-trideuterio-3,7-dimethyloct-6-en-1-ol
b-citronellol	B-cit	141599061	157.27	CC(CCC=C(C)C)CCO	[2H]C/C(=C\CCC(C)CCO)/C	InChI=1S/C10H20O/c1-9(2)5-4-6-10(3)7-8-11/h5,10-11H,4,6-8H2,1-3H3/i1D/b9-5+	QMVPMAAFGQKVCJ-FLAGVMTMSA-N	(Z)-8-deuterio-3,7-dimethyloct-6-en-1-ol	(Z)-8-deuterio-3,7-dimethyloct-6-en-1-ol
b-citronellol	B-cit	162415691	157.27	CC(CCC=C(C)C)CCO	[H][C@@]([2H])(CC(C)CCC=C(C)C)O	InChI=1S/C10H20O/c1-9(2)5-4-6-10(3)7-8-11/h5,10-11H,4,6-8H2,1-3H3/i8D/t8-,10?/m1/s1	QMVPMAAFGQKVCJ-QTTREFHUSA-N	(1R)-1-deuterio-3,7-dimethyloct-6-en-1-ol	(1R)-1-deuterio-3,7-dimethyloct-6-en-1-ol
isopentyl acetate	IaA	31276	130.18	CC(C)CCOC(=O)C	CC(C)CCOC(=O)C	InChI=1S/C7H14O2/c1-6(2)4-5-9-7(3)8/h6H,4-5H2,1-3H3	MLFHJEHSLIIPHL-UHFFFAOYSA-N	3-methylbutyl acetate	isoamyl acetate
isopentyl acetate	IaA	129885575	133.20	CC(C)CCOC(=O)C	[2H]C([2H])([2H])C(=O)OCCC(C)C	InChI=1S/C7H14O2/c1-6(2)4-5-9-7(3)8/h6H,4-5H2,1-3H3/i3D3	MLFHJEHSLIIPHL-HPRDVNIFSA-N	3-methylbutyl 2,2,2-trideuterioacetate	3-methylbutyl acetate-d3
linalool	Lin	6549	154.25	CC(=CCCC(C)(C=C)O)C	CC(=CCCC(C)(C=C)O)C	InChI=1S/C10H18O/c1-5-10(4,11)8-6-7-9(2)3/h5,7,11H,1,6,8H2,2-4H3	CDOSHBSSFJOMGT-UHFFFAOYSA-N	3,7-dimethylocta-1,6-dien-3-ol	linalool
linalool	Lin	67179	154.25	CC(=CCCC(C)(C=C)O)C	CC(=CCC[C@@](C)(C=C)O)C	InChI=1S/C10H18O/c1-5-10(4,11)8-6-7-9(2)3/h5,7,11H,1,6,8H2,2-4H3/t10-/m1/s1	CDOSHBSSFJOMGT-SNVBAGLBSA-N	(3S)-3,7-dimethylocta-1,6-dien-3-ol	126-90-9
linalool	Lin	443158	154.25	CC(=CCCC(C)(C=C)O)C	CC(=CCC[C@](C)(C=C)O)C	InChI=1S/C10H18O/c1-5-10(4,11)8-6-7-9(2)3/h5,7,11H,1,6,8H2,2-4H3/t10-/m0/s1	CDOSHBSSFJOMGT-JTQLQIEISA-N	(3R)-3,7-dimethylocta-1,6-dien-3-ol	(-)-linalool
linalool	Lin	44119885	157.27	CC(=CCCC(C)(C=C)O)C	[2H]C(=C([2H])C(C)(CCC=C(C)C)O)[2H]	InChI=1S/C10H18O/c1-5-10(4,11)8-6-7-9(2)3/h5,7,11H,1,6,8H2,2-4H3/i1D2,5D	CDOSHBSSFJOMGT-WSWICNJZSA-N	1,1,2-trideuterio-3,7-dimethylocta-1,6-dien-3-ol	(+/-)-linalool-d3
linalool	Lin	129849222	159.28	CC(=CCCC(C)(C=C)O)C	[2H]C([2H])C(CCC=C(C)C)(C(=C([2H])[2H])[2H])O	InChI=1S/C10H18O/c1-5-10(4,11)8-6-7-9(2)3/h5,7,11H,1,6,8H2,2-4H3/i1D2,4D2,5D	CDOSHBSSFJOMGT-GYCZTXFPSA-N	1,1,2-trideuterio-3-(dideuteriomethyl)-7-methylocta-1,6-dien-3-ol	1,1,2-trideuterio-3-(dideuteriomethyl)-7-methylocta-1,6-dien-3-ol
linalool	Lin	129851089	157.27	CC(=CCCC(C)(C=C)O)C	[2H]C([2H])([2H])C(CCC=C(C)C)(C=C)O	InChI=1S/C10H18O/c1-5-10(4,11)8-6-7-9(2)3/h5,7,11H,1,6,8H2,2-4H3/i4D3	CDOSHBSSFJOMGT-GKOSEXJESA-N	7-methyl-3-(trideuteriomethyl)octa-1,6-dien-3-ol	trideutero linalool
linalool	Lin	134979596	155.26	CC(=CCCC(C)(C=C)O)C	[2H]C=CC(C)(CCC=C(C)C)O	InChI=1S/C10H18O/c1-5-10(4,11)8-6-7-9(2)3/h5,7,11H,1,6,8H2,2-4H3/i1D	CDOSHBSSFJOMGT-MICDWDOJSA-N	1-deuterio-3,7-dimethylocta-1,6-dien-3-ol	1-deuterio-3,7-dimethylocta-1,6-dien-3-ol
acetic acid	aa	175	59.04	CC(=O)[O-]	CC(=O)[O-]	InChI=1S/C2H4O2/c1-2(3)4/h1H3,(H,3,4)/p-1	QTBSBXVTEAMEQO-UHFFFAOYSA-M	acetate	acetate
acetic acid	aa	176	60.05	CC(=O)O	CC(=O)O	InChI=1S/C2H4O2/c1-2(3)4/h1H3,(H,3,4)	QTBSBXVTEAMEQO-UHFFFAOYSA-N	acetic acid	acetic acid
acetic acid	aa	136860	63.07	CC(=O)O	[2H]C([2H])([2H])C(=O)O	InChI=1S/C2H4O2/c1-2(3)4/h1H3,(H,3,4)/i1D3	QTBSBXVTEAMEQO-FIBGUPNXSA-N	2,2,2-trideuterioacetic acid	acetic acid-2,2,2-d3
acetic acid	aa	164769	62.045	CC(=O)O	C[14C](=O)O	InChI=1S/C2H4O2/c1-2(3)4/h1H3,(H,3,4)/i2+2	QTBSBXVTEAMEQO-HQMMCQRPSA-N	acetic acid	acetic acid c-14
acetic acid	aa	450347	59.053	CC(=O)O	[11CH3]C(=O)O	InChI=1S/C2H4O2/c1-2(3)4/h1H3,(H,3,4)/i1-1	QTBSBXVTEAMEQO-BJUDXGSMSA-N	acetic acid	moli001149
acetic acid	aa	450349	59.053	CC(=O)O	C[11C](=O)O	InChI=1S/C2H4O2/c1-2(3)4/h1H3,(H,3,4)/i2-1	QTBSBXVTEAMEQO-JVVVGQRLSA-N	acetic acid	acetic acid c-11
acetic acid	aa	2723902	61.06	CC(=O)O	[2H]OC(=O)C	InChI=1S/C2H4O2/c1-2(3)4/h1H3,(H,3,4)/i/hD	QTBSBXVTEAMEQO-DYCDLGHISA-N	deuterio acetate	acetic acid-d
acetic acid	aa	2723903	64.08	CC(=O)O	[2H]C([2H])([2H])C(=O)O[2H]	InChI=1S/C2H4O2/c1-2(3)4/h1H3,(H,3,4)/i1D3/hD	QTBSBXVTEAMEQO-GUEYOVJQSA-N	deuterio 2,2,2-trideuterioacetate	acetic acid-d4
acetic acid	aa	6912037	62.06	CC(=O)O	[3H]CC(=O)O	InChI=1S/C2H4O2/c1-2(3)4/h1H3,(H,3,4)/i1T	QTBSBXVTEAMEQO-CNRUNOGKSA-N	2-tritioacetic acid	2-tritioacetic acid
acetic acid	aa	10153982	61.045	CC(=O)O	C[13C](=O)O	InChI=1S/C2H4O2/c1-2(3)4/h1H3,(H,3,4)/i2+1	QTBSBXVTEAMEQO-VQEHIDDOSA-N	acetic acid	acetic acid-1-13c
acetic acid	aa	10887817	63.07	CC(=O)O	[2H]C([3H])C(=O)O	InChI=1S/C2H4O2/c1-2(3)4/h1H3,(H,3,4)/i1TD	QTBSBXVTEAMEQO-XIGASBNHSA-N	2-deuterio-2-tritioacetic acid	2-deuterio-2-tritioacetic acid
acetic acid	aa	11182567	62.037	CC(=O)O	[13CH3][13C](=O)O	InChI=1S/C2H4O2/c1-2(3)4/h1H3,(H,3,4)/i1+1,2+1	QTBSBXVTEAMEQO-ZDOIIHCHSA-N	acetic acid	acetic acid-13c2
acetic acid	aa	11378450	64.037	CC(=O)O	[14CH3][14C](=O)O	InChI=1S/C2H4O2/c1-2(3)4/h1H3,(H,3,4)/i1+2,2+2	QTBSBXVTEAMEQO-XPULMUKRSA-N	acetic acid	acetic acid
acetic acid	aa	12220503	62.045	CC(=O)O	[14CH3]C(=O)O	InChI=1S/C2H4O2/c1-2(3)4/h1H3,(H,3,4)/i1+2	QTBSBXVTEAMEQO-NJFSPNSNSA-N	acetic acid	acetic acid
acetic acid	aa	12220504	61.045	CC(=O)O	[13CH3]C(=O)O	InChI=1S/C2H4O2/c1-2(3)4/h1H3,(H,3,4)/i1+1	QTBSBXVTEAMEQO-OUBTZVSYSA-N	acetic acid	acetic acid-2-13c
acetic acid	aa	12220505	62.05	CC(=O)O	CC(=[18O])O	InChI=1S/C2H4O2/c1-2(3)4/h1H3,(H,3,4)/i3+2	QTBSBXVTEAMEQO-YZRHJBSPSA-N	acetic acid	acetic acid
acetic acid	aa	12220506	61.06	CC(=O)O	[2H]CC(=O)O	InChI=1S/C2H4O2/c1-2(3)4/h1H3,(H,3,4)/i1D	QTBSBXVTEAMEQO-MICDWDOJSA-N	2-deuterioacetic acid	deuteroacetic acid
acetic acid	aa	12220507	62.06	CC(=O)O	[2H]C([2H])C(=O)O	InChI=1S/C2H4O2/c1-2(3)4/h1H3,(H,3,4)/i1D2	QTBSBXVTEAMEQO-DICFDUPASA-N	2,2-dideuterioacetic acid	2,2-dideuterioacetic acid
acetic acid	aa	12220510	64.063	CC(=O)O	[2H]C([2H])([2H])[13C](=O)O	InChI=1S/C2H4O2/c1-2(3)4/h1H3,(H,3,4)/i1D3,2+1	QTBSBXVTEAMEQO-HZPPXAECSA-N	2,2,2-trideuterioacetic acid	acetic acid-1-13c-2,2,2-d3
acetic acid	aa	12220511	64.063	CC(=O)O	[2H][13C]([2H])([2H])C(=O)O	InChI=1S/C2H4O2/c1-2(3)4/h1H3,(H,3,4)/i1+1D3	QTBSBXVTEAMEQO-KQORAOOSSA-N	2,2,2-trideuterioacetic acid	79562-15-5
acetic acid	aa	12220513	66.08	CC(=O)O	[3H]C([3H])([3H])C(=O)O	InChI=1S/C2H4O2/c1-2(3)4/h1H3,(H,3,4)/i1T3	QTBSBXVTEAMEQO-RLXJOQACSA-N	2,2,2-tritritioacetic acid	2,2,2-tritritioacetic acid
acetic acid	aa	12247676	65.056	CC(=O)O	[2H][13C]([2H])([2H])[13C](=O)O	InChI=1S/C2H4O2/c1-2(3)4/h1H3,(H,3,4)/i1+1D3,2+1	QTBSBXVTEAMEQO-SCDGQEOFSA-N	2,2,2-trideuterioacetic acid	107745-70-0
acetic acid	aa	12247680	65.044	CC(=O)O	C[13C](=[18O])[18OH]	InChI=1S/C2H4O2/c1-2(3)4/h1H3,(H,3,4)/i2+1,3+2,4+2	QTBSBXVTEAMEQO-MJNZQUNXSA-N	acetic acid	acetic acid
acetic acid	aa	16211886	65.069	CC(=O)O	[2H]C([2H])([2H])[13C](=O)O[2H]	InChI=1S/C2H4O2/c1-2(3)4/h1H3,(H,3,4)/i1D3,2+1/hD	QTBSBXVTEAMEQO-OIFRIMMXSA-N	deuterio 2,2,2-trideuterioacetate	63459-47-2
acetic acid	aa	16213363	64.05	CC(=O)O	CC(=[18O])[18OH]	InChI=1S/C2H4O2/c1-2(3)4/h1H3,(H,3,4)/i3+2,4+2	QTBSBXVTEAMEQO-NUQCWPJISA-N	acetic acid	acetic acid-18o2
acetic acid	aa	16213521	62.05	CC(=O)O	CC(=[17O])[17OH]	InChI=1S/C2H4O2/c1-2(3)4/h1H3,(H,3,4)/i3+1,4+1	QTBSBXVTEAMEQO-CQDYUVAPSA-N	acetic acid	acetic acid-17o2, 20 atom % 17o
acetic acid	aa	54245616	62.06	CC(=O)O	[3H]OC(=O)C	InChI=1S/C2H4O2/c1-2(3)4/h1H3,(H,3,4)/i/hT	QTBSBXVTEAMEQO-MNYXATJNSA-N	tritio acetate	tritio acetate
acetic acid	aa	56951349	66.062	CC(=O)O	[2H][13C]([2H])([2H])[13C](=O)O[2H]	InChI=1S/C2H4O2/c1-2(3)4/h1H3,(H,3,4)/i1+1D3,2+1/hD	QTBSBXVTEAMEQO-KXDICUDOSA-N	deuterio 2,2,2-trideuterioacetate	acetic acid-13c2,d4, 98 atom % d, 99 atom % 13c
acetic acid	aa	57616952	65.056	CC(=O)O	[2H][13CH]([2H])[13C](=O)O[2H]	InChI=1S/C2H4O2/c1-2(3)4/h1H3,(H,3,4)/i1+1D2,2+1/hD	QTBSBXVTEAMEQO-GLDNNCGESA-N	deuterio 2,2-dideuterioacetate	deuterio 2,2-dideuterioacetate
acetic acid	aa	59032882	64.056	CC(=O)O	C[16C](=O)O	InChI=1S/C2H4O2/c1-2(3)4/h1H3,(H,3,4)/i2+4	QTBSBXVTEAMEQO-XKBLRHCCSA-N	acetic acid	acetic acid
acetic acid	aa	71309200	60.031	CC(=O)O	[12CH3][12C](=O)O	InChI=1S/C2H4O2/c1-2(3)4/h1H3,(H,3,4)/i1+0,2+0	QTBSBXVTEAMEQO-ZCWHFVSRSA-N	acetic acid	(~12~c_2_)acetic acid
acetic acid	aa	91407193	63.07	CC(=O)O	[2H]C([2H])C(=O)O[2H]	InChI=1S/C2H4O2/c1-2(3)4/h1H3,(H,3,4)/i1D2/hD	QTBSBXVTEAMEQO-RIAYTAFFSA-N	deuterio 2,2-dideuterioacetate	deuterio 2,2-dideuterioacetate
acetic acid	aa	102009676	63.044	CC(=O)O	C[13C](=[18O])O	InChI=1S/C2H4O2/c1-2(3)4/h1H3,(H,3,4)/i2+1,3+2	QTBSBXVTEAMEQO-JFJVQQHZSA-N	acetic acid	acetic acid
acetic acid	aa	117064234	65.069	CC(=O)O	[2H][13C]([2H])([2H])C(=O)O[2H]	InChI=1S/C2H4O2/c1-2(3)4/h1H3,(H,3,4)/i1+1D3/hD	QTBSBXVTEAMEQO-QSDIBYPISA-N	deuterio 2,2,2-trideuterioacetate	acetic acid-2-13c,d4
acetic acid	aa	134081558	60.041	CC(=O)O	[12CH3]C(=O)O	InChI=1S/C2H4O2/c1-2(3)4/h1H3,(H,3,4)/i1+0	QTBSBXVTEAMEQO-IGMARMGPSA-N	acetic acid	acetic acid
acetic acid	aa	134081802	63.060	CC(=O)O	[2H][12C]([2H])([2H])C(=O)O	InChI=1S/C2H4O2/c1-2(3)4/h1H3,(H,3,4)/i1+0D3	QTBSBXVTEAMEQO-GIOFAXNUSA-N	2,2,2-trideuterioacetic acid	2,2,2-trideuterioacetic acid
acetic acid	aa	146028093	63.07	CC(=O)O	[H][C@]([2H])([3H])C(=O)O	InChI=1S/C2H4O2/c1-2(3)4/h1H3,(H,3,4)/i1TD/t1-/m0/s1	QTBSBXVTEAMEQO-LWMVNMIGSA-N	(2S)-2-deuterio-2-tritioacetic acid	(2S)-2-deuterio-2-tritioacetic acid
acetic acid	aa	146032086	63.07	CC(=O)O	[H][C@@]([2H])([3H])C(=O)O	InChI=1S/C2H4O2/c1-2(3)4/h1H3,(H,3,4)/i1TD/t1-/m1/s1	QTBSBXVTEAMEQO-JNGZLSEDSA-N	(2R)-2-deuterio-2-tritioacetic acid	(2R)-2-deuterio-2-tritioacetic acid
acetic acid	aa	153807964	67.076	CC(=O)O	C[19C](=O)O	InChI=1S/C2H4O2/c1-2(3)4/h1H3,(H,3,4)/i2+7	QTBSBXVTEAMEQO-WVAWLFATSA-N	acetic acid	acetic acid
acetic acid	aa	160511321	67.076	CC(=O)O	[19CH3]C(=O)O	InChI=1S/C2H4O2/c1-2(3)4/h1H3,(H,3,4)/i1+7	QTBSBXVTEAMEQO-RKEGKUSMSA-N	acetic acid	acetic acid
benzaldehyde	benz	240	106.12	C1=CC=C(C=C1)C=O	C1=CC=C(C=C1)C=O	InChI=1S/C7H6O/c8-6-7-4-2-1-3-5-7/h1-6H	HUMNYLRZRPPJDN-UHFFFAOYSA-N	benzaldehyde	benzaldehyde
benzaldehyde	benz	451255	105.12	C1=CC=C(C=C1)C=O	C1=CC=C(C=C1)[11CH]=O	InChI=1S/C7H6O/c8-6-7-4-2-1-3-5-7/h1-6H/i6-1	HUMNYLRZRPPJDN-KWCOIAHCSA-N	benzaldehyde	moli001868
benzaldehyde	benz	10351662	107.12	C1=CC=C(C=C1)C=O	C1=CC=C(C=C1)C=[17O]	InChI=1S/C7H6O/c8-6-7-4-2-1-3-5-7/h1-6H/i8+1	HUMNYLRZRPPJDN-VJJZLTLGSA-N	(17O)benzaldehyde	(17O)benzaldehyde
benzaldehyde	benz	10877067	107.11	C1=CC=C(C=C1)C=O	C1=CC=C(C=C1)[13CH]=O	InChI=1S/C7H6O/c8-6-7-4-2-1-3-5-7/h1-6H/i6+1	HUMNYLRZRPPJDN-PTQBSOBMSA-N	benzaldehyde	10383-90-1
benzaldehyde	benz	10887848	107.13	C1=CC=C(C=C1)C=O	[2H]C(=O)C1=CC=CC=C1	InChI=1S/C7H6O/c8-6-7-4-2-1-3-5-7/h1-6H/i6D	HUMNYLRZRPPJDN-RAMDWTOOSA-N	deuterio(phenyl)methanone	deuterio(phenyl)methanone
benzaldehyde	benz	10931392	112.078	C1=CC=C(C=C1)C=O	[13CH]1=[13CH][13CH]=[13C]([13CH]=[13CH]1)C=O	InChI=1S/C7H6O/c8-6-7-4-2-1-3-5-7/h1-6H/i1+1,2+1,3+1,4+1,5+1,7+1	HUMNYLRZRPPJDN-ZXJNGCBISA-N	(1,2,3,4,5,6-13C6)cyclohexatrienecarbaldehyde	benz-13c6-aldehyde
benzaldehyde	benz	11007839	107.11	C1=CC=C(C=C1)C=O	C1=CC=[13C](C=C1)C=O	InChI=1S/C7H6O/c8-6-7-4-2-1-3-5-7/h1-6H/i7+1	HUMNYLRZRPPJDN-CDYZYAPPSA-N	(113C)cyclohexatrienecarbaldehyde	schembl9236967
benzaldehyde	benz	11159309	111.15	C1=CC=C(C=C1)C=O	[2H]C1=C(C(=C(C(=C1[2H])[2H])C=O)[2H])[2H]	InChI=1S/C7H6O/c8-6-7-4-2-1-3-5-7/h1-6H/i1D,2D,3D,4D,5D	HUMNYLRZRPPJDN-RALIUCGRSA-N	2,3,4,5,6-pentadeuteriobenzaldehyde	benzaldehyde-2,3,4,5,6-d5
benzaldehyde	benz	12998375	108.13	C1=CC=C(C=C1)C=O	[3H]C(=O)C1=CC=CC=C1	InChI=1S/C7H6O/c8-6-7-4-2-1-3-5-7/h1-6H/i6T	HUMNYLRZRPPJDN-NGIXYFTOSA-N	phenyl(tritio)methanone	schembl15086917
benzaldehyde	benz	12998376	107.13	C1=CC=C(C=C1)C=O	[2H]C1=C(C=CC=C1)C=O	InChI=1S/C7H6O/c8-6-7-4-2-1-3-5-7/h1-6H/i4D	HUMNYLRZRPPJDN-QYKNYGDISA-N	2-deuteriobenzaldehyde	deuterobenzaldehyde
benzaldehyde	benz	12998377	108.11	C1=CC=C(C=C1)C=O	C1=CC=C(C=C1)[14CH]=O	InChI=1S/C7H6O/c8-6-7-4-2-1-3-5-7/h1-6H/i6+2	HUMNYLRZRPPJDN-ZQBYOMGUSA-N	benzaldehyde	benzaldehyde
benzaldehyde	benz	12998378	112.16	C1=CC=C(C=C1)C=O	[2H]C1=C(C(=C(C(=C1[2H])[2H])C(=O)[2H])[2H])[2H]	InChI=1S/C7H6O/c8-6-7-4-2-1-3-5-7/h1-6H/i1D,2D,3D,4D,5D,6D	HUMNYLRZRPPJDN-MZWXYZOWSA-N	deuterio-(2,3,4,5,6-pentadeuteriophenyl)methanone	benzaldehyde-d6
benzaldehyde	benz	12998379	108.12	C1=CC=C(C=C1)C=O	C1=CC=C(C=C1)C=[18O]	InChI=1S/C7H6O/c8-6-7-4-2-1-3-5-7/h1-6H/i8+2	HUMNYLRZRPPJDN-PPJXEINESA-N	(18O)benzaldehyde	(18o)benzaldehyde
benzaldehyde	benz	16213526	108.12	C1=CC=C(C=C1)C=O	[2H][13C](=O)C1=CC=CC=C1	InChI=1S/C7H6O/c8-6-7-4-2-1-3-5-7/h1-6H/i6+1D	HUMNYLRZRPPJDN-KFNOGTNBSA-N	deuterio(phenyl)(113C)methanone	155638-70-3
benzaldehyde	benz	18635297	108.13	C1=CC=C(C=C1)C=O	[2H]C1=C(C=CC=C1)C(=O)[2H]	InChI=1S/C7H6O/c8-6-7-4-2-1-3-5-7/h1-6H/i4D,6D	HUMNYLRZRPPJDN-QRZVFWKLSA-N	deuterio-(2-deuteriophenyl)methanone	schembl9483694
benzaldehyde	benz	22861502	106.11	C1=CC=C(C=C1)C=O	C1=CC=[12C](C=C1)C=O	InChI=1S/C7H6O/c8-6-7-4-2-1-3-5-7/h1-6H/i7+0	HUMNYLRZRPPJDN-BNTXRSFWSA-N	(112C)cyclohexatrienecarbaldehyde	(112C)cyclohexatrienecarbaldehyde
benzaldehyde	benz	53897190	108.11	C1=CC=C(C=C1)C=O	C1=CC=[14C](C=C1)C=O	InChI=1S/C7H6O/c8-6-7-4-2-1-3-5-7/h1-6H/i7+2	HUMNYLRZRPPJDN-WGGUOBTBSA-N	(114C)cyclohexatrienecarbaldehyde	(114C)cyclohexatrienecarbaldehyde
benzaldehyde	benz	59037040	107.13	C1=CC=C(C=C1)C=O	[2H]C1=CC=C(C=C1)C=O	InChI=1S/C7H6O/c8-6-7-4-2-1-3-5-7/h1-6H/i1D	HUMNYLRZRPPJDN-MICDWDOJSA-N	4-deuteriobenzaldehyde	4-deuteriobenzaldehyde
benzaldehyde	benz	59963775	108.13	C1=CC=C(C=C1)C=O	[3H]C1=C(C=CC=C1)C=O	InChI=1S/C7H6O/c8-6-7-4-2-1-3-5-7/h1-6H/i4T	HUMNYLRZRPPJDN-IBTRZKOZSA-N	2-tritiobenzaldehyde	2-tritiobenzaldehyde
benzaldehyde	benz	100957051	113.071	C1=CC=C(C=C1)C=O	[13CH]1=[13CH][13CH]=[13C]([13CH]=[13CH]1)[13CH]=O	InChI=1S/C7H6O/c8-6-7-4-2-1-3-5-7/h1-6H/i1+1,2+1,3+1,4+1,5+1,6+1,7+1	HUMNYLRZRPPJDN-BNUYUSEDSA-N	(1,2,3,4,5,6-13C6)cyclohexatrienecarbaldehyde	(1,2,3,4,5,6-13C6)cyclohexatrienecarbaldehyde
benzaldehyde	benz	117064281	113.15	C1=CC=C(C=C1)C=O	[2H]C1=C(C(=C(C(=C1[2H])[2H])[13C](=O)[2H])[2H])[2H]	InChI=1S/C7H6O/c8-6-7-4-2-1-3-5-7/h1-6H/i1D,2D,3D,4D,5D,6+1D	HUMNYLRZRPPJDN-KPGMFROBSA-N	deuterio-(2,3,4,5,6-pentadeuteriophenyl)(113C)methanone	benzaldehyde-alpha-13c,d6, 98 atom % d, 99 atom % 13c
benzaldehyde	benz	124004125	112.078	C1=CC=C(C=C1)C=O	C1=[13CH][13CH]=[13CH][13CH]=[13C]1[13CH]=O	InChI=1S/C7H6O/c8-6-7-4-2-1-3-5-7/h1-6H/i1+1,2+1,3+1,4+1,6+1,7+1	HUMNYLRZRPPJDN-ZFJHNFROSA-N	(1,2,3,4,5-13C5)cyclohexatrienecarbaldehyde	(1,2,3,4,5-13C5)cyclohexatrienecarbaldehyde
benzaldehyde	benz	163629041	110.15	C1=CC=C(C=C1)C=O	[2H]C1=CC(=C(C(=C1[2H])C=O)[2H])[2H]	InChI=1S/C7H6O/c8-6-7-4-2-1-3-5-7/h1-6H/i2D,3D,4D,5D	HUMNYLRZRPPJDN-QFFDRWTDSA-N	2,3,5,6-tetradeuteriobenzaldehyde	2,3,5,6-tetradeuteriobenzaldehyde
ethyl butyrate	eb	7762	116.16	CCCC(=O)OCC	CCCC(=O)OCC	InChI=1S/C6H12O2/c1-3-5-6(7)8-4-2/h3-5H2,1-2H3	OBNCKNCVKJNDBV-UHFFFAOYSA-N	ethyl butanoate	ethyl butyrate
ethyl butyrate	eb	12254374	119.18	CCCC(=O)OCC	[2H]C([2H])([2H])CCC(=O)OCC	InChI=1S/C6H12O2/c1-3-5-6(7)8-4-2/h3-5H2,1-2H3/i1D3	OBNCKNCVKJNDBV-FIBGUPNXSA-N	ethyl 4,4,4-trideuteriobutanoate	113435-99-7
ethyl butyrate	eb	91748625	123.20	CCCC(=O)OCC	[2H]C([2H])([2H])C([2H])([2H])C([2H])([2H])C(=O)OCC	InChI=1S/C6H12O2/c1-3-5-6(7)8-4-2/h3-5H2,1-2H3/i1D3,3D2,5D2	OBNCKNCVKJNDBV-HJHJEWFGSA-N	ethyl 2,2,3,3,4,4,4-heptadeuteriobutanoate	ethyl butanoate-d3
ethyl butyrate	eb	129885526	121.19	CCCC(=O)OCC	[2H]CC([2H])([2H])C([2H])([2H])C(=O)OCC	InChI=1S/C6H12O2/c1-3-5-6(7)8-4-2/h3-5H2,1-2H3/i1D,3D2,5D2	OBNCKNCVKJNDBV-KIULXSTESA-N	ethyl 2,2,3,3,4-pentadeuteriobutanoate	ethyl butanoate-d5
ethyl butyrate	eb	131667872	121.19	CCCC(=O)OCC	[2H]C([2H])([2H])C([2H])([2H])OC(=O)CCC	InChI=1S/C6H12O2/c1-3-5-6(7)8-4-2/h3-5H2,1-2H3/i2D3,4D2	OBNCKNCVKJNDBV-PVGOWFQYSA-N	1,1,2,2,2-pentadeuterioethyl butanoate	ethyl-d5butyrate
ethyl butyrate	eb	157463359	118.14	CCCC(=O)OCC	CC[13CH2][13C](=O)OCC	InChI=1S/C6H12O2/c1-3-5-6(7)8-4-2/h3-5H2,1-2H3/i5+1,6+1	OBNCKNCVKJNDBV-MPOCSFTDSA-N	ethyl (1,2-13C2)butanoate	ethyl (1,2-13C2)butanoate
ethyl propionate	ep	7749	102.13	CCC(=O)OCC	CCC(=O)OCC	InChI=1S/C5H10O2/c1-3-5(6)7-4-2/h3-4H2,1-2H3	FKRCODPIKNYEAC-UHFFFAOYSA-N	ethyl propanoate	ethyl propionate
ethyl propionate	ep	12229102	103.14	CCC(=O)OCC	[2H]C(C)C(=O)OCC	InChI=1S/C5H10O2/c1-3-5(6)7-4-2/h3-4H2,1-2H3/i3D	FKRCODPIKNYEAC-WFVSFCRTSA-N	ethyl 2-deuteriopropanoate	ethyl 2-deuteriopropanoate
ethyl propionate	ep	12229103	103.12	CCC(=O)OCC	CC[13C](=O)OCC	InChI=1S/C5H10O2/c1-3-5(6)7-4-2/h3-4H2,1-2H3/i5+1	FKRCODPIKNYEAC-HOSYLAQJSA-N	ethyl (113C)propanoate	ethyl propionate-1-13c
ethyl propionate	ep	89254459	107.16	CCC(=O)OCC	[2H]C([2H])([2H])C([2H])([2H])C(=O)OCC	InChI=1S/C5H10O2/c1-3-5(6)7-4-2/h3-4H2,1-2H3/i1D3,3D2	FKRCODPIKNYEAC-WNWXXORZSA-N	ethyl 2,2,3,3,3-pentadeuteriopropanoate	schembl14133738
ethyl propionate	ep	129773439	103.14	CCC(=O)OCC	[2H]CCOC(=O)CC	InChI=1S/C5H10O2/c1-3-5(6)7-4-2/h3-4H2,1-2H3/i2D	FKRCODPIKNYEAC-VMNATFBRSA-N	2-deuterioethyl propanoate	deuteroethyl propionate
ethyl propionate	ep	163553036	104.14	CCC(=O)OCC	[2H]CC([2H])C(=O)OCC	InChI=1S/C5H10O2/c1-3-5(6)7-4-2/h3-4H2,1-2H3/i1D,3D	FKRCODPIKNYEAC-SDTNDFKLSA-N	ethyl 2,3-dideuteriopropanoate	ethyl 2,3-dideuteriopropanoate
ethyl propionate	ep	169445892	105.15	CCC(=O)OCC	[2H]C([2H])([2H])CC(=O)OCC	InChI=1S/C5H10O2/c1-3-5(6)7-4-2/h3-4H2,1-2H3/i1D3	FKRCODPIKNYEAC-FIBGUPNXSA-N	ethyl 3,3,3-trideuteriopropanoate	propionic acid ethyl-d3 ester
methyl salicylate	ms	4133	152.15	COC(=O)C1=CC=CC=C1O	COC(=O)C1=CC=CC=C1O	InChI=1S/C8H8O3/c1-11-8(10)6-4-2-3-5-7(6)9/h2-5,9H,1H3	OSWPMRLSEDHDFF-UHFFFAOYSA-N	methyl 2-hydroxybenzoate	methyl salicylate
methyl salicylate	ms	11378589	151.15	COC(=O)C1=CC=CC=C1O	[11CH3]OC(=O)C1=CC=CC=C1O	InChI=1S/C8H8O3/c1-11-8(10)6-4-2-3-5-7(6)9/h2-5,9H,1H3/i1-1	OSWPMRLSEDHDFF-BJUDXGSMSA-N	(111C)methyl 2-hydroxybenzoate	(111C)methyl 2-hydroxybenzoate
methyl salicylate	ms	12196098	153.15	COC(=O)C1=CC=CC=C1O	[2H]C1=C(C(=CC=C1)C(=O)OC)O	InChI=1S/C8H8O3/c1-11-8(10)6-4-2-3-5-7(6)9/h2-5,9H,1H3/i5D	OSWPMRLSEDHDFF-UICOGKGYSA-N	methyl 3-deuterio-2-hydroxybenzoate	methyl 3-deuterio-2-hydroxybenzoate
methyl salicylate	ms	16216930	156.17	COC(=O)C1=CC=CC=C1O	[2H]C([2H])([2H])OC(=O)C1=CC=CC=C1O[2H]	InChI=1S/C8H8O3/c1-11-8(10)6-4-2-3-5-7(6)9/h2-5,9H,1H3/i1D3/hD	OSWPMRLSEDHDFF-GUEYOVJQSA-N	trideuteriomethyl 2-deuteriooxybenzoate	methyl-d3 salicylate-od
methyl salicylate	ms	129849694	156.17	COC(=O)C1=CC=CC=C1O	[2H]C1=C(C(=C(C(=C1[2H])C(=O)OC)O)[2H])[2H]	InChI=1S/C8H8O3/c1-11-8(10)6-4-2-3-5-7(6)9/h2-5,9H,1H3/i2D,3D,4D,5D	OSWPMRLSEDHDFF-QFFDRWTDSA-N	methyl 2,3,4,5-tetradeuterio-6-hydroxybenzoate	methyl 2-hydroxybenzoate-3,4,5,6-d4
methyl salicylate	ms	129851308	155.17	COC(=O)C1=CC=CC=C1O	[2H]C1=C(C(=C(C(=C1)C(=O)OC)O)[2H])[2H]	InChI=1S/C8H8O3/c1-11-8(10)6-4-2-3-5-7(6)9/h2-5,9H,1H3/i2D,3D,5D	OSWPMRLSEDHDFF-UHQGOLLYSA-N	methyl 3,4,5-trideuterio-2-hydroxybenzoate	methyl salicylate-d3
methyl salicylate	ms	134915257	154.16	COC(=O)C1=CC=CC=C1O	[2H]C1=C(C(=C(C=C1)[2H])O)C(=O)OC	InChI=1S/C8H8O3/c1-11-8(10)6-4-2-3-5-7(6)9/h2-5,9H,1H3/i4D,5D	OSWPMRLSEDHDFF-KFRNQKGQSA-N	methyl 3,6-dideuterio-2-hydroxybenzoate	methyl 3,6-dideuterio-2-hydroxybenzoate
methyl salicylate	ms	169443924	155.17	COC(=O)C1=CC=CC=C1O	[2H]C([2H])([2H])OC(=O)C1=CC=CC=C1O	InChI=1S/C8H8O3/c1-11-8(10)6-4-2-3-5-7(6)9/h2-5,9H,1H3/i1D3	OSWPMRLSEDHDFF-FIBGUPNXSA-N	trideuteriomethyl 2-hydroxybenzoate	methylsalicylate-d3
pentyl acetate	pa	12348	130.18	CCCCCOC(=O)C	CCCCCOC(=O)C	InChI=1S/C7H14O2/c1-3-4-5-6-9-7(2)8/h3-6H2,1-2H3	PGMYKACGEOXYJE-UHFFFAOYSA-N	pentyl acetate	amyl acetate
pentyl acetate	pa	91748638	132.20	CCCCCOC(=O)C	[2H]C([2H])C(=O)OCCCCC	InChI=1S/C7H14O2/c1-3-4-5-6-9-7(2)8/h3-6H2,1-2H3/i2D2	PGMYKACGEOXYJE-CBTSVUPCSA-N	pentyl 2,2-dideuterioacetate	pentyl-d2 acetate
pentyl acetate	pa	91748639	133.20	CCCCCOC(=O)C	[2H]C([2H])([2H])C(=O)OCCCCC	InChI=1S/C7H14O2/c1-3-4-5-6-9-7(2)8/h3-6H2,1-2H3/i2D3	PGMYKACGEOXYJE-BMSJAHLVSA-N	pentyl 2,2,2-trideuterioacetate	pentyl-d3 acetate
pentyl acetate	pa	163296862	132.20	CCCCCOC(=O)C	[2H]C([2H])(CC)CCOC(=O)C	InChI=1S/C7H14O2/c1-3-4-5-6-9-7(2)8/h3-6H2,1-2H3/i4D2	PGMYKACGEOXYJE-APZFVMQVSA-N	3,3-dideuteriopentyl acetate	3,3-dideuteriopentyl acetate
trans-2-hexenal	t2h	10460	98.14	CCCC=CC=O	CCCC=CC=O	InChI=1S/C6H10O/c1-2-3-4-5-6-7/h4-6H,2-3H2,1H3	MBDOYVRWFFCFHM-UHFFFAOYSA-N	hex-2-enal	hexenal
trans-2-hexenal	t2h	5281168	98.14	CCCC=CC=O	CCC/C=C/C=O	InChI=1S/C6H10O/c1-2-3-4-5-6-7/h4-6H,2-3H2,1H3/b5-4+	MBDOYVRWFFCFHM-SNAWJCMRSA-N	(E)-hex-2-enal	trans-2-hexenal
trans-2-hexenal	t2h	6428782	98.14	CCCC=CC=O	CCC/C=C\C=O	InChI=1S/C6H10O/c1-2-3-4-5-6-7/h4-6H,2-3H2,1H3/b5-4-	MBDOYVRWFFCFHM-PLNGDYQASA-N	(Z)-hex-2-enal	cis-2-hexenal
trans-2-hexenal	t2h	10464307	101.16	CCCC=CC=O	[2H]C([2H])([2H])CC/C=C/C=O	InChI=1S/C6H10O/c1-2-3-4-5-6-7/h4-6H,2-3H2,1H3/b5-4+/i1D3	MBDOYVRWFFCFHM-TYYDCBDZSA-N	(E)-6,6,6-trideuteriohex-2-enal	2e-hexenal-d3
trans-2-hexenal	t2h	44606483	99.15	CCCC=CC=O	[2H]/C(=C\C=O)/CCC	InChI=1S/C6H10O/c1-2-3-4-5-6-7/h4-6H,2-3H2,1H3/b5-4+/i4D	MBDOYVRWFFCFHM-NWUMDMOOSA-N	(E)-3-deuteriohex-2-enal	(E)-3-deuteriohex-2-enal
trans-2-hexenal	t2h	76973276	99.14	CCCC=CC=O	[13CH3]CC/C=C/C=O	InChI=1S/C6H10O/c1-2-3-4-5-6-7/h4-6H,2-3H2,1H3/b5-4+/i1+1	MBDOYVRWFFCFHM-GOJDFDATSA-N	(E)-(613C)hex-2-enal	(E)-(613C)hex-2-enal
trans-2-hexenal	t2h	91443282	99.15	CCCC=CC=O	[2H]C(=CC=O)CCC	InChI=1S/C6H10O/c1-2-3-4-5-6-7/h4-6H,2-3H2,1H3/i4D	MBDOYVRWFFCFHM-QYKNYGDISA-N	3-deuteriohex-2-enal	3-deuteriohex-2-enal
trans-2-hexenal	t2h	100991387	100.16	CCCC=CC=O	[2H]/C(=C(/[2H])\C=O)/CCC	InChI=1S/C6H10O/c1-2-3-4-5-6-7/h4-6H,2-3H2,1H3/b5-4+/i4D,5D	MBDOYVRWFFCFHM-AXXYTVHGSA-N	(E)-2,3-dideuteriohex-2-enal	trans-2-hexenal-d2
trans-2-hexenal	t2h	129889375	99.15	CCCC=CC=O	[2H]C(=CCCC)C=O	InChI=1S/C6H10O/c1-2-3-4-5-6-7/h4-6H,2-3H2,1H3/i5D	MBDOYVRWFFCFHM-UICOGKGYSA-N	2-deuteriohex-2-enal	hexenal-d
trans-2-hexenal	t2h	131708747	99.14	CCCC=CC=O	CCC/C=C/[13CH]=O	InChI=1S/C6H10O/c1-2-3-4-5-6-7/h4-6H,2-3H2,1H3/b5-4+/i6+1	MBDOYVRWFFCFHM-XZIKGORFSA-N	(E)-(113C)hex-2-enal	(E)-(113C)hex-2-enal
trans-2-hexenal	t2h	166643343	99.15	CCCC=CC=O	[2H]/C(=C\CCC)/C=O	InChI=1S/C6H10O/c1-2-3-4-5-6-7/h4-6H,2-3H2,1H3/b5-4+/i5D	MBDOYVRWFFCFHM-XZRIGFBESA-N	(E)-2-deuteriohex-2-enal	(e)-2-hexenal-d
trans-2-hexenal	t2h	169441269	100.16	CCCC=CC=O	[2H]C([2H])(CC)/C=C/C=O	InChI=1S/C6H10O/c1-2-3-4-5-6-7/h4-6H,2-3H2,1H3/b5-4+/i3D2	MBDOYVRWFFCFHM-LKJHNYJMSA-N	(E)-4,4-dideuteriohex-2-enal	trans-2-hexenal-d2
trans-2-hexenal	t2h	169441270	102.17	CCCC=CC=O	[2H]C([2H])C([2H])([2H])C/C=C/C=O	InChI=1S/C6H10O/c1-2-3-4-5-6-7/h4-6H,2-3H2,1H3/b5-4+/i1D2,2D2	MBDOYVRWFFCFHM-NFJVLHHZSA-N	(E)-5,5,6,6-tetradeuteriohex-2-enal	trans-2-hexenal-d4
pentanoic acid	va	114781	101.12	CCCCC(=O)[O-]	CCCCC(=O)[O-]	InChI=1S/C5H10O2/c1-2-3-4-5(6)7/h2-4H2,1H3,(H,6,7)/p-1	NQPDZGIKBAWPEJ-UHFFFAOYSA-M	pentanoate	pentanoate
pentanoic acid	va	7991	102.13	CCCCC(=O)O	CCCCC(=O)O	InChI=1S/C5H10O2/c1-2-3-4-5(6)7/h2-4H2,1H3,(H,6,7)	NQPDZGIKBAWPEJ-UHFFFAOYSA-N	pentanoic acid	valeric acid
pentanoic acid	va	450630	101.13	CCCCC(=O)O	[11CH3]CCCC(=O)O	InChI=1S/C5H10O2/c1-2-3-4-5(6)7/h2-4H2,1H3,(H,6,7)/i1-1	NQPDZGIKBAWPEJ-BJUDXGSMSA-N	(511C)pentanoic acid	moli001158
pentanoic acid	va	11297939	101.13	CCCCC(=O)O	CCCC[11C](=O)O	InChI=1S/C5H10O2/c1-2-3-4-5(6)7/h2-4H2,1H3,(H,6,7)/i5-1	NQPDZGIKBAWPEJ-SFIIULIVSA-N	(111C)pentanoic acid	(111C)pentanoic acid
pentanoic acid	va	12249092	103.14	CCCCC(=O)O	[2H]C(CCC)C(=O)O	InChI=1S/C5H10O2/c1-2-3-4-5(6)7/h2-4H2,1H3,(H,6,7)/i4D	NQPDZGIKBAWPEJ-QYKNYGDISA-N	2-deuteriopentanoic acid	schembl23829777
pentanoic acid	va	12249093	105.15	CCCCC(=O)O	[2H]C(CC)C([2H])([2H])C(=O)O	InChI=1S/C5H10O2/c1-2-3-4-5(6)7/h2-4H2,1H3,(H,6,7)/i3D,4D2	NQPDZGIKBAWPEJ-MPRALRHZSA-N	2,2,3-trideuteriopentanoic acid	pentanoic acid-d3
pentanoic acid	va	12249098	103.12	CCCCC(=O)O	CCCC[13C](=O)O	InChI=1S/C5H10O2/c1-2-3-4-5(6)7/h2-4H2,1H3,(H,6,7)/i5+1	NQPDZGIKBAWPEJ-HOSYLAQJSA-N	(113C)pentanoic acid	valeric acid-1-13c
pentanoic acid	va	12249100	104.14	CCCCC(=O)O	[2H]C([2H])(CCC)C(=O)O	InChI=1S/C5H10O2/c1-2-3-4-5(6)7/h2-4H2,1H3,(H,6,7)/i4D2	NQPDZGIKBAWPEJ-APZFVMQVSA-N	2,2-dideuteriopentanoic acid	pentanoic-2,2-d2 acid
pentanoic acid	va	12249101	104.14	CCCCC(=O)O	[2H]C([2H])(C)CCC(=O)O	InChI=1S/C5H10O2/c1-2-3-4-5(6)7/h2-4H2,1H3,(H,6,7)/i2D2	NQPDZGIKBAWPEJ-CBTSVUPCSA-N	4,4-dideuteriopentanoic acid	pentanoic-4,4-d2 acid
pentanoic acid	va	12249102	103.12	CCCCC(=O)O	CCC[13CH2]C(=O)O	InChI=1S/C5H10O2/c1-2-3-4-5(6)7/h2-4H2,1H3,(H,6,7)/i4+1	NQPDZGIKBAWPEJ-AZXPZELESA-N	(213C)pentanoic acid	schembl1331662
pentanoic acid	va	12249103	105.15	CCCCC(=O)O	[2H]C([2H])([2H])CCCC(=O)O	InChI=1S/C5H10O2/c1-2-3-4-5(6)7/h2-4H2,1H3,(H,6,7)/i1D3	NQPDZGIKBAWPEJ-FIBGUPNXSA-N	5,5,5-trideuteriopentanoic acid	pentanoic-5,5,5-d3 acid
pentanoic acid	va	12249105	103.12	CCCCC(=O)O	[13CH3]CCCC(=O)O	InChI=1S/C5H10O2/c1-2-3-4-5(6)7/h2-4H2,1H3,(H,6,7)/i1+1	NQPDZGIKBAWPEJ-OUBTZVSYSA-N	(513C)pentanoic acid	schembl1333240
pentanoic acid	va	12249106	112.19	CCCCC(=O)O	[2H]C([2H])([2H])C([2H])([2H])C([2H])([2H])C([2H])([2H])C(=O)O[2H]	InChI=1S/C5H10O2/c1-2-3-4-5(6)7/h2-4H2,1H3,(H,6,7)/i1D3,2D2,3D2,4D2/hD	NQPDZGIKBAWPEJ-GJKRRTAWSA-N	deuterio 2,2,3,3,4,4,5,5,5-nonadeuteriopentanoate	deuterio 2,2,3,3,4,4,5,5,5-nonadeuteriopentanoate
pentanoic acid	va	16211997	104.12	CCCCC(=O)O	CCCC[14C](=O)O	InChI=1S/C5H10O2/c1-2-3-4-5(6)7/h2-4H2,1H3,(H,6,7)/i5+2	NQPDZGIKBAWPEJ-RHRFEJLCSA-N	(114C)pentanoic acid	(114C)pentanoic acid
pentanoic acid	va	45934159	111.19	CCCCC(=O)O	[2H]C([2H])([2H])C([2H])([2H])C([2H])([2H])C([2H])([2H])C(=O)O	InChI=1S/C5H10O2/c1-2-3-4-5(6)7/h2-4H2,1H3,(H,6,7)/i1D3,2D2,3D2,4D2	NQPDZGIKBAWPEJ-YNSOAAEFSA-N	2,2,3,3,4,4,5,5,5-nonadeuteriopentanoic acid	pentanoic-d9 acid
pentanoic acid	va	58618344	105.15	CCCCC(=O)O	[2H]C(C)C([2H])C([2H])C(=O)O	InChI=1S/C5H10O2/c1-2-3-4-5(6)7/h2-4H2,1H3,(H,6,7)/i2D,3D,4D	NQPDZGIKBAWPEJ-NRUYWUNFSA-N	2,3,4-trideuteriopentanoic acid	2,3,4-trideuteriopentanoic acid
pentanoic acid	va	59859244	104.14	CCCCC(=O)O	[2H]C([2H])(CC)CC(=O)O	InChI=1S/C5H10O2/c1-2-3-4-5(6)7/h2-4H2,1H3,(H,6,7)/i3D2	NQPDZGIKBAWPEJ-SMZGMGDZSA-N	3,3-dideuteriopentanoic acid	pentanoic-3,3-d2 acid
pentanoic acid	va	71309430	105.11	CCCCC(=O)O	[13CH3][13CH2][13CH2]CC(=O)O	InChI=1S/C5H10O2/c1-2-3-4-5(6)7/h2-4H2,1H3,(H,6,7)/i1+1,2+1,3+1	NQPDZGIKBAWPEJ-VMIGTVKRSA-N	(3,4,5-13C3)pentanoic acid	1173023-05-6
pentanoic acid	va	89368666	106.16	CCCCC(=O)O	[2H]C([2H])(C)CC([2H])([2H])C(=O)O	InChI=1S/C5H10O2/c1-2-3-4-5(6)7/h2-4H2,1H3,(H,6,7)/i2D2,4D2	NQPDZGIKBAWPEJ-BYUTVXSXSA-N	2,2,4,4-tetradeuteriopentanoic acid	schembl14552734
pentanoic acid	va	91869832	105.15	CCCCC(=O)O	[H][C@]([2H])(C)[C@@]([H])([2H])[C@@]([H])([2H])C(=O)O	InChI=1S/C5H10O2/c1-2-3-4-5(6)7/h2-4H2,1H3,(H,6,7)/i2D,3D,4D/t2-,3+,4+/m0/s1	NQPDZGIKBAWPEJ-XYSQWWBDSA-N	(2R,3R,4S)-2,3,4-trideuteriopentanoic acid	(2R,3R,4S)-2,3,4-trideuteriopentanoic acid
pentanoic acid	va	102124991	103.14	CCCCC(=O)O	[2H]C(CC)CC(=O)O	InChI=1S/C5H10O2/c1-2-3-4-5(6)7/h2-4H2,1H3,(H,6,7)/i3D	NQPDZGIKBAWPEJ-WFVSFCRTSA-N	3-deuteriopentanoic acid	3-deuteriopentanoic acid
pentanoic acid	va	131701208	106.16	CCCCC(=O)O	[2H]C([2H])(CC)C([2H])([2H])C(=O)O	InChI=1S/C5H10O2/c1-2-3-4-5(6)7/h2-4H2,1H3,(H,6,7)/i3D2,4D2	NQPDZGIKBAWPEJ-KHORGVISSA-N	2,2,3,3-tetradeuteriopentanoic acid	1219804-71-3
pentanoic acid	va	157506904	105.15	CCCCC(=O)O	[H][C@@]([2H])(C)[C@]([H])([2H])[C@]([H])([2H])C(=O)O	InChI=1S/C5H10O2/c1-2-3-4-5(6)7/h2-4H2,1H3,(H,6,7)/i2D,3D,4D/t2-,3+,4+/m1/s1	NQPDZGIKBAWPEJ-OOSHRVAASA-N	(2S,3S,4R)-2,3,4-trideuteriopentanoic acid	(2S,3S,4R)-2,3,4-trideuteriopentanoic acid
pentanoic acid	va	162467665	110.18	CCCCC(=O)O	[2H]C([2H])C([2H])([2H])C([2H])([2H])C([2H])([2H])C(=O)O	InChI=1S/C5H10O2/c1-2-3-4-5(6)7/h2-4H2,1H3,(H,6,7)/i1D2,2D2,3D2,4D2	NQPDZGIKBAWPEJ-SVYQBANQSA-N	2,2,3,3,4,4,5,5-octadeuteriopentanoic acid	schembl23829921
pentanoic acid	va	166746871	104.14	CCCCC(=O)O	[2H]C([2H])CCCC(=O)O	InChI=1S/C5H10O2/c1-2-3-4-5(6)7/h2-4H2,1H3,(H,6,7)/i1D2	NQPDZGIKBAWPEJ-DICFDUPASA-N	5,5-dideuteriopentanoic acid	schembl23829607
pentanoic acid	va	166746872	104.14	CCCCC(=O)O	[2H]CCCC([2H])C(=O)O	InChI=1S/C5H10O2/c1-2-3-4-5(6)7/h2-4H2,1H3,(H,6,7)/i1D,4D	NQPDZGIKBAWPEJ-DRSKVUCWSA-N	2,5-dideuteriopentanoic acid	schembl23829608
pentanoic acid	va	166746887	106.16	CCCCC(=O)O	[2H]CC([2H])C([2H])C([2H])C(=O)O	InChI=1S/C5H10O2/c1-2-3-4-5(6)7/h2-4H2,1H3,(H,6,7)/i1D,2D,3D,4D	NQPDZGIKBAWPEJ-RHQRLBAQSA-N	2,3,4,5-tetradeuteriopentanoic acid	schembl23829664
pentanoic acid	va	166746977	110.18	CCCCC(=O)O	[2H]C([2H])C([2H])C([2H])([2H])C([2H])([2H])C(=O)O[2H]	InChI=1S/C5H10O2/c1-2-3-4-5(6)7/h2-4H2,1H3,(H,6,7)/i1D2,2D,3D2,4D2/hD	NQPDZGIKBAWPEJ-WGPFZJELSA-N	deuterio 2,2,3,3,4,5,5-heptadeuteriopentanoate	schembl23829922
