,odor,response_rate,experiment
0,2h(-8),0.035024154589371984,20250129_1FLfun1
1,2h(-7),0.059178743961352656,20250129_1FLfun1
2,ma(-8),0.024154589371980676,20250129_1FLfun1
3,ma(-7),0.0320048309178744,20250129_1FLfun1
4,farn(-4),0.014492753623188406,20250129_1FLfun1
5,farn(-3),0.00785024154589372,20250129_1FLfun1
6,2h(-7)+ma(-7),0.05676328502415459,20250129_1FLfun1
7,2h(-7)+farn(-3),0.03985507246376811,20250129_1FLfun1
8,ma(-7)+farn(-3),0.02355072463768116,20250129_1FLfun1
9,PFO,0.006642512077294686,20250129_1FLfun1
10,2h(-7)+ma(-7)_predicted,0.08997584541062802,20250129_1FLfun1
11,2h(-7)+farn(-3)_predicted,0.06702898550724638,20250129_1FLfun1
12,ma(-7)+farn(-3)_predicted,0.03985507246376811,20250129_1FLfun1
13,2h(-8),0.03686826843413422,20250129_1FRfun1
14,2h(-7),0.09817729908864954,20250129_1FRfun1
15,ma(-8),0.018641259320629662,20250129_1FRfun1
16,ma(-7),0.03811101905550953,20250129_1FRfun1
17,farn(-4),0.01739850869925435,20250129_1FRfun1
18,farn(-3),0.009527754763877383,20250129_1FRfun1
19,2h(-7)+ma(-7),0.08367854183927093,20250129_1FRfun1
20,2h(-7)+farn(-3),0.07497928748964375,20250129_1FRfun1
21,ma(-7)+farn(-3),0.029411764705882353,20250129_1FRfun1
22,PFO,0.004142502071251036,20250129_1FRfun1
23,2h(-7)+ma(-7)_predicted,0.13587406793703397,20250129_1FRfun1
24,2h(-7)+farn(-3)_predicted,0.10770505385252693,20250129_1FRfun1
25,ma(-7)+farn(-3)_predicted,0.04763877381938691,20250129_1FRfun1
26,2h(-8),0.0599354541263255,20250129_2FLfun1
27,2h(-7),0.09036422314430613,20250129_2FLfun1
28,ma(-8),0.04656523743660673,20250129_2FLfun1
29,ma(-7),0.07238358690640849,20250129_2FLfun1
30,farn(-4),0.02351313969571231,20250129_2FLfun1
31,farn(-3),0.04241585984324574,20250129_2FLfun1
32,2h(-7)+ma(-7),0.12494236975564776,20250129_2FLfun1
33,2h(-7)+farn(-3),0.10419548178884279,20250129_2FLfun1
34,ma(-7)+farn(-3),0.07100046104195482,20250129_2FLfun1
35,PFO,0.02120792992162287,20250129_2FLfun1
36,2h(-7)+ma(-7)_predicted,0.15675426463808206,20250129_2FLfun1
37,2h(-7)+farn(-3)_predicted,0.12909174734900877,20250129_2FLfun1
38,ma(-7)+farn(-3)_predicted,0.11341632088520055,20250129_2FLfun1
39,2h(-8),0.03430962343096234,20250129_2FRfun1
40,2h(-7),0.08158995815899582,20250129_2FRfun1
41,ma(-8),0.02887029288702929,20250129_2FRfun1
42,ma(-7),0.06108786610878661,20250129_2FRfun1
43,farn(-4),0.01297071129707113,20250129_2FRfun1
44,farn(-3),0.037238493723849374,20250129_2FRfun1
45,2h(-7)+ma(-7),0.099163179916318,20250129_2FRfun1
46,2h(-7)+farn(-3),0.07280334728033473,20250129_2FRfun1
47,ma(-7)+farn(-3),0.05104602510460251,20250129_2FRfun1
48,PFO,0.004602510460251046,20250129_2FRfun1
49,2h(-7)+ma(-7)_predicted,0.13933054393305438,20250129_2FRfun1
50,2h(-7)+farn(-3)_predicted,0.11673640167364016,20250129_2FRfun1
51,ma(-7)+farn(-3)_predicted,0.09748953974895397,20250129_2FRfun1
52,2h(-7),0.028556593977154723,20250320_1FLfun1
53,ma(-7),0.016614745586708203,20250320_1FLfun1
54,farn(-3),0.03063343717549325,20250320_1FLfun1
55,farn(-2.5),0.047248182762201454,20250320_1FLfun1
56,2h(-7)+ma(-7),0.07892004153686397,20250320_1FLfun1
57,2h(-7)+farn(-3),0.029595015576323987,20250320_1FLfun1
58,2h(-7)+farn(-2.5),0.0976116303219107,20250320_1FLfun1
59,ma(-7)+farn(-3),0.02544132917964694,20250320_1FLfun1
60,ma(-7)+farn(-2.5),0.020249221183800622,20250320_1FLfun1
61,PFO,0.0020768431983385254,20250320_1FLfun1
62,2h(-7)+ma(-7)_predicted,0.045171339563862926,20250320_1FLfun1
63,2h(-7)+farn(-3)_predicted,0.058151609553478714,20250320_1FLfun1
64,2h(-7)+farn(-2.5)_predicted,0.07424714434060228,20250320_1FLfun1
65,ma(-7)+farn(-3)_predicted,0.047248182762201454,20250320_1FLfun1
66,ma(-7)+farn(-2.5)_predicted,0.06386292834890965,20250320_1FLfun1
67,2h(-7),0.021316911416390336,20250320_1FRfun1
68,ma(-7),0.012790146849834202,20250320_1FRfun1
69,farn(-3),0.00994789199431549,20250320_1FRfun1
70,farn(-2.5),0.005210800568450971,20250320_1FRfun1
71,2h(-7)+ma(-7),0.06252960682141165,20250320_1FRfun1
72,2h(-7)+farn(-3),0.019422074846044527,20250320_1FRfun1
73,2h(-7)+farn(-2.5),0.09711037423022265,20250320_1FRfun1
74,ma(-7)+farn(-3),0.01468498342018001,20250320_1FRfun1
75,ma(-7)+farn(-2.5),0.010895310279488394,20250320_1FRfun1
76,PFO,0.006158218853623875,20250320_1FRfun1
77,2h(-7)+ma(-7)_predicted,0.03410705826622454,20250320_1FRfun1
78,2h(-7)+farn(-3)_predicted,0.030317385125532923,20250320_1FRfun1
79,2h(-7)+farn(-2.5)_predicted,0.026054002842254856,20250320_1FRfun1
80,ma(-7)+farn(-3)_predicted,0.022738038844149693,20250320_1FRfun1
81,ma(-7)+farn(-2.5)_predicted,0.01752723827569872,20250320_1FRfun1
82,2h(-7),0.042053184910327765,20250320_2FLfun1
83,ma(-7),0.017934446505875078,20250320_2FLfun1
84,farn(-3),0.012987012987012988,20250320_2FLfun1
85,farn(-2.5),0.05318491032776747,20250320_2FLfun1
86,2h(-7)+ma(-7),0.06740878169449598,20250320_2FLfun1
87,2h(-7)+farn(-3),0.03525046382189239,20250320_2FLfun1
88,2h(-7)+farn(-2.5),0.11564625850340136,20250320_2FLfun1
89,ma(-7)+farn(-3),0.0191713048855906,20250320_2FLfun1
90,ma(-7)+farn(-2.5),0.02040816326530612,20250320_2FLfun1
91,PFO,0.006184291898577613,20250320_2FLfun1
92,2h(-7)+ma(-7)_predicted,0.05998763141620284,20250320_2FLfun1
93,2h(-7)+farn(-3)_predicted,0.05442176870748299,20250320_2FLfun1
94,2h(-7)+farn(-2.5)_predicted,0.09400123685837972,20250320_2FLfun1
95,ma(-7)+farn(-3)_predicted,0.030921459492888066,20250320_2FLfun1
96,ma(-7)+farn(-2.5)_predicted,0.07111935683364255,20250320_2FLfun1
97,2h(-8),0.07659269863994274,20250214_2FRfun1
98,2h(-7),0.08446671438797423,20250214_2FRfun1
99,ma(-8),0.06442376521116679,20250214_2FRfun1
100,ma(-7),0.07730851825340014,20250214_2FRfun1
101,farn(-4),0.06657122405153901,20250214_2FRfun1
102,farn(-3),0.06943450250536864,20250214_2FRfun1
103,2h(-7)+ma(-7),0.14244810307802433,20250214_2FRfun1
104,2h(-7)+farn(-3),0.06513958482462419,20250214_2FRfun1
105,ma(-7)+farn(-3),0.03579098067287044,20250214_2FRfun1
106,PFO,0.0408017179670723,20250214_2FRfun1
107,2h(-7)+ma(-7)_predicted,0.16105941302791696,20250214_2FRfun1
108,2h(-7)+farn(-3)_predicted,0.15032211882605584,20250214_2FRfun1
109,ma(-7)+farn(-3)_predicted,0.14030064423765212,20250214_2FRfun1
110,2h(-7),0.06198347107438017,20250321_3FRfun1
111,ma(-7),0.021251475796930343,20250321_3FRfun1
112,farn(-3),0.05608028335301062,20250321_3FRfun1
113,farn(-2.5),0.03305785123966942,20250321_3FRfun1
114,2h(-7)+ma(-7),0.09917355371900827,20250321_3FRfun1
115,2h(-7)+farn(-3),0.07792207792207792,20250321_3FRfun1
116,2h(-7)+farn(-2.5),0.1050767414403778,20250321_3FRfun1
117,ma(-7)+farn(-3),0.06611570247933884,20250321_3FRfun1
118,ma(-7)+farn(-2.5),0.09504132231404959,20250321_3FRfun1
119,PFO,0.030696576151121605,20250321_3FRfun1
120,2h(-7)+ma(-7)_predicted,0.07910271546635184,20250321_3FRfun1
121,2h(-7)+farn(-3)_predicted,0.11747343565525384,20250321_3FRfun1
122,2h(-7)+farn(-2.5)_predicted,0.09327036599763873,20250321_3FRfun1
123,ma(-7)+farn(-3)_predicted,0.07733175914994096,20250321_3FRfun1
124,ma(-7)+farn(-2.5)_predicted,0.05430932703659976,20250321_3FRfun1
125,2h(-8),0.030100334448160536,20250221_1FRfun1
126,2h(-7),0.053989488772097464,20250221_1FRfun1
127,ma(-8),0.056856187290969896,20250221_1FRfun1
128,ma(-7),0.09937888198757763,20250221_1FRfun1
129,farn(-4),0.03392259913999045,20250221_1FRfun1
130,farn(-3),0.06402293358815098,20250221_1FRfun1
131,2h(-7)+ma(-7),0.08934543717152413,20250221_1FRfun1
132,2h(-7)+farn(-3),0.062111801242236024,20250221_1FRfun1
133,ma(-7)+farn(-3),0.0778786430960344,20250221_1FRfun1
134,PFO,0.007644529383659818,20250221_1FRfun1
135,2h(-7)+ma(-7)_predicted,0.14429049211657907,20250221_1FRfun1
136,2h(-7)+farn(-3)_predicted,0.11514572384137602,20250221_1FRfun1
137,ma(-7)+farn(-3)_predicted,0.1610129001433349,20250221_1FRfun1
138,2h(-8),0.01744186046511628,20250224_2FLfun1
139,2h(-7),0.03997093023255814,20250224_2FLfun1
140,ma(-8),0.0188953488372093,20250224_2FLfun1
141,ma(-7),0.08284883720930232,20250224_2FLfun1
142,farn(-4),0.05377906976744186,20250224_2FLfun1
143,farn(-3),0.053052325581395346,20250224_2FLfun1
144,2h(-7)+ma(-7),0.10101744186046512,20250224_2FLfun1
145,2h(-7)+farn(-3),0.09302325581395349,20250224_2FLfun1
146,ma(-7)+farn(-3),0.08212209302325581,20250224_2FLfun1
147,PFO,0.023255813953488372,20250224_2FLfun1
148,2h(-7)+ma(-7)_predicted,0.11991279069767442,20250224_2FLfun1
149,2h(-7)+farn(-3)_predicted,0.08866279069767442,20250224_2FLfun1
150,ma(-7)+farn(-3)_predicted,0.12936046511627908,20250224_2FLfun1
151,2h(-8),0.04242424242424243,20250224_3FLfun1
152,2h(-7),0.04787878787878788,20250224_3FLfun1
153,ma(-8),0.016363636363636365,20250224_3FLfun1
154,ma(-7),0.058787878787878785,20250224_3FLfun1
155,farn(-4),0.027878787878787878,20250224_3FLfun1
156,farn(-3),0.052121212121212124,20250224_3FLfun1
157,2h(-7)+ma(-7),0.13636363636363635,20250224_3FLfun1
158,2h(-7)+farn(-3),0.10848484848484849,20250224_3FLfun1
159,ma(-7)+farn(-3),0.07090909090909091,20250224_3FLfun1
160,PFO,0.00787878787878788,20250224_3FLfun1
161,2h(-7)+ma(-7)_predicted,0.10363636363636364,20250224_3FLfun1
162,2h(-7)+farn(-3)_predicted,0.09878787878787879,20250224_3FLfun1
163,ma(-7)+farn(-3)_predicted,0.10545454545454545,20250224_3FLfun1
164,2h(-7),0.06562137049941928,20250321_3FLfun1
165,ma(-7),0.023228803716608595,20250321_3FLfun1
166,farn(-3),0.06910569105691057,20250321_3FLfun1
167,farn(-2.5),0.047038327526132406,20250321_3FLfun1
168,2h(-7)+ma(-7),0.09349593495934959,20250321_3FLfun1
169,2h(-7)+farn(-3),0.052845528455284556,20250321_3FLfun1
170,2h(-7)+farn(-2.5),0.08246225319396051,20250321_3FLfun1
171,ma(-7)+farn(-3),0.08246225319396051,20250321_3FLfun1
172,ma(-7)+farn(-2.5),0.09059233449477352,20250321_3FLfun1
173,PFO,0.011033681765389082,20250321_3FLfun1
174,2h(-7)+ma(-7)_predicted,0.0859465737514518,20250321_3FLfun1
175,2h(-7)+farn(-3)_predicted,0.13124274099883856,20250321_3FLfun1
176,2h(-7)+farn(-2.5)_predicted,0.11207897793263646,20250321_3FLfun1
177,ma(-7)+farn(-3)_predicted,0.09175377468060394,20250321_3FLfun1
178,ma(-7)+farn(-2.5)_predicted,0.070267131242741,20250321_3FLfun1
179,2h(-7),0.062111801242236024,20250324_1FRfun1
180,ma(-7),0.014116318464144552,20250324_1FRfun1
181,farn(-3),0.03500846979107849,20250324_1FRfun1
182,farn(-2.5),0.025974025974025976,20250324_1FRfun1
183,2h(-7)+ma(-7),0.09542631281761717,20250324_1FRfun1
184,2h(-7)+farn(-3),0.034443817052512704,20250324_1FRfun1
185,2h(-7)+farn(-2.5),0.08695652173913043,20250324_1FRfun1
186,ma(-7)+farn(-3),0.05646527385657821,20250324_1FRfun1
187,ma(-7)+farn(-2.5),0.10163749294184077,20250324_1FRfun1
188,PFO,0.010163749294184076,20250324_1FRfun1
189,2h(-7)+ma(-7)_predicted,0.07453416149068323,20250324_1FRfun1
190,2h(-7)+farn(-3)_predicted,0.09203839638622248,20250324_1FRfun1
191,2h(-7)+farn(-2.5)_predicted,0.08695652173913043,20250324_1FRfun1
192,ma(-7)+farn(-3)_predicted,0.04517221908526256,20250324_1FRfun1
193,ma(-7)+farn(-2.5)_predicted,0.03896103896103896,20250324_1FRfun1
194,2h(-7),0.049876847290640396,20250324_2FLfun1
195,ma(-7),0.03633004926108374,20250324_2FLfun1
196,farn(-3),0.0708128078817734,20250324_2FLfun1
197,farn(-2.5),0.020320197044334975,20250324_2FLfun1
198,2h(-7)+ma(-7),0.08066502463054187,20250324_2FLfun1
199,2h(-7)+farn(-3),0.04187192118226601,20250324_2FLfun1
200,2h(-7)+farn(-2.5),0.09051724137931035,20250324_2FLfun1
201,ma(-7)+farn(-3),0.04064039408866995,20250324_2FLfun1
202,ma(-7)+farn(-2.5),0.08928571428571429,20250324_2FLfun1
203,PFO,0.008620689655172414,20250324_2FLfun1
204,2h(-7)+ma(-7)_predicted,0.07881773399014778,20250324_2FLfun1
205,2h(-7)+farn(-3)_predicted,0.11268472906403941,20250324_2FLfun1
206,2h(-7)+farn(-2.5)_predicted,0.06958128078817734,20250324_2FLfun1
207,ma(-7)+farn(-3)_predicted,0.10160098522167488,20250324_2FLfun1
208,ma(-7)+farn(-2.5)_predicted,0.05603448275862069,20250324_2FLfun1
209,2h(-8),0.07011572498298162,20250214_3MLfun1
210,2h(-7),0.09326072157930565,20250214_3MLfun1
211,ma(-8),0.015656909462219197,20250214_3MLfun1
212,ma(-7),0.06943498978897208,20250214_3MLfun1
213,farn(-4),0.035398230088495575,20250214_3MLfun1
214,farn(-3),0.05037440435670524,20250214_3MLfun1
215,2h(-7)+ma(-7),0.10415248468345814,20250214_3MLfun1
216,2h(-7)+farn(-3),0.08168822328114364,20250214_3MLfun1
217,ma(-7)+farn(-3),0.02518720217835262,20250214_3MLfun1
218,PFO,0.015656909462219197,20250214_3MLfun1
219,2h(-7)+ma(-7)_predicted,0.15588835942818244,20250214_3MLfun1
220,2h(-7)+farn(-3)_predicted,0.13955071477195372,20250214_3MLfun1
221,ma(-7)+farn(-3)_predicted,0.11164057181756297,20250214_3MLfun1
222,2h(-8),0.13530927835051546,20250214_4FLfun1
223,2h(-7),0.17010309278350516,20250214_4FLfun1
224,ma(-8),0.04639175257731959,20250214_4FLfun1
225,ma(-7),0.11920103092783506,20250214_4FLfun1
226,farn(-4),0.1018041237113402,20250214_4FLfun1
227,farn(-3),0.1056701030927835,20250214_4FLfun1
228,2h(-7)+ma(-7),0.25128865979381443,20250214_4FLfun1
229,2h(-7)+farn(-3),0.25257731958762886,20250214_4FLfun1
230,ma(-7)+farn(-3),0.059278350515463915,20250214_4FLfun1
231,PFO,0.043170103092783504,20250214_4FLfun1
232,2h(-7)+ma(-7)_predicted,0.27512886597938147,20250214_4FLfun1
233,2h(-7)+farn(-3)_predicted,0.26288659793814434,20250214_4FLfun1
234,ma(-7)+farn(-3)_predicted,0.21005154639175258,20250214_4FLfun1
235,2h(-8),0.0765375854214123,20250219_3FLfun1
236,2h(-7),0.18132118451025056,20250219_3FLfun1
237,ma(-8),0.022779043280182234,20250219_3FLfun1
238,ma(-7),0.11252847380410023,20250219_3FLfun1
239,farn(-4),0.03416856492027335,20250219_3FLfun1
240,farn(-3),0.1366742596810934,20250219_3FLfun1
241,2h(-7)+ma(-7),0.18724373576309794,20250219_3FLfun1
242,2h(-7)+farn(-3),0.14441913439635534,20250219_3FLfun1
243,ma(-7)+farn(-3),0.014123006833712985,20250219_3FLfun1
244,PFO,0.025056947608200455,20250219_3FLfun1
245,2h(-7)+ma(-7)_predicted,0.23690205011389523,20250219_3FLfun1
246,2h(-7)+farn(-3)_predicted,0.28519362186788155,20250219_3FLfun1
247,ma(-7)+farn(-3)_predicted,0.2214123006833713,20250219_3FLfun1
248,2h(-8),0.06056910569105691,20250219_3FRfun1
249,2h(-7),0.1532520325203252,20250219_3FRfun1
250,ma(-8),0.016260162601626018,20250219_3FRfun1
251,ma(-7),0.11544715447154472,20250219_3FRfun1
252,farn(-4),0.06138211382113821,20250219_3FRfun1
253,farn(-3),0.13821138211382114,20250219_3FRfun1
254,2h(-7)+ma(-7),0.17926829268292682,20250219_3FRfun1
255,2h(-7)+farn(-3),0.1491869918699187,20250219_3FRfun1
256,ma(-7)+farn(-3),0.023170731707317073,20250219_3FRfun1
257,PFO,0.030894308943089432,20250219_3FRfun1
258,2h(-7)+ma(-7)_predicted,0.22642276422764226,20250219_3FRfun1
259,2h(-7)+farn(-3)_predicted,0.2601626016260163,20250219_3FRfun1
260,ma(-7)+farn(-3)_predicted,0.22845528455284553,20250219_3FRfun1
