panel,glomeruli_diagnostics,glomeruli_diagnostics,glomeruli_diagnostics,glomeruli_diagnostics,glomeruli_diagnostics,glomeruli_diagnostics,glomeruli_diagnostics,glomeruli_diagnostics,glomeruli_diagnostics,glomeruli_diagnostics,glomeruli_diagnostics,glomeruli_diagnostics,glomeruli_diagnostics,glomeruli_diagnostics,glomeruli_diagnostics,glomeruli_diagnostics,glomeruli_diagnostics,glomeruli_diagnostics,glomeruli_diagnostics,glomeruli_diagnostics,glomeruli_diagnostics,glomeruli_diagnostics,glomeruli_diagnostics,glomeruli_diagnostics,glomeruli_diagnostics,glomeruli_diagnostics,glomeruli_diagnostics,megamat,megamat,megamat,megamat,megamat,megamat,megamat,megamat,megamat,megamat,megamat,megamat,megamat,megamat,megamat,megamat,megamat,validation2,validation2,validation2,validation2,validation2,validation2,validation2,validation2,validation2,validation2,validation2,validation2,validation2,validation2,validation2,validation2,validation2,validation2,validation2,validation2,validation2,validation2
odor,3mtp @ -5,va @ -4,t2h @ -6,ms @ -3,a-terp @ -3,geos @ -5,e3hb @ -6,mhex @ -7,ma @ -7,ea @ -8,2-but @ -6,2h @ -6,2h @ -3,ga @ -4,HCl @ -1,carene @ -3,farn @ -2,4h-ol @ -6,"2,3-b @ -6",p-cre @ -3,aphe @ -5,aphe @ -4,1-6ol @ -6,paa @ -5,fench @ -5,CO2 @ 0,elac @ -7,2h @ -3,IaA @ -3,pa @ -3,2-but @ -3,eb @ -3,ep @ -3,aa @ -3,va @ -3,B-cit @ -3,Lin @ -3,6al @ -3,t2h @ -3,1-8ol @ -3,1-5ol @ -3,1-6ol @ -3,benz @ -3,ms @ -3,+pul @ -2,menth @ -3,long @ -2,sab @ -3,-bCar @ -3,-aPine @ -1.5,euc @ -1.75,2-mib @ -4,geos @ -4,guai @ -3,mchav @ -3,PEA @ -4,paa @ -4,bbenz @ -2,B-myr @ -2,ger @ -2,1-3ol @ -3,1p3one @ -5,1o3one @ -4,EtOct @ -2,2-mba @ -3,Z4-7al @ -4
glomerulus,,,,,,,,,,,,,,,,,,,,,,,,,,,,,,,,,,,,,,,,,,,,,,,,,,,,,,,,,,,,,,,,,,
D,13.494815708582735,16.40585086640452,12.923308999484268,95.90691515981506,87.56842492404198,11.500452688665089,3.3017208571469743,8.34663888051576,9.653606359959031,7.82023406873931,12.259912385922476,6.679506478432592,83.86196254647605,11.095727348410366,14.990393397492529,20.217107847488816,15.041651406464341,11.796812330843869,10.754305030888322,73.24444645855178,15.007609705255435,35.10781594683963,8.952429907677011,5.857310753848927,7.142398494611058,5.593374571956633,1.5666290009863366,44.69336787932939,40.75381865217676,47.91354318004674,17.444073762355245,24.03967428974976,22.862827966872388,5.995273325653193,8.577158578169533,50.28328460277821,59.791084277426876,30.392286555910093,49.22927298233274,61.454593028262174,50.258346879419754,56.90130785471941,46.997928698102044,46.00703744441532,137.6577312807877,61.022124642767196,15.038181497071573,24.25353885877999,4.510491549943369,36.70491350603942,18.895271500656214,31.265259233372284,29.279169848239654,97.14902734723356,89.34664254323154,17.696138929641076,44.01363283686638,10.445792769351907,24.317693650753327,97.31965417979546,13.946865464130388,22.675403231127778,49.44967639825012,73.04701605309627,76.76891104864595,55.43835089994796
DA2,0.46744875396945273,0.8516040818765708,10.407056900298963,-4.010341465479887,22.866613662598674,107.69552123918301,-5.962227601527983,-0.6519164735408928,0.454385276061826,2.17818392480224,0.5480517206848345,3.2727941533424203,8.71938113349532,15.092183501383682,-0.33184451789571473,3.711014147116967,14.021664175062105,3.8517046337915204,5.017481765859952,-21.00813908280457,3.4150696748716665,-0.470996979382575,-0.11473150227960702,-2.131176321752785,0.958679871000197,1.1777162660039833,5.507998464735705,16.76938054255298,12.546793387636068,26.53498101230665,9.400496956640989,13.303188611239564,11.866619377766717,6.5575329694359095,13.865896569855453,5.439163305265201,10.532709518587529,24.42492990587084,34.72052540365186,9.1158786946416,21.942846483088086,21.52343259145859,13.689650390554966,4.269596208500069,20.598189948362535,9.802871907680142,1.3504130271836956,14.086599520426926,14.704639394084086,-1.1207906626324693,57.87152381137945,17.254691609577513,122.83299719836911,-5.211343385067986,2.300463538805369,8.972759106360408,-8.62769896486768,8.613168409575316,7.142791751881785,14.550906210418933,3.666866406266557,7.6704139686860815,8.613191928122664,0.9993470906093185,1.026726625903935,-0.9782125020954016
DC1,5.723529864496486,-19.29763054507598,3.640488718985595,9.368662250539375,35.676481656860744,-3.990657418758887,-3.6766160501827025,4.4448344033082225,6.482721922393131,-3.4379335295680193,-3.595903478018275,-1.468581964152427,136.60624227857653,-3.9599265574737013,-22.653914199693677,56.61659013395896,-9.843842591647492,-4.473787257051852,-4.458277323788887,0.7580823618655987,-14.01825472452647,-4.400083825639562,17.77899413763331,15.90927188184473,17.943086693408674,36.69504972887296,12.73576285609827,31.885375024524578,35.475998184017875,19.57237820078212,-6.024414980066911,6.275607742721416,-4.8987556587884065,-21.459007876203636,-13.13099709791202,2.5330863460081847,15.470449508691281,0.3073004122083644,2.6278140599221014,20.844388961980894,8.671139789413514,14.753489145442181,-3.6248635634670427,-7.297898352638752,147.5321249053837,81.45087954689726,99.92731865071701,31.846369108001216,80.58319118128614,86.9429770998155,61.044890667539576,-21.077761117575598,2.970592299547902,29.826971440718417,25.26908217874209,-30.83209203237965,1.9809691694354548,9.612187767764926,28.00047408098697,64.74755038155432,-23.11508513094942,-22.505927779267108,19.559968285906212,36.604997253248314,45.21117902008859,4.984809998089004
DC2,10.278010108055073,4.871946976969973,2.2079057945373646,9.524805951331897,7.437841647321401,10.591900661756403,15.750268334472123,5.3853614536149985,1.4580466950517204,4.078469092540331,7.027916003323831,0.18339312151467996,162.3393163494651,0.9604495773103565,8.662581132920707,3.9530178605603408,8.748223582378966,10.925563621948355,9.049503790103204,-24.895375825540544,8.395801372305042,3.541302601611671,27.18889677455982,-1.5863355474355438,3.14145284405111,20.432393697065233,6.141878871223191,113.41374424434451,49.16571820898425,158.76392231546419,16.348001903284015,24.241122342116252,26.001072551324956,26.82845019723073,11.862886651149724,4.652331187982863,64.82920334505651,116.15306412999767,139.96891236477734,94.61735890395927,162.91112488943963,202.56062165342374,25.51550506475635,5.568061403281267,10.754733671137704,2.2948316616291486,14.823749100249808,23.05673925158877,3.8201651290701193,4.739793345061358,17.75048057062779,5.973725094319623,31.105901921369288,19.9776539301683,25.0570271868544,7.625885544740468,8.273961719624378,0.2487418192686322,0.026645771442088063,-8.160179325377749,-1.1957475076000876,2.4680503595710475,158.38952539057874,-3.5979141347822035,24.108861160864084,48.233289965132094
DC3,1.0083069329632348,4.916867005565908,3.4448860371993244,2.4724866834375256,4.573451798932426,-0.8321075028735917,1.2450015441654954,0.6808956358386712,2.764204989912012,1.4340842160610172,0.5308031698395348,0.5778142388811061,-4.0866489155040675,5.1413599603253415,0.012248237607045156,2.9373349003578015,101.87521253956017,2.1705683717059294,6.815695604135731,12.336484424944674,10.178604416538954,0.4578995456848379,7.158605095526079,1.445165043970383,6.853475445314212,18.917372974316763,5.762111957057722,8.226028122762242,8.114178936163349,14.347856933594484,3.282946843859994,6.182431342629813,8.791522810716625,1.592943569062381,4.669713144136213,6.595480675442712,9.075308238062973,9.508596184724658,6.890618964179642,15.312787567557438,13.428658267826222,24.069465417051674,7.4983736309719,3.912662318731564,26.604249938799285,30.463227697395563,15.162365831074785,11.059076355284352,7.699740062614272,21.380703728910866,22.52464007098819,18.7974323086252,-3.9567934229815203,57.75608936969046,16.3122454382328,-0.2623233552003056,6.834008803954395,0.9179328394319439,5.859178786636872,100.9989610079099,7.094184284396086,18.87841543893354,3.452400352784913,35.17571841227994,11.76706986429503,23.122884088186915
DC4,7.169390351243958,4.456911669484032,11.360859720200915,5.32172690956411,4.300645633734513,4.172772898415891,4.173881642972077,3.8054041636147318,3.4082100016159997,4.363190983189234,4.405599358715366,5.054195737970416,,6.05280993915803,114.57525367101378,4.420311310243384,4.307515231197667,13.21884242910169,6.843471351100072,6.2736484541496305,4.988043505991909,4.987684351973053,7.593876095417326,6.428497540113589,6.959522311422557,17.26340255969264,2.285348501963984,41.69297578048532,22.32697023674682,43.24137594300415,7.7040717337415385,16.30469964701152,11.271273178941994,65.5413168584417,133.1638024343773,7.2213445087615025,6.593070327570132,17.838378341449022,15.685634351997244,7.283517096432768,12.612253591572234,11.747899762608679,12.690153551780144,3.0369698121271846,19.75488191769462,40.88035940794609,51.35776523772245,14.684820100925698,10.349663487917027,17.468332753108943,13.864986285816506,2.0688150878348974,12.518740704128346,11.436184746103981,14.607597497966125,11.368370807853141,13.481157840764695,13.907223996481939,7.450998608645114,27.095200280812005,23.1651224638512,12.752790029480842,16.166389167387724,7.828367995806121,19.352185169150165,19.355096255078124
DL1,8.044350957974686,17.67988754090278,3.9043842398345494,62.25006825897638,-1.546185445384909,-3.211588882685508,-4.048416299452332,-1.3505729188960058,2.712095348375147,3.8809680182665045,6.443038079743488,-1.6578110843070912,1.3633782127202347,9.595759914035565,11.165971803952042,6.355087919111974,6.275529985172419,11.596213600511513,10.479383972909247,86.42518015531243,27.810927622147485,83.49848964006917,3.580483953703525,2.693949108069609,4.810215383569779,-5.08678340472153,-4.705221662886806,11.278538158478204,73.63794503742116,12.045613820778463,13.499274311585244,28.612939091208677,35.22985872660101,5.375877199294351,16.675943486021172,1.2597955380153327,-3.5771604227658154,7.782587428033452,10.692119816220506,-2.855104740237454,10.938317248852885,16.27462035592882,50.70709002802066,61.27430194348887,47.17722400421322,-13.425624697990349,7.838247863371619,1.677895261673152,-0.16318593707518605,-2.505231587602727,7.028198932739161,15.604699284528767,13.268129720235816,69.01580935482356,17.290799931649165,15.897030863629627,9.332508766454467,9.700237008423676,4.961342572001617,-21.43860666914088,10.833743280956757,15.98710922699124,-6.400937807622151,42.99379423815459,62.04622661159116,0.2827472483280561
DL2d,24.48882004118047,51.4508199233544,23.45297801754239,29.123022309680348,30.344466954734305,19.246475608236665,13.017138786906125,20.026031340445968,20.45728546376115,17.78587975428679,23.609387089318396,22.22573278524096,39.36133316506273,32.62972976851844,10.884365171608042,25.74800247454397,31.645129215307726,22.23914715030317,28.661149506916356,5.768753112395432,15.413842790589838,21.51391686215689,18.44882182733445,30.33684091949349,23.600960760713065,-8.8304465100974,22.390302400552937,60.92127718577952,14.611456420482106,11.875076704152908,17.78987953008398,34.967951282461314,23.915112219640992,33.4496449733448,59.19552424896624,32.192006251214224,40.68604595003138,54.3185418190638,64.94778763320403,17.051586838609655,2.0869290892558556,20.246380324023644,50.69580541318787,29.10999622881195,47.72221517602743,35.57946653948402,54.52482503060321,48.664789246873525,13.31201548639064,43.621080132016985,33.588927049456395,2.600623037428556,12.312801336548901,36.07147764257661,32.704535364107166,5.5188861870002315,42.93804746002442,36.62964041474255,23.677775986062116,35.66490088726456,9.809998164793871,6.198058253089906,22.927730870569384,25.027532196937123,27.372897911570313,30.85048979126937
DL2v,25.083224325962473,35.11297798188952,25.968473721302,25.805380219414705,32.0264916791148,19.997340005291214,12.271102597486774,18.771436637066564,22.095233726867498,18.978670586096968,26.88100832077338,24.425564136439224,45.88595754195235,34.557193703896026,10.936585981497476,28.870769390097582,31.492830056334444,25.348610927887275,34.36164246984622,16.132003565572553,21.1070846926951,23.639063410309202,20.191010315663828,32.652392851116375,22.340019544881738,-5.491965210077622,20.35065666601684,47.64123139370759,18.238775023886625,13.135304923499165,18.650438913625354,17.755000255196638,20.688954746580148,35.36171049529843,49.4506721613074,35.748937091383794,35.00908698105846,41.954027501522496,48.749774011920216,21.26122619893522,15.886998067426854,24.792829507080214,44.440950564835475,31.458773359149657,54.27012238162232,47.678331065946054,67.54943465280174,65.07838479096232,25.16979596668085,61.4078561592961,45.812272576873795,3.2245537177370984,13.090733952853281,48.63144963490793,44.56921733788438,3.6963744767036717,53.77219228072821,46.81414312452787,34.09183619410086,43.36617467818978,11.784680626060778,4.6467280986278,29.55622795203219,36.97320747473687,35.1467711533434,43.601968834159614
DL5,17.85696490080196,64.80516966320769,166.90267186266624,23.34184347226469,17.407764787271546,13.863222858580576,14.363595092863216,13.53778443555284,12.809112153999479,9.652788433358067,15.23048719980358,9.844979886887563,79.49659139972317,31.60505796669128,32.49388269178182,17.288274247967486,35.125271216762506,13.102326766059125,13.565856346329115,24.30930905670947,16.087555225683396,14.241211048112357,12.249427849231916,9.292619130834554,12.542905227118306,10.463054065444068,10.606523885400193,20.03586346359642,18.0970327841094,11.39308485537827,9.966762744250754,33.71690210303441,18.475707191134653,27.136701515946694,61.831374455498654,12.160016503494006,4.313791075097885,102.54420352302382,66.84216405420982,12.451803018337547,105.59210519158033,74.02754154827765,121.81120576017786,25.667737761546714,-0.1390552483030003,9.097201821301955,20.76215108594664,16.65956467772038,26.178226540139313,38.4227934226907,31.729284167193157,6.97699450396602,15.050399592413816,36.464530225671766,58.57507769715973,15.200957242218431,38.64907037916174,28.803295664046807,25.52925167496963,48.08522324567628,23.365323906964676,8.561449698044497,23.795610594368934,39.19954600292202,-0.5703574561302546,93.05787136598369
DM1,50.42753090416792,41.67651334087023,44.703237826090785,49.218295102978395,41.18929040365589,31.0054749052691,84.26448966747989,29.917180368603944,49.28129994497133,81.33292076877454,57.61218942783352,37.9262168781877,230.57691261827776,43.52681955918646,5.770945678216841,48.535958723536176,48.747229934318376,71.98996071342167,56.19587833123769,26.353937747209887,32.848386043143286,45.75492270797561,42.07387300108455,58.36619862608146,47.710376510341135,37.11167874277622,64.34888391725679,72.65912285381722,55.42993620943619,89.81868262799662,110.84854097197646,144.25185151749363,106.51587336977754,48.5018349585867,36.23581420937559,20.423340298593104,4.464099263514276,41.86192140649713,32.46112320681894,30.325751451730987,105.14591356992304,97.64586595222487,29.85351474881589,38.190968355168565,14.73962433481832,63.027651661345644,91.66837167973489,45.54973322244921,53.44587796535613,54.81618725068155,38.76485109226771,105.73443170176589,101.35484049140125,70.93046540687075,77.44949314261734,35.32966744423441,142.8140808925414,55.38812155823913,61.81986040167006,51.251362676630535,107.09096233695304,204.7900228292765,80.49675705583465,103.62312887793567,185.40596505268667,175.4949705188413
DM2,12.04077136155439,52.00700163268353,5.867122194470772,17.059302253078105,13.022508474162041,7.8119442472194125,15.405060909723861,139.2154956453353,8.982978580258463,7.019255924069195,12.454890997979165,27.158734235560235,233.14448195308194,13.290165805730506,8.328187448970345,10.367053201136624,12.105139892970614,11.160189785087296,11.200542004114615,2.4435106451899977,8.737706850749435,7.9847341851601845,9.07627521973161,9.331366851930243,8.211222981940645,9.75773783411432,15.39222819595464,131.42148638164292,176.85695418351276,187.83273917743088,67.31221816785022,191.36241619940407,165.06449675253077,37.57466447679894,87.57055319627797,10.276890193659108,3.2336771498126944,87.12038514882131,20.869631525633256,39.68427129227354,135.13340764327052,111.39785994845404,22.72463419615315,14.25981384541021,-18.796785493405856,-1.4079837078055748,15.222066928241015,61.2818400789199,2.8138007290789586,1.5862269426602176,2.022708370938329,13.56515027569905,41.396309387670534,-0.18695307528704957,5.499479972261928,23.045836071531856,15.746794250239702,5.728366305283864,7.3936949473139935,33.84586949782977,85.70445328821232,21.738320283208942,235.74008972079838,226.88655031968642,239.1328303847269,11.277112155451722
DM3,51.84672200051591,1.5052955449047458,4.967754727106365,2.7468926965816953,3.710769406035781,2.495150037429088,3.2255830478233016,3.8275642352170003,2.6833290292676133,6.178943023110466,3.5553332271528992,3.6079834224297946,293.26684562831906,5.963129435442021,9.78691817311999,5.210508618650919,4.340554875033781,3.9725213576007294,3.044549763143451,9.145829957872007,2.721246894328196,2.1299476444861294,3.328982231811213,3.324344984521172,2.909858997383007,4.964870169377298,3.852553564723278,126.34635826576907,114.94387228818839,223.82898958787234,5.919992435630029,33.87246803943194,18.305525844827738,11.86594417146438,26.519224070556508,5.526684463687091,1.0952233036146095,14.585472699482064,8.979558464134834,6.3324801438066105,23.16652258163885,22.081801635711535,10.681426518478206,4.619209206185502,14.062022016512717,11.304953164409078,10.783895788671442,7.1998473853267155,5.606378085941124,6.640368357058863,2.9261419835388462,3.934806197378923,10.629690648954979,8.603795744918282,5.64407754045979,1.335891756570569,2.7278507623611907,2.531032169154577,7.41865499329442,12.808672461131215,8.661388522516017,7.042147253484664,123.52619187142307,13.620954169073045,258.6554133647633,9.03841768441264
DM4,21.813989139554838,20.736489223691176,27.37990002286643,21.76679805439092,15.724638391414757,19.61331503290207,49.38181302681199,19.075922548696003,92.62982343968805,29.674097544833582,34.658381576789964,29.425440858439067,119.1947714470903,41.55646799294748,3.391442164660692,16.66657230292468,24.646339484797583,28.64929598585229,53.2741734993487,1.2370045721440437,17.7358965799681,30.448448992857816,21.42638037709355,21.4949024741023,20.237661811149355,30.342027672270003,44.35194280371188,73.11695920725022,47.8362873376275,63.36071081117726,136.1475489803471,97.15455292800776,115.60641235280549,49.10493676209734,25.59819460069918,14.398026137960942,-9.135185803326587,37.780085900113534,33.23961626903554,20.728654941680652,75.92621208571104,63.85385662275761,30.338023431758643,23.447745492850057,5.0110788542417195,10.154599100674467,57.21522089663078,30.574963051766066,27.139527915136448,16.21610621655102,25.314385564329292,59.779913111597125,88.95586872607775,19.145921746718777,33.496523621333864,16.27025140306207,42.89877971880467,62.21332785269001,33.14072032978273,18.840940843045168,70.34050093743053,100.10497941878188,54.645339383178474,44.06238897781151,185.0010754891984,55.38471411320072
DM5,31.0326076936056,6.848921709523219,13.630619707773521,3.6492329355401116,28.49437531817492,22.423026468634074,102.60746508246876,9.946884132493418,5.034228264739704,9.10427089745317,12.623009524543392,7.335738501672738,43.61534197166959,19.90388796170151,14.510033467681412,16.6608296118102,10.173262954595929,21.505570195807632,13.850004189903437,-10.573736264136318,3.1269537085174886,32.80847493578344,5.395467991434756,10.282571375901249,6.033937984832914,0.2053962715952536,3.9839178927973644,10.053315801395424,33.38219598575118,24.270026615811112,3.3942033974169172,162.42768444057998,125.35017205220305,9.32675084771527,12.136920587994974,32.53630166491966,2.8792842669154997,9.056652399875622,-1.8720094196106385,92.56858484042526,23.831438844968552,130.0075878337599,-2.0278273000894953,-3.663035661005952,-5.196619022864601,-4.630460466903638,13.63216627073117,3.518314710267913,8.861093330159438,7.478841905499303,-2.5450723400231423,11.421149717024466,107.61636462387548,24.984572572693292,13.260452934314506,14.425203552479706,11.804606046870477,6.5453815528777834,8.159063111358083,68.7129685486907,27.264570691487176,21.761767365127305,42.95839791480047,58.790178678443134,79.7205353240684,39.374349513412106
DM6,6.4409764631919,22.707436963814843,8.412106811003708,11.680347741805008,3.7744538136235493,3.6235996762361125,8.139790943384808,7.239579867733359,7.841069902950094,5.090603561672246,4.554677955068038,12.638892332688025,201.52810056800448,8.025274528655006,5.317234777178352,7.47377573207938,7.820881811724042,2.0256210365044645,9.013547506179675,8.421449849092635,9.104868472240684,47.97352827242897,5.481268879078251,6.587385667433756,0.8036447746801443,4.4978630964633055,5.561734894300693,97.51650281907179,117.37351786702976,160.12773943134866,9.587813699002417,98.79631740734831,68.30177996370584,6.276992672267576,57.51486596354689,2.779277598652789,40.87838353928929,31.450421647966056,49.63433707391484,16.18167922942844,68.40300697346967,104.17090252720334,104.58617121162641,4.9919151396287935,18.104707749522326,13.2886905066227,8.29589332705269,5.331717340781481,5.211010474916378,12.278533766450048,7.411525183026225,8.865728084976976,23.83192946555035,16.72267006885175,5.0805955456189364,21.25301066073859,60.34954922141966,27.991503601960538,15.333175438855644,140.43020668414707,18.507142937121987,10.247126308086553,115.59674002503542,63.300868121131636,108.78741890416893,21.060819956779252
DP1l,11.26568207678234,2.84621207235251,8.831791798870972,5.551107414588869,16.396439148583855,11.051873685431033,4.402467794957945,12.251826873346745,11.99369429087045,12.655740447041149,13.535897908904959,11.674028835064602,36.40100147724328,14.57028188373413,5.207295115256678,10.320235712458317,14.779596870875679,11.005644865155679,16.31354039258356,6.220714633455512,17.391606801080698,10.54932215753958,8.885599469654364,13.468838180057949,11.247220694845476,-0.9309545355203294,7.649958546471095,39.5163849249253,11.367434517148402,13.302589966713246,16.58183288820636,9.780892518881984,12.201115689531035,36.55077988585008,-13.350081797335246,18.63093313012082,22.720721967567957,30.087868938547963,30.931800650742503,12.99119866958651,8.686405891975571,14.807304164799373,26.71791619665768,18.865335433897094,18.060048294369007,14.99290276640414,28.36861416166058,22.640709247722356,6.069106137928062,19.691500683248034,18.11041686150331,1.4440143447811513,6.187893541861831,9.896466829616985,16.760429110493572,0.8957813898907678,29.185244654128997,19.277101564451964,11.365258719598675,19.380211743588465,7.044138158722788,-0.644235553244153,6.910524621963849,13.758611812672644,14.007753332203015,14.624740646521369
DP1m,18.80938379654785,26.422102524121545,19.24643193430785,9.885566461333394,48.12835001045902,18.717393763596814,14.00406988547076,16.25749396072095,19.579760536113785,18.123049741615905,27.394453540763028,16.0286999225738,68.39998004345041,31.181609271744755,22.1532572008421,17.101445682168173,47.02966542762997,20.80011496489871,30.79352565320605,17.37669277398352,24.984742357221958,18.948301262871187,23.18947496555899,23.992187671522906,26.76734175563917,52.74928306288507,18.08130783672446,64.32163014077449,22.923627001834024,29.394031581519485,60.62861095937251,22.25240301852861,24.187576018540646,46.496568031402816,42.524324180822305,46.55686969511246,47.20276691769901,78.25104450381839,72.44334606669184,31.46761667085447,15.462642278703008,32.057475171942684,29.484068570988995,18.31619068559943,66.3548037393918,55.32358898058487,163.40893869557507,91.46063242949197,27.948221013518292,64.87707529375784,92.2926287720497,10.11474853587033,151.92075221035262,26.56830634354378,67.96903520919932,9.8644130779564,49.9913977319387,71.73095455773884,50.810904732850695,144.5921936744539,93.31418627889954,11.531041615563188,48.31584869578356,56.5721449261889,96.9918957342073,89.7758243604672
VA2,45.71528341426955,7.954447911701884,39.108202478405644,45.5957271014753,22.306327820554348,21.510920816492302,29.106751773675757,22.411179019723626,16.580291397516984,30.4571421051963,19.074958315908017,28.229021021177612,115.14713343116696,40.39767676592469,4.620196234639851,14.187600208543449,57.304822090331285,29.236916051344288,68.55458445769445,-3.4778192016909033,11.599839963775215,11.331091051259255,14.072054857421307,16.337561410907785,25.87149441260697,22.417518400071657,133.97345875857147,44.99184610326172,41.635742948045646,47.550286557282966,97.00608176848566,67.5400124078795,82.78604627912347,16.72036111613694,18.627092666604046,28.707793759160424,46.00623903202807,33.39006013625156,72.63193687596507,21.62520487844093,59.13206852828221,65.56092585987633,19.889181887128814,40.134837528514495,-21.223523720493215,0.8380989518454977,23.43431542387227,17.699977658864253,9.45733965245628,17.807898803388817,31.33763837465989,4.64501277464162,29.678346633651813,22.734990074004973,27.751810725177886,6.900299477529602,22.912840027259268,11.349163142497359,13.843985916920332,64.951487241186,14.007667947782215,27.87085520254082,31.47713544999475,18.468732950196447,64.01086265534744,15.830719712671922
VA3,14.216809153233946,7.459149933432115,13.810678511561791,12.91055036840028,5.497203928482695,9.322753691976528,9.88705399051633,6.801527457177933,7.7350836863385934,8.75046295025063,10.062900746858706,14.292995529587794,96.94263362882171,10.197897834219388,11.33563234153121,8.97325044772245,12.809428273674897,12.422689127337952,15.594483881921951,0.3634192991547199,23.62995969965391,37.050049214138724,13.36484450579863,37.47287633579496,8.847836276981356,19.472579156313937,14.27477079592868,30.200254120054783,10.632751622284783,16.95485098476455,8.675064670220307,9.709735786471422,7.097484124118473,9.070858740581086,9.587491355213306,2.070368775882689,4.933611634167788,35.58677320518316,31.05640517072617,3.090389834118798,36.243651586564674,51.23965947373664,47.532414593091566,11.374957727382485,63.22438850969415,0.30806318679265665,4.223336230468965,12.042820405564717,6.200400726700115,-0.9402613555706673,1.9349340673264634,6.693868503888602,6.575531374464011,3.3870230450825796,22.213331063890518,22.422596479521026,58.22291438088613,8.028617119839849,6.620735081072762,-11.237140265512144,15.729175915884534,5.937980697009252,7.117882591759792,1.3690278123692992,6.311046326061418,20.98542227741335
VA4,4.956207115461066,5.426171194491525,4.572308964967061,8.402906534344176,6.019150059092556,4.7273021545474885,4.417672285849946,4.711742607836087,5.764593483286346,4.67913100671032,5.959251858495744,4.907123962093786,,4.288843990965668,8.690594425574915,4.5836277671797,6.956287328945491,5.877756060719272,8.495903401285018,3.536492137415745,9.324649086146305,4.783038688207257,4.369545710931051,2.0512936285630143,4.458165852664567,9.567519774727785,4.6969334413381025,66.41878829742458,46.2243040571566,70.46638891230401,5.912373890602985,6.892321974527201,13.298861364668987,6.719885627549,7.2414656268085915,2.8583360482065387,4.395158824929612,12.497256258687592,7.9266321735953476,5.267082823578032,3.4812893348831873,26.129027263039905,23.668850803063258,3.5064171454141935,,,,,,,,,,,,,,,,,,,,,,
VA5,3.1705238134845994,4.24486310643786,5.930936878633366,19.670666253850445,3.6510947108457548,3.091249756659324,3.9668725265557514,2.581927341582755,2.2683717759192117,3.4878094411546385,3.9143411882408325,2.9144890666711185,34.20474707924459,6.03970012051561,3.054210444606187,2.1209456134764135,5.253326945931715,3.156776659397497,3.3616830044479356,60.19157699137184,7.1517264154565,12.617075669584699,5.562239461341424,7.292490548156392,2.3832794039565233,2.6220077521937135,2.7509480863408564,20.846786859823215,9.589173993811658,20.157690414702508,5.247440993754046,6.109235399080854,5.474573937283481,6.132294730763338,9.914316339576088,0.40272140193074674,1.7796637780309648,10.645724695124468,8.891194817473231,1.8991509050808109,11.248340848323089,16.77496001408695,60.772214046247704,11.978022461686283,11.751501193698894,1.143496373360967,8.901176476267986,0.15517590602957085,2.7387714677054307,0.3004555586238352,5.546830694220787,6.785149677488391,8.465454106083461,94.56740754683658,10.292776292768998,13.89434543832883,40.8835743661308,8.008167503602888,7.364542605976055,9.726610158921414,8.995921400953993,6.7452768057892625,7.321505073708681,2.6702442715774115,4.624670659555106,3.3347739030649874
VA6,18.407775851208715,15.557683551085468,10.962562045967019,-1.7432052323517528,12.890551536530742,6.883711661112961,-0.13305911952598434,7.7046389520942125,10.99019481870916,5.486055151666973,5.645782490015047,-1.5928531923247264,-26.574094322147975,97.14634731086241,5.809053255445144,2.3394791503668855,29.408109247975062,2.1717611517115984,6.043138230834755,-25.700802500960346,9.395393044276913,-1.3498123747619022,6.583745848547509,0.9433592161592798,8.680701976769269,-5.052967548813789,0.10235774414206514,-5.5388384264412105,0.44289658518157576,1.1122622531193036,0.736857681451032,2.2916535200148087,20.943018233877332,21.262472934527075,20.558319651170443,14.330087418407093,16.47187425125368,9.484338928467487,-0.711423873846819,12.137112835681085,11.558025576712277,6.860269804492421,10.411223990422608,15.123727450882573,33.86213539649801,19.89775683314039,46.57526267761514,6.448631065883957,15.975481250429798,14.616838248522736,14.8295784849707,35.45372859382824,36.18287760720405,4.833415215944138,13.146653217203962,41.9490107863458,22.12602574691696,22.35635557392539,21.108882453386933,97.86741240242925,33.46084609808396,27.2831819890845,32.210009934365246,18.29657254782281,7.590182633997523,25.566342489377835
VA7l,8.27900722951102,11.563477673130244,19.581081911473344,38.62876716307442,11.02021027734582,6.12205738921273,7.357324550578769,10.952768984278269,7.0229845719253134,6.642165129057636,5.55033206643071,7.660388858340225,-4.011428357427916,10.938514587876814,17.656742209133682,9.9842025343342,10.078478897806294,6.525761406348089,17.210248483508238,90.56494311276909,14.544857593847357,10.352885343753556,12.78034596962812,18.66593923886075,5.24093326946727,-0.04183938128015584,3.10523737134655,24.307637168675257,6.187328566355364,21.544198799900133,12.114039026002954,13.82757589189387,11.220061267050447,18.28758320058761,19.031650460408606,0.6525187576631963,1.4383838012230117,47.15060810715182,33.53998513362355,2.7872894901742,34.686185822992066,50.574922228476815,86.07913419813292,32.8813486785918,99.30251652377052,14.592165025553609,8.516224986409146,5.870440911588169,7.482476455867004,-8.62186656708015,-4.923845848703474,6.010663680024022,12.182921641707868,48.10770044364733,23.48360251048381,21.447502310249252,14.320926794087214,15.602260674213658,11.32557296793188,-4.969125686605802,19.46303139346361,19.41144535807034,0.9346361610177265,0.22281791240206772,2.4117537326752156,23.209506701744402
VA7m,18.211787676118888,8.874891684024929,16.62492924705683,95.1438679853624,5.589906025543023,13.405023579783602,14.796096609683842,16.057347474349136,11.080887726069856,18.610215769789445,15.5577178191175,14.830695316113449,33.848204878932485,16.72288428159522,27.867839321358726,15.814507815423678,18.32860379680448,12.653342828962852,24.078150302513617,74.87743137544821,11.500599800505624,-3.7767632982360033,20.964072431565192,16.72500041184796,11.327814836791948,6.864126600992006,19.852645886651427,17.575935100661283,28.747053639881997,28.726560843715706,14.782477823242244,18.229597164616443,23.209607497217828,22.15449376765941,23.622465167667986,-0.6649540438673363,-24.07865192399167,15.675261687853483,18.71111124235326,6.0580237345255545,18.082733750983497,27.490520645953968,114.72991569316335,84.55920622696408,-28.09165032658698,-14.522099743845871,6.265119535422372,5.582765918084098,24.00937419728377,-16.882960775659132,-5.235914731007607,-22.378640129889696,-3.1957099387891765,145.16824749951928,19.499495833955393,27.54095791997085,11.674689947497132,82.53250658839953,23.353040666093626,-28.957509517245125,26.846342314060802,-2.5436213831696244,12.462141489050843,6.600720256500608,21.257580682442786,4.004225809883392
VC1,4.761688997812597,4.647938860963777,5.737035405542677,36.90819221682581,28.133050450106335,8.783530604371643,6.271167085418068,7.830620258348369,4.651780134541248,7.07811428152232,7.503826459548656,3.8271558431291908,17.617907557353938,6.091531736648948,18.578705720908864,54.54398208897349,7.932706881625366,7.435970071590593,9.542143125398853,129.16836510505442,21.276515698598157,72.18682131534148,-4.963967895843763,3.019960630103957,79.10794848459935,5.585767131130258,4.178858050504272,11.218339938679145,30.63411932249269,15.631524264260655,33.03837159147952,39.694058627987744,48.975027777704206,7.4572061059156045,11.221484484179296,20.906887899858738,12.701141834302604,16.573949807469916,25.042783720100118,6.506600040059506,29.16362006512623,28.006064005961417,114.54217696629631,21.936439907990252,112.76894396984821,43.79553021547707,28.6167464462011,19.01787951474348,12.362942341869473,155.6467472094388,72.43072283801926,48.88230065719905,17.5648868241496,150.74585727250675,24.69715464509803,9.309993414721534,9.834623324376055,7.414604452494554,-3.445609096798518,32.702723944193465,9.136019750943943,11.22280510537132,14.78694702305539,-2.547470258441172,93.24600401679763,7.490024474683847
VC2,4.473533331906668,9.29569390893969,7.670729620540894,18.121391560032574,7.456852619309913,5.993432566202985,4.450400529251107,4.276424551938178,4.276300879611349,3.957823252999794,3.834407793584463,4.01999831744165,38.92139163424072,9.28119229205089,17.732220348364585,12.357893481169414,7.538357283833942,4.397397127930702,7.678723617581822,129.15472720740925,11.832234073082052,3.066883233485299,5.725354779451906,4.1464002069897905,6.050596854635026,12.926908912952573,3.1070267611126328,23.904521887466196,13.820555808932806,17.91566902655346,21.907607411409074,21.174347044042047,28.301799799087384,23.191397722107748,17.280615247896502,3.60695492723101,4.0305555787408345,18.00194512348147,12.015326846252375,4.082014377771556,34.81353649499912,41.47114408644896,13.639092441114347,7.86898593178601,21.173090966806438,7.126195949633761,16.758321929393976,5.8749038016777275,18.165808541941043,62.55371052578803,4.870162012678313,8.502503100643596,18.55945294330134,213.88934677532166,25.303892883378012,18.84173017455049,7.919357046903632,8.533966625664146,4.556165074381167,15.581105852558114,23.94754509269741,17.306038840844554,35.92725973599232,3.8935976729549453,14.257239967183352,11.869606845790246
VC3,54.40517975337622,6.783068499685985,14.827475608125274,10.033531968756439,13.183402439164912,16.65392898075262,10.587710116153245,10.346818764789244,12.111889709799375,9.377775808393453,15.219356620365728,11.224115090976358,107.16365293424457,8.25101596393189,12.310775152395493,15.316876945033409,12.241400482750986,13.842435597294664,11.465537889184409,2.9332836188278253,16.062694630112205,13.362482482265648,107.87646569214455,6.210437288395434,15.186755454187386,10.8983084554258,10.074864708005494,40.83104864008185,12.127450627701132,61.91294253516566,3.7283828337554135,27.416617885047255,15.795265086300297,6.132417759092483,15.240897363075902,2.679341162171991,9.672411393788991,54.311470696404506,71.77029788957665,95.61831912467159,84.87819698106144,40.07106461928466,16.042753005001032,10.777474376093338,9.680150996312921,19.697549155430902,5.762374360462167,27.520131900374018,18.33190376074778,25.955323385823487,23.634262964723103,8.128699014062793,28.84232997155948,11.884870842498907,47.64849065965912,28.518952270706272,10.799771165350132,9.38151719161115,12.730950129094179,-3.2982072467799752,22.43806974369685,10.731542799496639,34.68647488901752,46.025761122818224,31.46498853833655,39.747558396777514
VC4,8.585279269404088,6.139854913601689,8.096509436121096,5.333596242533889,10.262092805555445,8.811131107128686,12.309317623236769,5.726102781569305,6.295655288069139,6.183599602023391,7.658106440867023,14.766345265453342,46.271054996144386,7.625357258632791,7.914070870349826,9.999425436144035,12.557391180148826,8.747258457469666,8.514857345041149,3.5755343639071913,9.148478126319082,3.9419553669257508,10.435347852384982,3.5357519585386905,5.352623480755825,6.8154641213050065,64.01574919264517,35.78602416121979,33.97729741168017,39.02311233533266,11.26334334388665,63.24323898562508,24.45050266307081,5.716504504033687,8.861256791828973,4.427461511131401,18.052951034400866,23.748567969002757,34.81946827886601,18.988443428619377,50.20829445793691,64.42210048391519,8.643343838407084,3.4878516560037505,22.76808550123722,3.5668496023645657,12.857083984091753,7.222439804635421,5.304860130046061,31.42248067889802,16.21545151567897,5.071786108803212,12.883983914584586,10.394474780700666,12.775493356338412,18.117022522881072,8.372870471940008,5.427318576055699,4.3043121257810855,7.616637328906988,11.91836028501755,2.149210194288714,26.28966713158685,8.180986177772022,21.20370085382583,8.81578288178157
VL1,3.899429131140306,12.430715385707472,3.374696687640965,2.149942548867336,2.5631461538291767,4.206697262783092,5.368264538540339,4.117683649265866,4.039606644736308,4.652185350520347,3.5596517963081427,3.187229666658834,,4.947541377253,8.595130001799472,3.1046183662789226,4.866425898420019,3.0361786510576914,3.7641640330886963,-0.20923750884915443,4.210207320341008,1.6222824029510468,2.713896949742657,3.916818656107131,3.059740239536054,0.10692049318984902,2.519002921803378,1.332258186082618,4.397610176216121,2.5280986434448467,0.08971706874107724,2.99287923996546,2.9872291303270777,8.48118142758567,10.781495137448834,2.161138352002947,1.6933999438441727,5.790365003515122,5.0842921151738585,3.7008554279802843,3.320211843589859,1.6781325494015327,4.243059147936954,3.5058981614219333,,,,,,,,,,,,,,,,,,,,,,
VL2a,9.974711799050754,36.36089491250493,6.850569441521798,6.196736467015001,5.311214809124205,7.554200046756476,6.629050299972879,6.175507966342605,8.265907058765787,5.55199940642797,9.433271893696274,5.127818437925479,14.891454177635529,6.588809433681949,15.139751206153687,7.892339894105191,9.640206643118944,10.562183288479883,9.169517941956657,-1.9749231811148948,12.426761935371415,2.0638155989263245,5.119239018797567,59.47549355304897,5.082894894879998,-0.7122367615030343,7.131034672557645,15.889944051264015,6.313608479371084,3.4057546285216356,4.117598144760543,6.407484801864232,3.1376075895055786,15.987016601189852,77.92149261578729,7.803597573840149,8.958711651821412,64.80302645726667,82.84947359072311,6.13290304182307,0.3202092387103387,-1.406968352713548,29.629421321318844,9.613900132859447,14.172333835934078,9.621972904169915,14.54392702822658,8.132848632981537,6.210505200132308,8.563318941413737,4.773041010271681,12.423758914580748,7.754515486294736,10.235412697832277,11.869525279337541,6.529472294010975,113.58681742833417,12.91343309558666,12.658203750027571,10.31258774274218,10.538440072368397,8.918582581859148,3.178316845307304,6.3763615021328,1.9097546671399488,12.693032964702796
VL2p,13.81020454349631,24.74087106841549,16.835369751735254,9.371407286873058,16.707333956382705,13.199172391288648,11.988258879063183,13.57876055296691,14.578201955393201,12.296860646819153,12.961124382291395,11.23181664566827,38.381456724611944,14.05493539752349,25.250804876430358,14.393559481811483,14.013381403573476,13.391530365740525,14.172393734394044,14.121906147994805,14.17629241809699,5.8290169899824695,12.587044167689072,14.67841862688815,14.185162070057162,-0.004304943837332709,9.776343833379759,21.775779682847766,15.837903789614549,14.136429400610755,15.44791747166431,8.357014758752136,13.567160051461428,21.969838958948714,35.372280191725956,11.800142268372225,22.76081415717058,25.454124341518018,33.33519195840957,16.585274258381233,15.309406593542422,18.372437157881897,23.160026075980138,13.445680981277745,18.227814584259228,19.075014283359124,28.073027555107767,20.62818777183346,10.188968560483099,18.21931553724961,8.262618952169557,27.61344436994738,14.983791276417577,19.267470930351323,15.043516699669107,20.993041275606636,28.784527878882905,23.911212829021096,24.511279384728134,30.009956070136006,20.86655768699125,28.140469089320163,13.047643059620555,14.648704557453652,15.382731375103521,18.695860978365253
VM2,23.717436511887758,7.984418585773212,17.392061487859532,48.1843799465517,-3.1041639442173574,33.956963673126346,66.67214282272171,13.885125002801459,13.868190071129332,14.696626359878918,16.253010478689493,26.218803772466146,181.85731200851848,95.44196491806031,9.761818135095913,25.30599077249755,29.87107753579425,105.62578987961366,27.35049683563597,105.15693290002069,14.226497387105109,18.30318727335827,15.220544612859197,11.024944006381185,12.91599402374936,5.505935404090022,26.01282747487205,129.02189380639888,161.38172102066622,156.9972920203249,111.05988061408853,187.06556897518988,168.2250154475728,12.343085479019217,18.21569946076831,63.87800690702448,-2.9572415918691877,94.96315391438218,107.73624877491153,64.72879296937006,148.44737547148446,158.85562949170108,74.23305088091172,33.70298611469153,94.2533444437667,49.00530189193527,38.57157111239131,15.197610181062865,6.884076237845191,26.016900089703018,3.6117267044348225,11.545294129281004,80.10651455628982,154.95842563887837,71.21494212244349,13.514750665400783,10.833845620823835,29.11096288402813,11.986910073081445,124.74012431973381,53.4128684241176,19.471682731864895,51.32952864514741,2.1759581152119507,175.00465075643604,78.59814289511021
VM3,13.44130552321465,7.71155038518053,13.176554269524535,18.74381047039785,19.085969120898344,18.97184232181078,26.30216345014271,11.011502188633198,10.852260388036555,11.0830237143487,14.512045802856438,19.01316535117809,,19.375219220161604,7.627058066239086,17.717580219047264,24.544503851955792,20.59271303695548,28.405376135612723,22.61946695318101,12.820284725341004,7.836467814748998,9.732924829026963,7.018053300592032,12.147716906063344,0.6973227671171867,15.247545738270976,54.69738424505182,87.14674709211815,52.052135023097094,87.51322092439116,59.39274981672857,42.100733213146384,6.133809947960697,10.885605377494796,13.696132257919515,19.186683785484103,23.050140134630436,20.97186671331774,12.830556771419348,40.83865861623793,61.057238217032,12.67632657836016,13.658292134216875,14.308509295315464,13.81862801109542,33.483117656690396,14.37232780106221,9.491542411605193,42.70766053388373,8.59768515988181,11.191328156020916,34.373918267327355,39.06086265106258,19.148426720973138,13.912519875605243,6.417958444907682,31.37953608773499,10.876913798710962,37.163311382680774,19.544047183122448,18.112916994249026,14.850373565376689,11.77942795648838,56.46465724741527,7.418778682617134
VM5d,33.987725476387176,17.15042528281253,29.55989298037168,18.305123442942907,29.171332158267358,29.063250371252103,49.25808815502632,19.2729737577475,23.35770695633977,15.942289062563717,30.892837780971462,195.69017379534665,44.90048825816243,21.52171221210037,17.623713296190168,29.076725328974657,28.80310864102257,31.119140270496818,29.8061296938741,-1.7644578607962025,28.498192581165352,20.159890255886875,40.97762031825112,27.84456609497735,30.39869875786298,14.015198357654508,24.288348832371984,73.80997873356688,114.90592476485816,149.32416269512387,25.323901127274187,58.98453544516105,30.875654758666535,30.06340718100754,25.913573771971716,22.902254474259014,22.9913635519995,101.1018395878411,83.5791148236601,39.41735092707957,63.84212598622085,155.34597552230744,26.78608793620543,19.124439501929547,21.18844837932395,25.73507754994995,42.02841331137769,18.89469463222921,15.918662581134758,37.738210917289564,20.124189740603196,5.1122137791007445,52.34365362703014,14.545142278088003,21.485533329858363,36.55799158306544,27.96071488126612,17.897578522111427,23.548159353890814,23.90584916848005,20.92117049972095,-8.323259960336795,103.4965383251088,87.82866548583976,56.06348725813723,29.040817794267788
VM5v,22.197835500315854,31.450667219825245,10.44676417777701,13.99027418707258,45.2142697811188,13.203531246803037,9.325343991930554,9.492937560398806,10.483193147705748,7.297050896134226,12.665489422698375,5.847325426994765,301.6069234504448,80.17233456522003,23.448571739424857,22.41532643171479,100.5606133941648,2.1641273426781753,9.67385294076428,106.27932061843073,9.174116812274885,16.23818685962356,3.883296684157866,5.205742056272247,10.822915386358085,15.893500893382864,17.354799149504895,136.94485671029088,147.57029397947238,141.5234754089413,1.1065043949728508,69.71034724111792,29.727893985674086,29.391182500282756,31.138440836460756,30.12995389572708,114.090343880337,27.618014154008858,28.87132600599017,69.49651569090757,70.83547565963426,121.17827688648705,32.75868403896883,16.107692117552574,79.52613258537932,41.137807394106176,54.31983606130924,111.189298944994,28.480533557817246,32.2630329362023,40.25736634438915,29.1705095092178,11.063251595363953,36.865870783517735,113.88605084420574,44.593242469940016,10.422839131827356,16.465272942023788,53.63894094017824,139.22799712865282,40.86888452763587,35.54423824830626,67.05793158477928,-0.47849420441256,100.37517078427982,9.009165712708718
VM7d,34.64746372004818,76.97472857578477,23.014154555062525,22.939669223171983,28.37775750235888,25.392528176095897,25.028133159189764,31.948123058126686,25.219858711247763,21.106037251813145,76.64498096770112,27.776787224592805,152.49470533372823,23.428689374364183,32.97916459733205,26.570610898887715,30.083785721970624,32.08991008525001,26.69414715985331,61.387331669142576,23.719848852633653,29.502015093755663,29.665970248673002,26.127658517429186,28.34798624844859,11.802459659774568,25.396503213239832,120.17683521836256,32.555731531167986,37.08289606689568,144.52434853032915,171.25140334626906,141.71819300621735,6.648475120656484,112.70984894846842,20.176567870448118,28.98274239538242,132.85057034227856,100.7052526812343,96.62599645062832,102.76460719781244,87.80441065013879,64.98095013589396,22.400186138204365,-7.639881625153807,32.73463313283463,35.664508427717756,41.616386606920614,22.768485601213253,82.1894165363198,17.160510385147624,80.49139548715473,47.89773888499133,41.97609526108919,37.65264452131083,20.44610875786208,53.31398832046009,29.36304700986334,32.72646917487735,69.32015206076497,197.71816485424392,168.10443855147489,130.1726682094321,42.03770762947316,87.48743934713754,82.81861092401013
VM7v,14.396007954024782,5.8705605630407165,10.466850875525237,13.543295152851835,8.527186828624501,11.071096944668492,10.000871413648245,6.851823362033292,4.444204215306772,5.296279039016761,5.121711391418706,2.468905048021061,83.78909989618718,2.5060274992336984,19.811480650537355,7.182070119235655,4.498082091565455,6.132384729178015,5.9013552183878515,3.043750123306363,8.24361604573435,3.3466092768628677,13.541101317503578,10.484162738933076,4.906184857699837,0.5387492685749902,7.320295259313658,66.32146358803124,54.247024227397986,41.96252394753812,2.0783184277504074,109.94629290968912,54.74716930576486,8.61380158018065,12.103596818606434,2.6135689743696675,0.9780496307424601,11.826806899862607,10.685049706545973,19.040750107000505,34.81101224071134,44.696474431892945,14.671510546561962,9.352375175679907,-5.853510454504084,-7.8040077263991945,9.164771540195265,9.191602430438408,2.4982622588619146,-5.358843562515981,-0.16930714107407852,3.4668396476869745,15.02891302886494,-0.5225483488730471,6.199955806126782,10.626388544349785,8.497129561223876,0.9978824845420474,6.397728565353124,-23.999850376631635,2.243693238785184,0.8256643385238484,34.9814292340142,-4.774035714266812,93.08048906954755,8.167477903669381
DL4,-4.770718228610438,5.887104200849833,-0.37145409988354183,0.4846931803374903,3.8969699773291735,-2.0245662727461147,4.303161206763146,-0.9272511346749477,-7.102662838302279,1.1078823968122324,4.818067393421821,-0.39212623988531436,15.114863433888667,-2.4164664369797926,-0.056211314598407114,5.316235481089109,4.084002941499989,5.048799579731986,1.2991228807048143,-2.547660624738861,,15.326855809021968,1.0767553385716868,9.59472185418398,5.399511198170309,,1.0239908568516845,,,,,,,,,,,,,,,,,,29.276761174332478,3.119364741229843,6.460385663555536,10.798092449490227,3.198477062309721,2.2935365528593152,6.6666546067351655,8.233893019038568,6.383595258523216,110.81378169926455,4.078830295111591,3.4960586389930803,-1.1800049020987846,2.6714223355932423,2.053649587983027,8.694888497846106,4.42758215906168,-3.2044018024020384,1.0523401219253699,2.855271925062583,-0.18810702955075348,6.269168985654236
VM4,5.992868256805755,9.434279328326081,9.168982269247628,6.885711317213143,3.0532105877763707,5.516414051649103,11.995237668453527,0.7099402116334587,1.5081498238713187,3.543172365790362,3.0917325813130603,6.979084130746872,,6.263192599911031,4.599074694433041,7.805955387910883,10.092855754526292,10.058615688949255,10.271598709725026,-2.272123736452741,,6.353705483548451,7.2980731632825435,-0.292577272557829,2.9482507998780716,,5.820593799439651,,,,,,,,,,,,,,,,,,10.899683175103526,1.233206573622248,8.664076130479419,2.305263220280324,4.7374049100847015,12.127750577815664,9.616061483042126,8.157902671764745,9.296026983187026,11.455832989337608,6.197567766525391,55.55661760179375,-1.5654072586284087,5.352901585047851,2.8247575621093133,12.034030747788206,17.28334641415496,12.57463493181576,12.65935934732438,9.26209119523006,16.7703436365926,7.009258019453775
