	n	r	CI95%	p-val	X	Y	method	covar
pearson	113	0.10948817436499957	[-0.08  0.29]	0.2570788282110006	vcf_dat	orn_remy	pearson	chem_cols
pearson	113	0.1094881743649987	[-0.08  0.29]	0.2570788282110045	vcf_dat	orn_remy_mean_scaled	pearson	chem_cols
pearson	113	0.09887222105165126	[-0.09  0.28]	0.3063719729174934	vcf_dat	orn_remy_scaled_mean	pearson	chem_cols
pearson	113	-0.0077282796174222125	[-0.2   0.18]	0.9364308597451669	vcf_dat	kc_remy	pearson	chem_cols
pearson	113	-0.007728279617422411	[-0.2   0.18]	0.9364308597451654	vcf_dat	kc_remy_mean_scaled	pearson	chem_cols
pearson	113	-0.00768388013097803	[-0.2   0.18]	0.9367953124571604	vcf_dat	kc_remy_scaled_mean	pearson	chem_cols
pearson	113	0.016206399950004658	[-0.17  0.2 ]	0.8671654158235998	vcf_dat	kc_remy_combo	pearson	chem_cols
pearson	113	0.016206399950004603	[-0.17  0.2 ]	0.8671654158236002	vcf_dat	kc_remy_combo_mean_scaled	pearson	chem_cols
pearson	113	-0.00768388013097803	[-0.2   0.18]	0.9367953124571604	vcf_dat	kc_remy_combo_scaled_mean	pearson	chem_cols
pearson	113	0.09887222105165142	[-0.09  0.28]	0.3063719729174926	vcf_dat	orn_dat	pearson	chem_cols
pearson	113	0.15929179734427293	[-0.03  0.34]	0.09803328551435114	vcf_dat	orn_emb	pearson	chem_cols
pearson	113	-0.007683880130977691	[-0.2   0.18]	0.9367953124571631	vcf_dat	kc_dat	pearson	chem_cols
pearson	113	-0.000973381553251557	[-0.19  0.19]	0.991985191149991	vcf_dat	kc_emb	pearson	chem_cols
pearson	113	-0.037025731992717456	[-0.22  0.15]	0.7022874257118243	vcf_dat	kc_combo	pearson	chem_cols
pearson	113	0.12506706533125894	[-0.06  0.31]	0.195051619234735	vcf_dat	uniform_dat	pearson	chem_cols
pearson	113	0.13046634312559072	[-0.06  0.31]	0.17631379512011128	vcf_dat	uniform_emb	pearson	chem_cols
pearson	113	0.13801063914944922	[-0.05  0.32]	0.1523958794347469	vcf_dat	hemibrain_dat	pearson	chem_cols
pearson	113	0.13099884464143888	[-0.06  0.31]	0.17454006660871896	vcf_dat	hemibrain_emb	pearson	chem_cols
pearson	113	0.07180713624455012	[-0.12  0.26]	0.45808487347421534	vcf_dat	uniform_tom	pearson	chem_cols
pearson	113	0.08258370486991808	[-0.11  0.27]	0.39326093729625644	vcf_dat	hemibrain_tom	pearson	chem_cols
pearson	136	0.044716431046270565	[-0.13  0.21]	0.6106673751624747	vcf_emb_all	orn_remy	pearson	chem_cols
pearson	136	0.04471643104627067	[-0.13  0.21]	0.6106673751624738	vcf_emb_all	orn_remy_mean_scaled	pearson	chem_cols
pearson	136	0.03920450363732482	[-0.13  0.21]	0.655371154590299	vcf_emb_all	orn_remy_scaled_mean	pearson	chem_cols
pearson	136	0.24509530728563222	[0.08 0.4 ]	0.004618791850280745	vcf_emb_all	kc_remy	pearson	chem_cols
pearson	136	0.24509530728563178	[0.08 0.4 ]	0.004618791850280829	vcf_emb_all	kc_remy_mean_scaled	pearson	chem_cols
pearson	136	0.24589875577189657	[0.08 0.4 ]	0.00448224570648244	vcf_emb_all	kc_remy_scaled_mean	pearson	chem_cols
pearson	136	0.2677506630322774	[0.1  0.42]	0.0019102820554319463	vcf_emb_all	kc_remy_combo	pearson	chem_cols
pearson	136	0.26775066303227757	[0.1  0.42]	0.0019102820554319298	vcf_emb_all	kc_remy_combo_mean_scaled	pearson	chem_cols
pearson	136	0.24589875577189657	[0.08 0.4 ]	0.00448224570648244	vcf_emb_all	kc_remy_combo_scaled_mean	pearson	chem_cols
pearson	136	0.03920450363732484	[-0.13  0.21]	0.6553711545902989	vcf_emb_all	orn_dat	pearson	chem_cols
pearson	136	0.15243210614553226	[-0.02  0.32]	0.08100815987034464	vcf_emb_all	orn_emb	pearson	chem_cols
pearson	136	0.24589875577189543	[0.08 0.4 ]	0.004482245706482635	vcf_emb_all	kc_dat	pearson	chem_cols
pearson	136	0.24448557696462225	[0.08 0.4 ]	0.004724887860545102	vcf_emb_all	kc_emb	pearson	chem_cols
pearson	136	0.1975538333293379	[0.03 0.36]	0.023173726852936324	vcf_emb_all	kc_combo	pearson	chem_cols
pearson	136	0.07046898793613725	[-0.1   0.24]	0.42201788573087595	vcf_emb_all	uniform_dat	pearson	chem_cols
pearson	136	0.06497996207207042	[-0.11  0.23]	0.45915132785180135	vcf_emb_all	uniform_emb	pearson	chem_cols
pearson	136	0.17294243186400268	[0.   0.33]	0.04736435946694445	vcf_emb_all	hemibrain_dat	pearson	chem_cols
pearson	136	0.16314974850034744	[-0.01  0.32]	0.061600026654912876	vcf_emb_all	hemibrain_emb	pearson	chem_cols
pearson	136	0.08408483864085058	[-0.09  0.25]	0.33777454919062966	vcf_emb_all	uniform_tom	pearson	chem_cols
pearson	136	0.2210674375425828	[0.05 0.38]	0.010855624216997026	vcf_emb_all	hemibrain_tom	pearson	chem_cols
pearson	113	0.10652170516759488	[-0.08  0.29]	0.2702713679065344	vcf_emb_masked	orn_remy	pearson	chem_cols
pearson	113	0.1065217051675944	[-0.08  0.29]	0.27027136790653644	vcf_emb_masked	orn_remy_mean_scaled	pearson	chem_cols
pearson	113	0.1040676847280927	[-0.09  0.29]	0.28152512067027563	vcf_emb_masked	orn_remy_scaled_mean	pearson	chem_cols
pearson	113	0.35955713840889986	[0.18 0.51]	0.00012311049579753335	vcf_emb_masked	kc_remy	pearson	chem_cols
pearson	113	0.35955713840890063	[0.18 0.51]	0.00012311049579752855	vcf_emb_masked	kc_remy_mean_scaled	pearson	chem_cols
pearson	113	0.3607565913447899	[0.19 0.51]	0.00011639732870629937	vcf_emb_masked	kc_remy_scaled_mean	pearson	chem_cols
pearson	113	0.3590587280420279	[0.18 0.51]	0.00012600443867436697	vcf_emb_masked	kc_remy_combo	pearson	chem_cols
pearson	113	0.359058728042029	[0.18 0.51]	0.00012600443867436117	vcf_emb_masked	kc_remy_combo_mean_scaled	pearson	chem_cols
pearson	113	0.3607565913447899	[0.19 0.51]	0.00011639732870629937	vcf_emb_masked	kc_remy_combo_scaled_mean	pearson	chem_cols
pearson	113	0.10406768472809268	[-0.09  0.29]	0.28152512067027596	vcf_emb_masked	orn_dat	pearson	chem_cols
pearson	113	0.14475891175132313	[-0.04  0.32]	0.13314206846185797	vcf_emb_masked	orn_emb	pearson	chem_cols
pearson	113	0.3607565913447902	[0.19 0.51]	0.00011639732870629796	vcf_emb_masked	kc_dat	pearson	chem_cols
pearson	113	0.3541156474416624	[0.18 0.51]	0.00015833206264045404	vcf_emb_masked	kc_emb	pearson	chem_cols
pearson	113	0.28667617171335213	[0.1  0.45]	0.0025096002133793752	vcf_emb_masked	kc_combo	pearson	chem_cols
pearson	113	0.11451190821094367	[-0.08  0.3 ]	0.23575620292267674	vcf_emb_masked	uniform_dat	pearson	chem_cols
pearson	113	0.13905205373955032	[-0.05  0.32]	0.14929540748395337	vcf_emb_masked	uniform_emb	pearson	chem_cols
pearson	113	0.22564037396352768	[0.04 0.4 ]	0.018319063605051956	vcf_emb_masked	hemibrain_dat	pearson	chem_cols
pearson	113	0.22194192332618515	[0.04 0.39]	0.020371491741629444	vcf_emb_masked	hemibrain_emb	pearson	chem_cols
pearson	113	0.14510992429024464	[-0.04  0.32]	0.13219388560840006	vcf_emb_masked	uniform_tom	pearson	chem_cols
pearson	113	0.30049342032619875	[0.12 0.46]	0.0014994806706175206	vcf_emb_masked	hemibrain_tom	pearson	chem_cols
pearson	136	0.07820564266218805	[-0.09  0.25]	0.37274968829466315	vcf_emb_all_tom	orn_remy	pearson	chem_cols
pearson	136	0.07820564266218798	[-0.09  0.25]	0.3727496882946636	vcf_emb_all_tom	orn_remy_mean_scaled	pearson	chem_cols
pearson	136	0.07603470291862412	[-0.1   0.24]	0.3862057398464718	vcf_emb_all_tom	orn_remy_scaled_mean	pearson	chem_cols
pearson	136	-0.010707709698073902	[-0.18  0.16]	0.903013367189944	vcf_emb_all_tom	kc_remy	pearson	chem_cols
pearson	136	-0.010707709698074358	[-0.18  0.16]	0.9030133671899399	vcf_emb_all_tom	kc_remy_mean_scaled	pearson	chem_cols
pearson	136	-0.010378614215243026	[-0.18  0.16]	0.9059803049739263	vcf_emb_all_tom	kc_remy_scaled_mean	pearson	chem_cols
pearson	136	-0.013550789478847523	[-0.18  0.16]	0.877441773760752	vcf_emb_all_tom	kc_remy_combo	pearson	chem_cols
pearson	136	-0.013550789478847748	[-0.18  0.16]	0.87744177376075	vcf_emb_all_tom	kc_remy_combo_mean_scaled	pearson	chem_cols
pearson	136	-0.010378614215243026	[-0.18  0.16]	0.9059803049739263	vcf_emb_all_tom	kc_remy_combo_scaled_mean	pearson	chem_cols
pearson	136	0.0760347029186239	[-0.1   0.24]	0.386205739846473	vcf_emb_all_tom	orn_dat	pearson	chem_cols
pearson	136	0.07957585063245538	[-0.09  0.25]	0.364406474093784	vcf_emb_all_tom	orn_emb	pearson	chem_cols
pearson	136	-0.010378614215243036	[-0.18  0.16]	0.9059803049739263	vcf_emb_all_tom	kc_dat	pearson	chem_cols
pearson	136	-0.010341705648823467	[-0.18  0.16]	0.9063131332963257	vcf_emb_all_tom	kc_emb	pearson	chem_cols
pearson	136	-0.06339913226015821	[-0.23  0.11]	0.4701717762088933	vcf_emb_all_tom	kc_combo	pearson	chem_cols
pearson	136	0.12818416970430044	[-0.04  0.29]	0.1429846489585155	vcf_emb_all_tom	uniform_dat	pearson	chem_cols
pearson	136	0.11080328658309412	[-0.06  0.28]	0.20593465738100042	vcf_emb_all_tom	uniform_emb	pearson	chem_cols
pearson	136	0.17554525336292406	[0.   0.34]	0.044078751088424704	vcf_emb_all_tom	hemibrain_dat	pearson	chem_cols
pearson	136	0.16227353205558054	[-0.01  0.32]	0.06302860849442027	vcf_emb_all_tom	hemibrain_emb	pearson	chem_cols
pearson	136	0.0976509855092384	[-0.07  0.26]	0.2653143167970167	vcf_emb_all_tom	uniform_tom	pearson	chem_cols
pearson	136	0.1536602362035506	[-0.02  0.32]	0.0785616897613495	vcf_emb_all_tom	hemibrain_tom	pearson	chem_cols
pearson	113	0.12672921141437365	[-0.06  0.31]	0.18913600098680086	vcf_emb_masked_tom	orn_remy	pearson	chem_cols
pearson	113	0.12672921141437354	[-0.06  0.31]	0.18913600098680125	vcf_emb_masked_tom	orn_remy_mean_scaled	pearson	chem_cols
pearson	113	0.1254076989780101	[-0.06  0.31]	0.1938285269462419	vcf_emb_masked_tom	orn_remy_scaled_mean	pearson	chem_cols
pearson	113	0.0012640046410123038	[-0.19  0.19]	0.9895923235109411	vcf_emb_masked_tom	kc_remy	pearson	chem_cols
pearson	113	0.0012640046410120423	[-0.19  0.19]	0.9895923235109432	vcf_emb_masked_tom	kc_remy_mean_scaled	pearson	chem_cols
pearson	113	0.0015372551008442628	[-0.19  0.19]	0.9873425785444072	vcf_emb_masked_tom	kc_remy_scaled_mean	pearson	chem_cols
pearson	113	-0.0006387336792066816	[-0.19  0.19]	0.9947406269826675	vcf_emb_masked_tom	kc_remy_combo	pearson	chem_cols
pearson	113	-0.0006387336792069271	[-0.19  0.19]	0.9947406269826655	vcf_emb_masked_tom	kc_remy_combo_mean_scaled	pearson	chem_cols
pearson	113	0.0015372551008442628	[-0.19  0.19]	0.9873425785444072	vcf_emb_masked_tom	kc_remy_combo_scaled_mean	pearson	chem_cols
pearson	113	0.12540769897801007	[-0.06  0.31]	0.19382852694624203	vcf_emb_masked_tom	orn_dat	pearson	chem_cols
pearson	113	0.0901423814741224	[-0.1   0.27]	0.35125197259654395	vcf_emb_masked_tom	orn_emb	pearson	chem_cols
pearson	113	0.0015372551008443328	[-0.19  0.19]	0.9873425785444068	vcf_emb_masked_tom	kc_dat	pearson	chem_cols
pearson	113	-0.00930171280940944	[-0.2   0.18]	0.9235243835184348	vcf_emb_masked_tom	kc_emb	pearson	chem_cols
pearson	113	-0.05332569873790496	[-0.24  0.14]	0.5818323661515836	vcf_emb_masked_tom	kc_combo	pearson	chem_cols
pearson	113	0.13486021800747783	[-0.05  0.31]	0.16206934757711408	vcf_emb_masked_tom	uniform_dat	pearson	chem_cols
pearson	113	0.14328234059670444	[-0.05  0.32]	0.1371876154144782	vcf_emb_masked_tom	uniform_emb	pearson	chem_cols
pearson	113	0.15670716647780433	[-0.03  0.33]	0.10367778054980291	vcf_emb_masked_tom	hemibrain_dat	pearson	chem_cols
pearson	113	0.14358513707127019	[-0.05  0.32]	0.13635047841374992	vcf_emb_masked_tom	hemibrain_emb	pearson	chem_cols
pearson	113	0.12632874212145678	[-0.06  0.31]	0.19054921302954309	vcf_emb_masked_tom	uniform_tom	pearson	chem_cols
pearson	113	0.14564239830234071	[-0.04  0.32]	0.13076538200946253	vcf_emb_masked_tom	hemibrain_tom	pearson	chem_cols
pearson	113	0.10948817248486747	[-0.08  0.29]	0.2570788364302089	vcf_dat_mendy	orn_remy	pearson	chem_cols
pearson	113	0.10948817248486721	[-0.08  0.29]	0.25707883643020996	vcf_dat_mendy	orn_remy_mean_scaled	pearson	chem_cols
pearson	113	0.09887221902795039	[-0.09  0.28]	0.3063719828664181	vcf_dat_mendy	orn_remy_scaled_mean	pearson	chem_cols
pearson	113	-0.007728281305525576	[-0.2   0.18]	0.9364308458886377	vcf_dat_mendy	kc_remy	pearson	chem_cols
pearson	113	-0.007728281305526	[-0.2   0.18]	0.9364308458886341	vcf_dat_mendy	kc_remy_mean_scaled	pearson	chem_cols
pearson	113	-0.007683881812047964	[-0.2   0.18]	0.936795298657868	vcf_dat_mendy	kc_remy_scaled_mean	pearson	chem_cols
pearson	113	0.016206398022814383	[-0.17  0.2 ]	0.8671654314749782	vcf_dat_mendy	kc_remy_combo	pearson	chem_cols
pearson	113	0.016206398022815118	[-0.17  0.2 ]	0.8671654314749722	vcf_dat_mendy	kc_remy_combo_mean_scaled	pearson	chem_cols
pearson	113	-0.007683881812047964	[-0.2   0.18]	0.936795298657868	vcf_dat_mendy	kc_remy_combo_scaled_mean	pearson	chem_cols
pearson	113	0.09887221902795046	[-0.09  0.28]	0.3063719828664177	vcf_dat_mendy	orn_dat	pearson	chem_cols
pearson	113	0.15929179899408544	[-0.03  0.34]	0.09803328199024197	vcf_dat_mendy	orn_emb	pearson	chem_cols
pearson	113	-0.007683881812048419	[-0.2   0.18]	0.9367952986578643	vcf_dat_mendy	kc_dat	pearson	chem_cols
pearson	113	-0.0009733833685478108	[-0.19  0.19]	0.9919851762033649	vcf_dat_mendy	kc_emb	pearson	chem_cols
pearson	113	-0.03702573362388833	[-0.22  0.15]	0.7022874132138968	vcf_dat_mendy	kc_combo	pearson	chem_cols
pearson	113	0.1250670638601128	[-0.06  0.31]	0.19505162452911184	vcf_dat_mendy	uniform_dat	pearson	chem_cols
pearson	113	0.13046634236853008	[-0.06  0.31]	0.17631379765121347	vcf_dat_mendy	uniform_emb	pearson	chem_cols
pearson	113	0.13801063724134416	[-0.05  0.32]	0.15239588515943078	vcf_dat_mendy	hemibrain_dat	pearson	chem_cols
pearson	113	0.13099884225825187	[-0.06  0.31]	0.1745400745174614	vcf_dat_mendy	hemibrain_emb	pearson	chem_cols
pearson	113	0.07180713463026399	[-0.12  0.26]	0.4580848836069906	vcf_dat_mendy	uniform_tom	pearson	chem_cols
pearson	113	0.08258370273608404	[-0.11  0.27]	0.3932609495634305	vcf_dat_mendy	hemibrain_tom	pearson	chem_cols
pearson	136	0.06023754651120597	[-0.11  0.23]	0.4926389188524328	vcf_emb_all_mendy	orn_remy	pearson	chem_cols
pearson	136	0.06023754651120624	[-0.11  0.23]	0.49263891885243094	vcf_emb_all_mendy	orn_remy_mean_scaled	pearson	chem_cols
pearson	136	0.049083701423453294	[-0.12  0.22]	0.5762284702687168	vcf_emb_all_mendy	orn_remy_scaled_mean	pearson	chem_cols
pearson	136	0.07754679193675494	[-0.09  0.25]	0.3768027440083833	vcf_emb_all_mendy	kc_remy	pearson	chem_cols
pearson	136	0.0775467919367548	[-0.09  0.25]	0.3768027440083841	vcf_emb_all_mendy	kc_remy_mean_scaled	pearson	chem_cols
pearson	136	0.07807918649511766	[-0.09  0.25]	0.3735255321923385	vcf_emb_all_mendy	kc_remy_scaled_mean	pearson	chem_cols
pearson	136	0.1173614946180479	[-0.05  0.28]	0.18018273219730122	vcf_emb_all_mendy	kc_remy_combo	pearson	chem_cols
pearson	136	0.11736149461804707	[-0.05  0.28]	0.18018273219730432	vcf_emb_all_mendy	kc_remy_combo_mean_scaled	pearson	chem_cols
pearson	136	0.07807918649511766	[-0.09  0.25]	0.3735255321923385	vcf_emb_all_mendy	kc_remy_combo_scaled_mean	pearson	chem_cols
pearson	136	0.04908370142345281	[-0.12  0.22]	0.5762284702687205	vcf_emb_all_mendy	orn_dat	pearson	chem_cols
pearson	136	0.19836073733161524	[0.03 0.36]	0.022606456440073957	vcf_emb_all_mendy	orn_emb	pearson	chem_cols
pearson	136	0.07807918649511793	[-0.09  0.25]	0.373525532192337	vcf_emb_all_mendy	kc_dat	pearson	chem_cols
pearson	136	0.09435448033322609	[-0.08  0.26]	0.28186344011751924	vcf_emb_all_mendy	kc_emb	pearson	chem_cols
pearson	136	0.04397413820309404	[-0.13  0.21]	0.6166094535600866	vcf_emb_all_mendy	kc_combo	pearson	chem_cols
pearson	136	0.1464510609887484	[-0.03  0.31]	0.0938090458986622	vcf_emb_all_mendy	uniform_dat	pearson	chem_cols
pearson	136	0.15415032693995254	[-0.02  0.32]	0.07760215762300882	vcf_emb_all_mendy	uniform_emb	pearson	chem_cols
pearson	136	0.22280640924526607	[0.05 0.38]	0.010232635997529754	vcf_emb_all_mendy	hemibrain_dat	pearson	chem_cols
pearson	136	0.2333297854244669	[0.07 0.39]	0.007091250129392791	vcf_emb_all_mendy	hemibrain_emb	pearson	chem_cols
pearson	136	0.1290345253335123	[-0.04  0.29]	0.14032944669792236	vcf_emb_all_mendy	uniform_tom	pearson	chem_cols
pearson	136	0.2110917899607768	[0.04 0.37]	0.0151139624437371	vcf_emb_all_mendy	hemibrain_tom	pearson	chem_cols
pearson	113	0.1739225677934395	[-0.01  0.35]	0.07050045999374947	vcf_emb_masked_mendy	orn_remy	pearson	chem_cols
pearson	113	0.17392256779343948	[-0.01  0.35]	0.07050045999374956	vcf_emb_masked_mendy	orn_remy_mean_scaled	pearson	chem_cols
pearson	113	0.16264496062603806	[-0.03  0.34]	0.09107434859191448	vcf_emb_masked_mendy	orn_remy_scaled_mean	pearson	chem_cols
pearson	113	0.16071707193365553	[-0.03  0.34]	0.09502585012708509	vcf_emb_masked_mendy	kc_remy	pearson	chem_cols
pearson	113	0.16071707193365628	[-0.03  0.34]	0.09502585012708356	vcf_emb_masked_mendy	kc_remy_mean_scaled	pearson	chem_cols
pearson	113	0.1610360937865888	[-0.03  0.34]	0.0943627755910464	vcf_emb_masked_mendy	kc_remy_scaled_mean	pearson	chem_cols
pearson	113	0.19425368556202238	[0.01 0.37]	0.042969141086591944	vcf_emb_masked_mendy	kc_remy_combo	pearson	chem_cols
pearson	113	0.19425368556202238	[0.01 0.37]	0.042969141086591944	vcf_emb_masked_mendy	kc_remy_combo_mean_scaled	pearson	chem_cols
pearson	113	0.1610360937865888	[-0.03  0.34]	0.0943627755910464	vcf_emb_masked_mendy	kc_remy_combo_scaled_mean	pearson	chem_cols
pearson	113	0.16264496062603842	[-0.03  0.34]	0.0910743485919138	vcf_emb_masked_mendy	orn_dat	pearson	chem_cols
pearson	113	0.25661965953174926	[0.07 0.42]	0.00706927130813217	vcf_emb_masked_mendy	orn_emb	pearson	chem_cols
pearson	113	0.16103609378658837	[-0.03  0.34]	0.09436277559104733	vcf_emb_masked_mendy	kc_dat	pearson	chem_cols
pearson	113	0.17417029031767509	[-0.01  0.35]	0.07009473604449265	vcf_emb_masked_mendy	kc_emb	pearson	chem_cols
pearson	113	0.09427516807001025	[-0.1   0.28]	0.32951657381309996	vcf_emb_masked_mendy	kc_combo	pearson	chem_cols
pearson	113	0.23781882581012515	[0.05 0.41]	0.012770284754579931	vcf_emb_masked_mendy	uniform_dat	pearson	chem_cols
pearson	113	0.28515135858608226	[0.1  0.45]	0.0026522939087191026	vcf_emb_masked_mendy	uniform_emb	pearson	chem_cols
pearson	113	0.29203164039982804	[0.11 0.46]	0.002061624698546275	vcf_emb_masked_mendy	hemibrain_dat	pearson	chem_cols
pearson	113	0.30707858175549074	[0.13 0.47]	0.0011626832383115763	vcf_emb_masked_mendy	hemibrain_emb	pearson	chem_cols
pearson	113	0.24898505532185045	[0.06 0.42]	0.009034055281962808	vcf_emb_masked_mendy	uniform_tom	pearson	chem_cols
pearson	113	0.297706272372088	[0.12 0.46]	0.0016670158989806876	vcf_emb_masked_mendy	hemibrain_tom	pearson	chem_cols
pearson	136	0.11599737831890677	[-0.06  0.28]	0.18533419068114515	vcf_emb_all_remy_n329_d4	orn_remy	pearson	chem_cols
pearson	136	0.11599737831890658	[-0.06  0.28]	0.18533419068114587	vcf_emb_all_remy_n329_d4	orn_remy_mean_scaled	pearson	chem_cols
pearson	136	0.10696843811509407	[-0.07  0.27]	0.22216523420756915	vcf_emb_all_remy_n329_d4	orn_remy_scaled_mean	pearson	chem_cols
pearson	136	0.28349112960127515	[0.12 0.43]	0.0009879616988694388	vcf_emb_all_remy_n329_d4	kc_remy	pearson	chem_cols
pearson	136	0.2834911296012744	[0.12 0.43]	0.0009879616988694704	vcf_emb_all_remy_n329_d4	kc_remy_mean_scaled	pearson	chem_cols
pearson	136	0.28489403496264354	[0.12 0.43]	0.0009298262030908796	vcf_emb_all_remy_n329_d4	kc_remy_scaled_mean	pearson	chem_cols
pearson	136	0.31149484630668395	[0.15 0.46]	0.00027728293697964156	vcf_emb_all_remy_n329_d4	kc_remy_combo	pearson	chem_cols
pearson	136	0.3114948463066839	[0.15 0.46]	0.00027728293697964237	vcf_emb_all_remy_n329_d4	kc_remy_combo_mean_scaled	pearson	chem_cols
pearson	136	0.28489403496264354	[0.12 0.43]	0.0009298262030908796	vcf_emb_all_remy_n329_d4	kc_remy_combo_scaled_mean	pearson	chem_cols
pearson	136	0.10696843811509414	[-0.07  0.27]	0.2221652342075688	vcf_emb_all_remy_n329_d4	orn_dat	pearson	chem_cols
pearson	136	0.2032508369997455	[0.03 0.36]	0.019417499811724977	vcf_emb_all_remy_n329_d4	orn_emb	pearson	chem_cols
pearson	136	0.28489403496264465	[0.12 0.43]	0.0009298262030908339	vcf_emb_all_remy_n329_d4	kc_dat	pearson	chem_cols
pearson	136	0.2776611189515546	[0.11 0.43]	0.0012669305890723073	vcf_emb_all_remy_n329_d4	kc_emb	pearson	chem_cols
pearson	136	0.1913701615748979	[0.02 0.35]	0.02794047633319713	vcf_emb_all_remy_n329_d4	kc_combo	pearson	chem_cols
pearson	136	0.17443388563444617	[0.   0.34]	0.045457623185966634	vcf_emb_all_remy_n329_d4	uniform_dat	pearson	chem_cols
pearson	136	0.1396519697440437	[-0.03  0.3 ]	0.1102534819979483	vcf_emb_all_remy_n329_d4	uniform_emb	pearson	chem_cols
pearson	136	0.2919005353859611	[0.13 0.44]	0.0006836401430053311	vcf_emb_all_remy_n329_d4	hemibrain_dat	pearson	chem_cols
pearson	136	0.27976257890871065	[0.11 0.43]	0.0011590062324992362	vcf_emb_all_remy_n329_d4	hemibrain_emb	pearson	chem_cols
pearson	136	0.1471780689993606	[-0.02  0.31]	0.0921723707554227	vcf_emb_all_remy_n329_d4	uniform_tom	pearson	chem_cols
pearson	136	0.3057711108664162	[0.14 0.45]	0.0003632795565316035	vcf_emb_all_remy_n329_d4	hemibrain_tom	pearson	chem_cols
pearson	136	0.14244283949723816	[-0.03  0.31]	0.10325007506433612	vcf_emb_all_remy_n452_d4	orn_remy	pearson	chem_cols
pearson	136	0.14244283949723868	[-0.03  0.31]	0.10325007506433488	vcf_emb_all_remy_n452_d4	orn_remy_mean_scaled	pearson	chem_cols
pearson	136	0.14036216303122026	[-0.03  0.3 ]	0.10843708737695075	vcf_emb_all_remy_n452_d4	orn_remy_scaled_mean	pearson	chem_cols
pearson	136	0.15918942694890462	[-0.01  0.32]	0.06827367824211178	vcf_emb_all_remy_n452_d4	kc_remy	pearson	chem_cols
pearson	136	0.1591894269489045	[-0.01  0.32]	0.06827367824211196	vcf_emb_all_remy_n452_d4	kc_remy_mean_scaled	pearson	chem_cols
pearson	136	0.15993043134870222	[-0.01  0.32]	0.06698217016783682	vcf_emb_all_remy_n452_d4	kc_remy_scaled_mean	pearson	chem_cols
pearson	136	0.2198634797755827	[0.05 0.38]	0.01130623523241189	vcf_emb_all_remy_n452_d4	kc_remy_combo	pearson	chem_cols
pearson	136	0.21986347977558077	[0.05 0.38]	0.011306235232412653	vcf_emb_all_remy_n452_d4	kc_remy_combo_mean_scaled	pearson	chem_cols
pearson	136	0.15993043134870222	[-0.01  0.32]	0.06698217016783682	vcf_emb_all_remy_n452_d4	kc_remy_combo_scaled_mean	pearson	chem_cols
pearson	136	0.14036216303122007	[-0.03  0.3 ]	0.10843708737695122	vcf_emb_all_remy_n452_d4	orn_dat	pearson	chem_cols
pearson	136	0.08918475134113127	[-0.08  0.26]	0.30918331225424717	vcf_emb_all_remy_n452_d4	orn_emb	pearson	chem_cols
pearson	136	0.15993043134870236	[-0.01  0.32]	0.06698217016783656	vcf_emb_all_remy_n452_d4	kc_dat	pearson	chem_cols
pearson	136	0.16820842104451572	[-0.    0.33]	0.0538617272994624	vcf_emb_all_remy_n452_d4	kc_emb	pearson	chem_cols
pearson	136	0.09032786436383808	[-0.08  0.26]	0.30299833283285726	vcf_emb_all_remy_n452_d4	kc_combo	pearson	chem_cols
pearson	136	0.2209206819190914	[0.05 0.38]	0.010909693188776385	vcf_emb_all_remy_n452_d4	uniform_dat	pearson	chem_cols
pearson	136	0.2326569866097018	[0.06 0.39]	0.007262882606205238	vcf_emb_all_remy_n452_d4	uniform_emb	pearson	chem_cols
pearson	136	0.2747064746826209	[0.11 0.43]	0.001434211096922543	vcf_emb_all_remy_n452_d4	hemibrain_dat	pearson	chem_cols
pearson	136	0.284489760435648	[0.12 0.43]	0.0009462492371147501	vcf_emb_all_remy_n452_d4	hemibrain_emb	pearson	chem_cols
pearson	136	0.2190699086469622	[0.05 0.38]	0.011612149099266196	vcf_emb_all_remy_n452_d4	uniform_tom	pearson	chem_cols
pearson	136	0.27538425870258326	[0.11 0.43]	0.00139415095204912	vcf_emb_all_remy_n452_d4	hemibrain_tom	pearson	chem_cols
spearman	113	0.18606401107989542	[-0.    0.36]	0.052730557967338484	vcf_dat	orn_remy	spearman	chem_cols
spearman	113	0.18606401107989542	[-0.    0.36]	0.052730557967338484	vcf_dat	orn_remy_mean_scaled	spearman	chem_cols
spearman	113	0.17789479159581792	[-0.01  0.35]	0.06421928470723554	vcf_dat	orn_remy_scaled_mean	spearman	chem_cols
spearman	113	0.05202267192030193	[-0.14  0.24]	0.5911053373638182	vcf_dat	kc_remy	spearman	chem_cols
spearman	113	0.05202267192030193	[-0.14  0.24]	0.5911053373638182	vcf_dat	kc_remy_mean_scaled	spearman	chem_cols
spearman	113	0.05119375421377663	[-0.14  0.24]	0.5970389582053843	vcf_dat	kc_remy_scaled_mean	spearman	chem_cols
spearman	113	0.10244519678986802	[-0.09  0.29]	0.2891353547576389	vcf_dat	kc_remy_combo	spearman	chem_cols
spearman	113	0.10244519678986802	[-0.09  0.29]	0.2891353547576389	vcf_dat	kc_remy_combo_mean_scaled	spearman	chem_cols
spearman	113	0.05119375421377663	[-0.14  0.24]	0.5970389582053843	vcf_dat	kc_remy_combo_scaled_mean	spearman	chem_cols
spearman	113	0.17789479159581792	[-0.01  0.35]	0.06421928470723554	vcf_dat	orn_dat	spearman	chem_cols
spearman	113	0.21801678450628287	[0.03 0.39]	0.022763033784110234	vcf_dat	orn_emb	spearman	chem_cols
spearman	113	0.05119375421377663	[-0.14  0.24]	0.5970389582053843	vcf_dat	kc_dat	spearman	chem_cols
spearman	113	0.0740575115741453	[-0.12  0.26]	0.4440804349187668	vcf_dat	kc_emb	spearman	chem_cols
spearman	113	0.007745761299107344	[-0.18  0.2 ]	0.9362873651459388	vcf_dat	kc_combo	spearman	chem_cols
spearman	113	0.2593250243248445	[0.07 0.43]	0.006469860110281879	vcf_dat	uniform_dat	spearman	chem_cols
spearman	113	0.27263581064438297	[0.09 0.44]	0.004129072336191393	vcf_dat	uniform_emb	spearman	chem_cols
spearman	113	0.25061586341195863	[0.07 0.42]	0.00857805086761238	vcf_dat	hemibrain_dat	spearman	chem_cols
spearman	113	0.2372348657228534	[0.05 0.41]	0.012998272361743932	vcf_dat	hemibrain_emb	spearman	chem_cols
spearman	113	0.1649444174127636	[-0.02  0.34]	0.08653284818984519	vcf_dat	uniform_tom	spearman	chem_cols
spearman	113	0.1358353054366918	[-0.05  0.32]	0.15902771069401792	vcf_dat	hemibrain_tom	spearman	chem_cols
spearman	136	0.10014942212375551	[-0.07  0.27]	0.2532211017343557	vcf_emb_all	orn_remy	spearman	chem_cols
spearman	136	0.10014942212375551	[-0.07  0.27]	0.2532211017343557	vcf_emb_all	orn_remy_mean_scaled	spearman	chem_cols
spearman	136	0.09745446395157918	[-0.07  0.26]	0.2662819472290596	vcf_emb_all	orn_remy_scaled_mean	spearman	chem_cols
spearman	136	0.2587086951932039	[0.09 0.41]	0.0027423649951854407	vcf_emb_all	kc_remy	spearman	chem_cols
spearman	136	0.2587086951932039	[0.09 0.41]	0.0027423649951854407	vcf_emb_all	kc_remy_mean_scaled	spearman	chem_cols
spearman	136	0.25911345049472617	[0.09 0.41]	0.0026990481752628783	vcf_emb_all	kc_remy_scaled_mean	spearman	chem_cols
spearman	136	0.27865745977669526	[0.11 0.43]	0.0012146675211937186	vcf_emb_all	kc_remy_combo	spearman	chem_cols
spearman	136	0.27865745977669526	[0.11 0.43]	0.0012146675211937186	vcf_emb_all	kc_remy_combo_mean_scaled	spearman	chem_cols
spearman	136	0.25911345049472617	[0.09 0.41]	0.0026990481752628783	vcf_emb_all	kc_remy_combo_scaled_mean	spearman	chem_cols
spearman	136	0.09745446395157918	[-0.07  0.26]	0.2662819472290596	vcf_emb_all	orn_dat	spearman	chem_cols
spearman	136	0.15388056490121194	[-0.02  0.32]	0.07812914147219438	vcf_emb_all	orn_emb	spearman	chem_cols
spearman	136	0.25911345049472617	[0.09 0.41]	0.0026990481752628783	vcf_emb_all	kc_dat	spearman	chem_cols
spearman	136	0.27673846441746563	[0.11 0.43]	0.0013171499135617947	vcf_emb_all	kc_emb	spearman	chem_cols
spearman	136	0.19891510435290224	[0.03 0.36]	0.022223673747687172	vcf_emb_all	kc_combo	spearman	chem_cols
spearman	136	0.14044652874966015	[-0.03  0.3 ]	0.108222877551638	vcf_emb_all	uniform_dat	spearman	chem_cols
spearman	136	0.1688736882767891	[-0.    0.33]	0.052906510866967224	vcf_emb_all	uniform_emb	spearman	chem_cols
spearman	136	0.2732692703188424	[0.11 0.42]	0.0015226472088548865	vcf_emb_all	hemibrain_dat	spearman	chem_cols
spearman	136	0.28351445862125524	[0.12 0.43]	0.0009869683597813885	vcf_emb_all	hemibrain_emb	spearman	chem_cols
spearman	136	0.13057748905927988	[-0.04  0.29]	0.13560755248526493	vcf_emb_all	uniform_tom	spearman	chem_cols
spearman	136	0.3083321548351912	[0.15 0.46]	0.00032213726686450045	vcf_emb_all	hemibrain_tom	spearman	chem_cols
spearman	113	0.15847633484952034	[-0.03  0.34]	0.0997873907068774	vcf_emb_masked	orn_remy	spearman	chem_cols
spearman	113	0.15847633484952034	[-0.03  0.34]	0.0997873907068774	vcf_emb_masked	orn_remy_mean_scaled	spearman	chem_cols
spearman	113	0.16252151084840094	[-0.03  0.34]	0.0913234104600948	vcf_emb_masked	orn_remy_scaled_mean	spearman	chem_cols
spearman	113	0.39643966304565514	[0.23 0.54]	1.9771827452902245e-05	vcf_emb_masked	kc_remy	spearman	chem_cols
spearman	113	0.39643966304565514	[0.23 0.54]	1.9771827452902245e-05	vcf_emb_masked	kc_remy_mean_scaled	spearman	chem_cols
spearman	113	0.39710731204984834	[0.23 0.54]	1.9088671254379068e-05	vcf_emb_masked	kc_remy_scaled_mean	spearman	chem_cols
spearman	113	0.38983606200118703	[0.22 0.54]	2.7882570760721907e-05	vcf_emb_masked	kc_remy_combo	spearman	chem_cols
spearman	113	0.38983606200118703	[0.22 0.54]	2.7882570760721907e-05	vcf_emb_masked	kc_remy_combo_mean_scaled	spearman	chem_cols
spearman	113	0.39710731204984834	[0.23 0.54]	1.9088671254379068e-05	vcf_emb_masked	kc_remy_combo_scaled_mean	spearman	chem_cols
spearman	113	0.16252151084840094	[-0.03  0.34]	0.0913234104600948	vcf_emb_masked	orn_dat	spearman	chem_cols
spearman	113	0.203894173934795	[0.02 0.38]	0.03345589013715209	vcf_emb_masked	orn_emb	spearman	chem_cols
spearman	113	0.39710731204984834	[0.23 0.54]	1.9088671254379068e-05	vcf_emb_masked	kc_dat	spearman	chem_cols
spearman	113	0.4161782208649426	[0.25 0.56]	6.7677639602143725e-06	vcf_emb_masked	kc_emb	spearman	chem_cols
spearman	113	0.29716407496699543	[0.12 0.46]	0.001701515487864796	vcf_emb_masked	kc_combo	spearman	chem_cols
spearman	113	0.17377234197230673	[-0.01  0.35]	0.07074742595608279	vcf_emb_masked	uniform_dat	spearman	chem_cols
spearman	113	0.23981987067162847	[0.05 0.41]	0.012015294076640192	vcf_emb_masked	uniform_emb	spearman	chem_cols
spearman	113	0.32036610452889686	[0.14 0.48]	0.0006834548984328696	vcf_emb_masked	hemibrain_dat	spearman	chem_cols
spearman	113	0.3368600833832293	[0.16 0.49]	0.00034143305074751766	vcf_emb_masked	hemibrain_emb	spearman	chem_cols
spearman	113	0.20247272938342453	[0.01 0.38]	0.03473555480166278	vcf_emb_masked	uniform_tom	spearman	chem_cols
spearman	113	0.394347397024931	[0.22 0.54]	2.2064335947673306e-05	vcf_emb_masked	hemibrain_tom	spearman	chem_cols
spearman	136	0.013507654335198991	[-0.16  0.18]	0.8778288707366316	vcf_emb_all_tom	orn_remy	spearman	chem_cols
spearman	136	0.013507654335198991	[-0.16  0.18]	0.8778288707366316	vcf_emb_all_tom	orn_remy_mean_scaled	spearman	chem_cols
spearman	136	0.018979803890250377	[-0.15  0.19]	0.8289824691137715	vcf_emb_all_tom	orn_remy_scaled_mean	spearman	chem_cols
spearman	136	-0.010415563915675696	[-0.18  0.16]	0.9056471220674241	vcf_emb_all_tom	kc_remy	spearman	chem_cols
spearman	136	-0.010415563915675696	[-0.18  0.16]	0.9056471220674241	vcf_emb_all_tom	kc_remy_mean_scaled	spearman	chem_cols
spearman	136	-0.008661586351278136	[-0.18  0.16]	0.9214801705073976	vcf_emb_all_tom	kc_remy_scaled_mean	spearman	chem_cols
spearman	136	-0.015343605000968675	[-0.19  0.16]	0.8613796514194858	vcf_emb_all_tom	kc_remy_combo	spearman	chem_cols
spearman	136	-0.015343605000968675	[-0.19  0.16]	0.8613796514194858	vcf_emb_all_tom	kc_remy_combo_mean_scaled	spearman	chem_cols
spearman	136	-0.008661586351278136	[-0.18  0.16]	0.9214801705073976	vcf_emb_all_tom	kc_remy_combo_scaled_mean	spearman	chem_cols
spearman	136	0.018979803890250377	[-0.15  0.19]	0.8289824691137715	vcf_emb_all_tom	orn_dat	spearman	chem_cols
spearman	136	0.023822511384319317	[-0.15  0.19]	0.7862871390078748	vcf_emb_all_tom	orn_emb	spearman	chem_cols
spearman	136	-0.008661586351278136	[-0.18  0.16]	0.9214801705073976	vcf_emb_all_tom	kc_dat	spearman	chem_cols
spearman	136	0.008354991811875987	[-0.16  0.18]	0.9242511199051128	vcf_emb_all_tom	kc_emb	spearman	chem_cols
spearman	136	-0.026650218776014655	[-0.2   0.14]	0.7616388640870981	vcf_emb_all_tom	kc_combo	spearman	chem_cols
spearman	136	0.08170702018562005	[-0.09  0.25]	0.3516611347305395	vcf_emb_all_tom	uniform_dat	spearman	chem_cols
spearman	136	0.07725893211485806	[-0.09  0.24]	0.37858197426860807	vcf_emb_all_tom	uniform_emb	spearman	chem_cols
spearman	136	0.15936790344215296	[-0.01  0.32]	0.0679607735139654	vcf_emb_all_tom	hemibrain_dat	spearman	chem_cols
spearman	136	0.16024651115756156	[-0.01  0.32]	0.0664373518723339	vcf_emb_all_tom	hemibrain_emb	spearman	chem_cols
spearman	136	0.06163222470014668	[-0.11  0.23]	0.4826584221393928	vcf_emb_all_tom	uniform_tom	spearman	chem_cols
spearman	136	0.15322213840631224	[-0.02  0.32]	0.07942748330236686	vcf_emb_all_tom	hemibrain_tom	spearman	chem_cols
spearman	113	0.028001984641888713	[-0.16  0.21]	0.7725541852567374	vcf_emb_masked_tom	orn_remy	spearman	chem_cols
spearman	113	0.028001984641888713	[-0.16  0.21]	0.7725541852567374	vcf_emb_masked_tom	orn_remy_mean_scaled	spearman	chem_cols
spearman	113	0.04058835723069534	[-0.15  0.23]	0.6751852643404269	vcf_emb_masked_tom	orn_remy_scaled_mean	spearman	chem_cols
spearman	113	0.006837280963976565	[-0.18  0.19]	0.9437470242600215	vcf_emb_masked_tom	kc_remy	spearman	chem_cols
spearman	113	0.006837280963976565	[-0.18  0.19]	0.9437470242600215	vcf_emb_masked_tom	kc_remy_mean_scaled	spearman	chem_cols
spearman	113	0.008499890842478567	[-0.18  0.2 ]	0.9300992596509791	vcf_emb_masked_tom	kc_remy_scaled_mean	spearman	chem_cols
spearman	113	0.008441439348254622	[-0.18  0.2 ]	0.930578746641668	vcf_emb_masked_tom	kc_remy_combo	spearman	chem_cols
spearman	113	0.008441439348254622	[-0.18  0.2 ]	0.930578746641668	vcf_emb_masked_tom	kc_remy_combo_mean_scaled	spearman	chem_cols
spearman	113	0.008499890842478567	[-0.18  0.2 ]	0.9300992596509791	vcf_emb_masked_tom	kc_remy_combo_scaled_mean	spearman	chem_cols
spearman	113	0.04058835723069534	[-0.15  0.23]	0.6751852643404269	vcf_emb_masked_tom	orn_dat	spearman	chem_cols
spearman	113	0.031895760501982805	[-0.16  0.22]	0.7419696184845638	vcf_emb_masked_tom	orn_emb	spearman	chem_cols
spearman	113	0.008499890842478567	[-0.18  0.2 ]	0.9300992596509791	vcf_emb_masked_tom	kc_dat	spearman	chem_cols
spearman	113	0.013693036070447601	[-0.17  0.2 ]	0.8876187710890169	vcf_emb_masked_tom	kc_emb	spearman	chem_cols
spearman	113	-0.010524699678666913	[-0.2   0.18]	0.9135060498975978	vcf_emb_masked_tom	kc_combo	spearman	chem_cols
spearman	113	0.05987239274105281	[-0.13  0.25]	0.5362887795584923	vcf_emb_masked_tom	uniform_dat	spearman	chem_cols
spearman	113	0.09799333904951367	[-0.09  0.28]	0.3107126424261594	vcf_emb_masked_tom	uniform_emb	spearman	chem_cols
spearman	113	0.113557657630995	[-0.08  0.3 ]	0.23970841286296501	vcf_emb_masked_tom	hemibrain_dat	spearman	chem_cols
spearman	113	0.11334788479100223	[-0.08  0.3 ]	0.2405833655986753	vcf_emb_masked_tom	hemibrain_emb	spearman	chem_cols
spearman	113	0.07650548890405089	[-0.11  0.26]	0.42912375397564206	vcf_emb_masked_tom	uniform_tom	spearman	chem_cols
spearman	113	0.11637756560627673	[-0.07  0.3 ]	0.22816106217661272	vcf_emb_masked_tom	hemibrain_tom	spearman	chem_cols
spearman	113	0.18606401107989542	[-0.    0.36]	0.052730557967338484	vcf_dat_mendy	orn_remy	spearman	chem_cols
spearman	113	0.18606401107989542	[-0.    0.36]	0.052730557967338484	vcf_dat_mendy	orn_remy_mean_scaled	spearman	chem_cols
spearman	113	0.17789479159581792	[-0.01  0.35]	0.06421928470723554	vcf_dat_mendy	orn_remy_scaled_mean	spearman	chem_cols
spearman	113	0.05202267192030193	[-0.14  0.24]	0.5911053373638182	vcf_dat_mendy	kc_remy	spearman	chem_cols
spearman	113	0.05202267192030193	[-0.14  0.24]	0.5911053373638182	vcf_dat_mendy	kc_remy_mean_scaled	spearman	chem_cols
spearman	113	0.05119375421377663	[-0.14  0.24]	0.5970389582053843	vcf_dat_mendy	kc_remy_scaled_mean	spearman	chem_cols
spearman	113	0.10244519678986802	[-0.09  0.29]	0.2891353547576389	vcf_dat_mendy	kc_remy_combo	spearman	chem_cols
spearman	113	0.10244519678986802	[-0.09  0.29]	0.2891353547576389	vcf_dat_mendy	kc_remy_combo_mean_scaled	spearman	chem_cols
spearman	113	0.05119375421377663	[-0.14  0.24]	0.5970389582053843	vcf_dat_mendy	kc_remy_combo_scaled_mean	spearman	chem_cols
spearman	113	0.17789479159581792	[-0.01  0.35]	0.06421928470723554	vcf_dat_mendy	orn_dat	spearman	chem_cols
spearman	113	0.21801678450628287	[0.03 0.39]	0.022763033784110234	vcf_dat_mendy	orn_emb	spearman	chem_cols
spearman	113	0.05119375421377663	[-0.14  0.24]	0.5970389582053843	vcf_dat_mendy	kc_dat	spearman	chem_cols
spearman	113	0.0740575115741453	[-0.12  0.26]	0.4440804349187668	vcf_dat_mendy	kc_emb	spearman	chem_cols
spearman	113	0.007745761299107344	[-0.18  0.2 ]	0.9362873651459388	vcf_dat_mendy	kc_combo	spearman	chem_cols
spearman	113	0.2593250243248445	[0.07 0.43]	0.006469860110281879	vcf_dat_mendy	uniform_dat	spearman	chem_cols
spearman	113	0.27263581064438297	[0.09 0.44]	0.004129072336191393	vcf_dat_mendy	uniform_emb	spearman	chem_cols
spearman	113	0.25061586341195863	[0.07 0.42]	0.00857805086761238	vcf_dat_mendy	hemibrain_dat	spearman	chem_cols
spearman	113	0.2372348657228534	[0.05 0.41]	0.012998272361743932	vcf_dat_mendy	hemibrain_emb	spearman	chem_cols
spearman	113	0.1649444174127636	[-0.02  0.34]	0.08653284818984519	vcf_dat_mendy	uniform_tom	spearman	chem_cols
spearman	113	0.1358353054366918	[-0.05  0.32]	0.15902771069401792	vcf_dat_mendy	hemibrain_tom	spearman	chem_cols
spearman	136	0.053798786229558485	[-0.12  0.22]	0.5400971818658931	vcf_emb_all_mendy	orn_remy	spearman	chem_cols
spearman	136	0.053798786229558485	[-0.12  0.22]	0.5400971818658931	vcf_emb_all_mendy	orn_remy_mean_scaled	spearman	chem_cols
spearman	136	0.043157754498627916	[-0.13  0.21]	0.6231734025927265	vcf_emb_all_mendy	orn_remy_scaled_mean	spearman	chem_cols
spearman	136	0.02542247023189151	[-0.15  0.2 ]	0.7723130441467756	vcf_emb_all_mendy	kc_remy	spearman	chem_cols
spearman	136	0.02542247023189151	[-0.15  0.2 ]	0.7723130441467756	vcf_emb_all_mendy	kc_remy_mean_scaled	spearman	chem_cols
spearman	136	0.025111767543022374	[-0.15  0.2 ]	0.7750211816680552	vcf_emb_all_mendy	kc_remy_scaled_mean	spearman	chem_cols
spearman	136	0.07961340153253485	[-0.09  0.25]	0.3641794625504101	vcf_emb_all_mendy	kc_remy_combo	spearman	chem_cols
spearman	136	0.07961340153253485	[-0.09  0.25]	0.3641794625504101	vcf_emb_all_mendy	kc_remy_combo_mean_scaled	spearman	chem_cols
spearman	136	0.025111767543022374	[-0.15  0.2 ]	0.7750211816680552	vcf_emb_all_mendy	kc_remy_combo_scaled_mean	spearman	chem_cols
spearman	136	0.043157754498627916	[-0.13  0.21]	0.6231734025927265	vcf_emb_all_mendy	orn_dat	spearman	chem_cols
spearman	136	0.1535123379101332	[-0.02  0.32]	0.0788531219231709	vcf_emb_all_mendy	orn_emb	spearman	chem_cols
spearman	136	0.025111767543022374	[-0.15  0.2 ]	0.7750211816680552	vcf_emb_all_mendy	kc_dat	spearman	chem_cols
spearman	136	0.0722907918204733	[-0.1   0.24]	0.4100891001801755	vcf_emb_all_mendy	kc_emb	spearman	chem_cols
spearman	136	-0.005691285528705461	[-0.18  0.17]	0.9483599183581011	vcf_emb_all_mendy	kc_combo	spearman	chem_cols
spearman	136	0.10935530188518096	[-0.06  0.28]	0.21196002143350917	vcf_emb_all_mendy	uniform_dat	spearman	chem_cols
spearman	136	0.13350595978372856	[-0.04  0.3 ]	0.12698045879505446	vcf_emb_all_mendy	uniform_emb	spearman	chem_cols
spearman	136	0.238833572951436	[0.07 0.39]	0.005817047794505243	vcf_emb_all_mendy	hemibrain_dat	spearman	chem_cols
spearman	136	0.2813346220142444	[0.12 0.43]	0.0010838364238522438	vcf_emb_all_mendy	hemibrain_emb	spearman	chem_cols
spearman	136	0.11096027312895361	[-0.06  0.28]	0.20528886982183944	vcf_emb_all_mendy	uniform_tom	spearman	chem_cols
spearman	136	0.24706763050712707	[0.08 0.4 ]	0.004290047936107603	vcf_emb_all_mendy	hemibrain_tom	spearman	chem_cols
spearman	113	0.13602047752223567	[-0.05  0.32]	0.15845493811929656	vcf_emb_masked_mendy	orn_remy	spearman	chem_cols
spearman	113	0.13602047752223567	[-0.05  0.32]	0.15845493811929656	vcf_emb_masked_mendy	orn_remy_mean_scaled	spearman	chem_cols
spearman	113	0.1238958989832326	[-0.07  0.3 ]	0.19929941669938103	vcf_emb_masked_mendy	orn_remy_scaled_mean	spearman	chem_cols
spearman	113	0.09866962654213385	[-0.09  0.28]	0.30736902644894143	vcf_emb_masked_mendy	kc_remy	spearman	chem_cols
spearman	113	0.09866962654213385	[-0.09  0.28]	0.30736902644894143	vcf_emb_masked_mendy	kc_remy_mean_scaled	spearman	chem_cols
spearman	113	0.0966787447979897	[-0.09  0.28]	0.31727954539641345	vcf_emb_masked_mendy	kc_remy_scaled_mean	spearman	chem_cols
spearman	113	0.14053927756222193	[-0.05  0.32]	0.14495029466532192	vcf_emb_masked_mendy	kc_remy_combo	spearman	chem_cols
spearman	113	0.14053927756222193	[-0.05  0.32]	0.14495029466532192	vcf_emb_masked_mendy	kc_remy_combo_mean_scaled	spearman	chem_cols
spearman	113	0.0966787447979897	[-0.09  0.28]	0.31727954539641345	vcf_emb_masked_mendy	kc_remy_combo_scaled_mean	spearman	chem_cols
spearman	113	0.1238958989832326	[-0.07  0.3 ]	0.19929941669938103	vcf_emb_masked_mendy	orn_dat	spearman	chem_cols
spearman	113	0.21303405449664933	[0.03 0.39]	0.02614202194553736	vcf_emb_masked_mendy	orn_emb	spearman	chem_cols
spearman	113	0.0966787447979897	[-0.09  0.28]	0.31727954539641345	vcf_emb_masked_mendy	kc_dat	spearman	chem_cols
spearman	113	0.14638393520900186	[-0.04  0.33]	0.12879571677407328	vcf_emb_masked_mendy	kc_emb	spearman	chem_cols
spearman	113	0.040561121348297646	[-0.15  0.23]	0.6753909439131249	vcf_emb_masked_mendy	kc_combo	spearman	chem_cols
spearman	113	0.150388617943005	[-0.04  0.33]	0.11854898564151592	vcf_emb_masked_mendy	uniform_dat	spearman	chem_cols
spearman	113	0.2131197975673413	[0.03 0.39]	0.026080447714700892	vcf_emb_masked_mendy	uniform_emb	spearman	chem_cols
spearman	113	0.26078170554948477	[0.08 0.43]	0.006166156463529484	vcf_emb_masked_mendy	hemibrain_dat	spearman	chem_cols
spearman	113	0.3102298487821463	[0.13 0.47]	0.001027282910876784	vcf_emb_masked_mendy	hemibrain_emb	spearman	chem_cols
spearman	113	0.19115450942596018	[0.   0.37]	0.04646945078616668	vcf_emb_masked_mendy	uniform_tom	spearman	chem_cols
spearman	113	0.3003247672350231	[0.12 0.46]	0.001509166351742913	vcf_emb_masked_mendy	hemibrain_tom	spearman	chem_cols
spearman	136	0.1313499001904346	[-0.04  0.3 ]	0.13328979419072287	vcf_emb_all_remy_n329_d4	orn_remy	spearman	chem_cols
spearman	136	0.1313499001904346	[-0.04  0.3 ]	0.13328979419072287	vcf_emb_all_remy_n329_d4	orn_remy_mean_scaled	spearman	chem_cols
spearman	136	0.12111996793529504	[-0.05  0.29]	0.16653433033398835	vcf_emb_all_remy_n329_d4	orn_remy_scaled_mean	spearman	chem_cols
spearman	136	0.25007518497493114	[0.08 0.4 ]	0.003829023959784478	vcf_emb_all_remy_n329_d4	kc_remy	spearman	chem_cols
spearman	136	0.25007518497493114	[0.08 0.4 ]	0.003829023959784478	vcf_emb_all_remy_n329_d4	kc_remy_mean_scaled	spearman	chem_cols
spearman	136	0.25001086908341696	[0.08 0.4 ]	0.0038383978255918027	vcf_emb_all_remy_n329_d4	kc_remy_scaled_mean	spearman	chem_cols
spearman	136	0.294885852644098	[0.13 0.44]	0.000598241833156607	vcf_emb_all_remy_n329_d4	kc_remy_combo	spearman	chem_cols
spearman	136	0.294885852644098	[0.13 0.44]	0.000598241833156607	vcf_emb_all_remy_n329_d4	kc_remy_combo_mean_scaled	spearman	chem_cols
spearman	136	0.25001086908341696	[0.08 0.4 ]	0.0038383978255918027	vcf_emb_all_remy_n329_d4	kc_remy_combo_scaled_mean	spearman	chem_cols
spearman	136	0.12111996793529504	[-0.05  0.29]	0.16653433033398835	vcf_emb_all_remy_n329_d4	orn_dat	spearman	chem_cols
spearman	136	0.1768379143203793	[0.01 0.34]	0.042519026163093936	vcf_emb_all_remy_n329_d4	orn_emb	spearman	chem_cols
spearman	136	0.25001086908341696	[0.08 0.4 ]	0.0038383978255918027	vcf_emb_all_remy_n329_d4	kc_dat	spearman	chem_cols
spearman	136	0.2616582393282747	[0.1  0.41]	0.002440573215103395	vcf_emb_all_remy_n329_d4	kc_emb	spearman	chem_cols
spearman	136	0.19486217678673312	[0.02 0.35]	0.02515521366546375	vcf_emb_all_remy_n329_d4	kc_combo	spearman	chem_cols
spearman	136	0.21294109975222344	[0.04 0.37]	0.014229315905954951	vcf_emb_all_remy_n329_d4	uniform_dat	spearman	chem_cols
spearman	136	0.1832296642037823	[0.01 0.34]	0.035468902467315495	vcf_emb_all_remy_n329_d4	uniform_emb	spearman	chem_cols
spearman	136	0.3712848806953113	[0.21 0.51]	1.1711997628190326e-05	vcf_emb_all_remy_n329_d4	hemibrain_dat	spearman	chem_cols
spearman	136	0.37569164921608655	[0.22 0.51]	9.036047663776507e-06	vcf_emb_all_remy_n329_d4	hemibrain_emb	spearman	chem_cols
spearman	136	0.15301225010606725	[-0.02  0.32]	0.07984498463762069	vcf_emb_all_remy_n329_d4	uniform_tom	spearman	chem_cols
spearman	136	0.3868579705992298	[0.23 0.52]	4.60357560422604e-06	vcf_emb_all_remy_n329_d4	hemibrain_tom	spearman	chem_cols
spearman	136	0.11662409673866765	[-0.06  0.28]	0.18295423306171915	vcf_emb_all_remy_n452_d4	orn_remy	spearman	chem_cols
spearman	136	0.11662409673866765	[-0.06  0.28]	0.18295423306171915	vcf_emb_all_remy_n452_d4	orn_remy_mean_scaled	spearman	chem_cols
spearman	136	0.11938669142224932	[-0.05  0.28]	0.17272985973732072	vcf_emb_all_remy_n452_d4	orn_remy_scaled_mean	spearman	chem_cols
spearman	136	0.08307001235597151	[-0.09  0.25]	0.3436580328687475	vcf_emb_all_remy_n452_d4	kc_remy	spearman	chem_cols
spearman	136	0.08307001235597151	[-0.09  0.25]	0.3436580328687475	vcf_emb_all_remy_n452_d4	kc_remy_mean_scaled	spearman	chem_cols
spearman	136	0.08366473697755492	[-0.09  0.25]	0.340202297660553	vcf_emb_all_remy_n452_d4	kc_remy_scaled_mean	spearman	chem_cols
spearman	136	0.15250953484753155	[-0.02  0.32]	0.08085213536189831	vcf_emb_all_remy_n452_d4	kc_remy_combo	spearman	chem_cols
spearman	136	0.15250953484753155	[-0.02  0.32]	0.08085213536189831	vcf_emb_all_remy_n452_d4	kc_remy_combo_mean_scaled	spearman	chem_cols
spearman	136	0.08366473697755492	[-0.09  0.25]	0.340202297660553	vcf_emb_all_remy_n452_d4	kc_remy_combo_scaled_mean	spearman	chem_cols
spearman	136	0.11938669142224932	[-0.05  0.28]	0.17272985973732072	vcf_emb_all_remy_n452_d4	orn_dat	spearman	chem_cols
spearman	136	0.10291504613079308	[-0.07  0.27]	0.2402834099404832	vcf_emb_all_remy_n452_d4	orn_emb	spearman	chem_cols
spearman	136	0.08366473697755492	[-0.09  0.25]	0.340202297660553	vcf_emb_all_remy_n452_d4	kc_dat	spearman	chem_cols
spearman	136	0.11404159761822114	[-0.06  0.28]	0.19290665930208978	vcf_emb_all_remy_n452_d4	kc_emb	spearman	chem_cols
spearman	136	0.04467957898018253	[-0.13  0.21]	0.6109617842472002	vcf_emb_all_remy_n452_d4	kc_combo	spearman	chem_cols
spearman	136	0.1692361654974632	[-0.    0.33]	0.05239196856410414	vcf_emb_all_remy_n452_d4	uniform_dat	spearman	chem_cols
spearman	136	0.19419538240925552	[0.02 0.35]	0.025667907413973783	vcf_emb_all_remy_n452_d4	uniform_emb	spearman	chem_cols
spearman	136	0.2811515951848785	[0.12 0.43]	0.0010923529063019996	vcf_emb_all_remy_n452_d4	hemibrain_dat	spearman	chem_cols
spearman	136	0.29807296706143654	[0.13 0.45]	0.0005179858318724513	vcf_emb_all_remy_n452_d4	hemibrain_emb	spearman	chem_cols
spearman	136	0.16869061981048591	[-0.    0.33]	0.05316796161039814	vcf_emb_all_remy_n452_d4	uniform_tom	spearman	chem_cols
spearman	136	0.2911856701802392	[0.13 0.44]	0.0007056868715577009	vcf_emb_all_remy_n452_d4	hemibrain_tom	spearman	chem_cols
pearson	113	0.19384565356440744	[0.01 0.37]	0.0405675152594734	vcf_dat	orn_remy	pearson	chem_rdkit
pearson	113	0.17901986259308586	[-0.01  0.35]	0.05894532681749751	vcf_dat	orn_remy	pearson	chem_fcfp
pearson	113	0.23432378669027332	[0.05 0.4 ]	0.012891425119007328	vcf_dat	orn_remy	pearson	chem_ecfp
pearson	113	0.11664948456870486	[-0.07  0.3 ]	0.22063579107081355	vcf_dat	orn_remy	pearson	chem_pattern
pearson	113	0.19384565356440692	[0.01 0.37]	0.04056751525947389	vcf_dat	orn_remy_mean_scaled	pearson	chem_rdkit
pearson	113	0.17901986259308544	[-0.01  0.35]	0.05894532681749817	vcf_dat	orn_remy_mean_scaled	pearson	chem_fcfp
pearson	113	0.23432378669027326	[0.05 0.4 ]	0.012891425119007337	vcf_dat	orn_remy_mean_scaled	pearson	chem_ecfp
pearson	113	0.11664948456870493	[-0.07  0.3 ]	0.2206357910708133	vcf_dat	orn_remy_mean_scaled	pearson	chem_pattern
pearson	113	0.18307156156139953	[-0.    0.36]	0.053350374167159556	vcf_dat	orn_remy_scaled_mean	pearson	chem_rdkit
pearson	113	0.17089568811717748	[-0.02  0.35]	0.07161181630820383	vcf_dat	orn_remy_scaled_mean	pearson	chem_fcfp
pearson	113	0.22476396093491918	[0.04 0.39]	0.017192593017240954	vcf_dat	orn_remy_scaled_mean	pearson	chem_ecfp
pearson	113	0.10646454566292339	[-0.08  0.29]	0.2638858989676177	vcf_dat	orn_remy_scaled_mean	pearson	chem_pattern
pearson	113	0.07540415943996488	[-0.11  0.26]	0.42942492987624625	vcf_dat	kc_remy	pearson	chem_rdkit
pearson	113	0.02341529077157785	[-0.16  0.21]	0.8064117057277133	vcf_dat	kc_remy	pearson	chem_fcfp
pearson	113	0.08645211260226272	[-0.1   0.27]	0.3647466215649062	vcf_dat	kc_remy	pearson	chem_ecfp
pearson	113	0.008337370875468151	[-0.18  0.19]	0.9304759005839585	vcf_dat	kc_remy	pearson	chem_pattern
pearson	113	0.07540415943996517	[-0.11  0.26]	0.4294249298762446	vcf_dat	kc_remy_mean_scaled	pearson	chem_rdkit
pearson	113	0.023415290771577477	[-0.16  0.21]	0.8064117057277163	vcf_dat	kc_remy_mean_scaled	pearson	chem_fcfp
pearson	113	0.08645211260226256	[-0.1   0.27]	0.36474662156490734	vcf_dat	kc_remy_mean_scaled	pearson	chem_ecfp
pearson	113	0.008337370875468295	[-0.18  0.19]	0.9304759005839572	vcf_dat	kc_remy_mean_scaled	pearson	chem_pattern
pearson	113	0.07537448778992549	[-0.11  0.26]	0.4296070344274727	vcf_dat	kc_remy_scaled_mean	pearson	chem_rdkit
pearson	113	0.023231531147961535	[-0.16  0.21]	0.8079015419986084	vcf_dat	kc_remy_scaled_mean	pearson	chem_fcfp
pearson	113	0.08640303614833517	[-0.1   0.27]	0.36501995058116954	vcf_dat	kc_remy_scaled_mean	pearson	chem_ecfp
pearson	113	0.00843272783558731	[-0.18  0.19]	0.9296827551545903	vcf_dat	kc_remy_scaled_mean	pearson	chem_pattern
pearson	113	0.08531302439434588	[-0.1   0.27]	0.37112320750102656	vcf_dat	kc_remy_combo	pearson	chem_rdkit
pearson	113	0.03952776496132448	[-0.15  0.22]	0.6790268817721392	vcf_dat	kc_remy_combo	pearson	chem_fcfp
pearson	113	0.09263177540365389	[-0.09  0.27]	0.33134144171557556	vcf_dat	kc_remy_combo	pearson	chem_ecfp
pearson	113	0.026343544575156995	[-0.16  0.21]	0.7827676728946833	vcf_dat	kc_remy_combo	pearson	chem_pattern
pearson	113	0.08531302439434586	[-0.1   0.27]	0.3711232075010269	vcf_dat	kc_remy_combo_mean_scaled	pearson	chem_rdkit
pearson	113	0.039527764961324784	[-0.15  0.22]	0.679026881772137	vcf_dat	kc_remy_combo_mean_scaled	pearson	chem_fcfp
pearson	113	0.09263177540365389	[-0.09  0.27]	0.33134144171557556	vcf_dat	kc_remy_combo_mean_scaled	pearson	chem_ecfp
pearson	113	0.026343544575156367	[-0.16  0.21]	0.7827676728946882	vcf_dat	kc_remy_combo_mean_scaled	pearson	chem_pattern
pearson	113	0.07537448778992549	[-0.11  0.26]	0.4296070344274727	vcf_dat	kc_remy_combo_scaled_mean	pearson	chem_rdkit
pearson	113	0.023231531147961535	[-0.16  0.21]	0.8079015419986084	vcf_dat	kc_remy_combo_scaled_mean	pearson	chem_fcfp
pearson	113	0.08640303614833517	[-0.1   0.27]	0.36501995058116954	vcf_dat	kc_remy_combo_scaled_mean	pearson	chem_ecfp
pearson	113	0.00843272783558731	[-0.18  0.19]	0.9296827551545903	vcf_dat	kc_remy_combo_scaled_mean	pearson	chem_pattern
pearson	113	0.18307156156139953	[-0.    0.36]	0.053350374167159556	vcf_dat	orn_dat	pearson	chem_rdkit
pearson	113	0.17089568811717715	[-0.02  0.35]	0.07161181630820447	vcf_dat	orn_dat	pearson	chem_fcfp
pearson	113	0.22476396093491904	[0.04 0.39]	0.017192593017241013	vcf_dat	orn_dat	pearson	chem_ecfp
pearson	113	0.10646454566292357	[-0.08  0.29]	0.26388589896761705	vcf_dat	orn_dat	pearson	chem_pattern
pearson	113	0.20242744843214197	[0.02 0.37]	0.03231683189578958	vcf_dat	orn_emb	pearson	chem_rdkit
pearson	113	0.09590290893511907	[-0.09  0.28]	0.3144753777353544	vcf_dat	orn_emb	pearson	chem_fcfp
pearson	113	0.18930634515796474	[0.   0.36]	0.04560086528987011	vcf_dat	orn_emb	pearson	chem_ecfp
pearson	113	0.15403514792499687	[-0.03  0.33]	0.10489754641523125	vcf_dat	orn_emb	pearson	chem_pattern
pearson	113	0.07537448778992527	[-0.11  0.26]	0.42960703442747405	vcf_dat	kc_dat	pearson	chem_rdkit
pearson	113	0.023231531147961816	[-0.16  0.21]	0.8079015419986061	vcf_dat	kc_dat	pearson	chem_fcfp
pearson	113	0.08640303614833515	[-0.1   0.27]	0.36501995058116954	vcf_dat	kc_dat	pearson	chem_ecfp
pearson	113	0.008432727835587487	[-0.18  0.19]	0.9296827551545888	vcf_dat	kc_dat	pearson	chem_pattern
pearson	113	0.08301805163447694	[-0.1   0.26]	0.3841760083600232	vcf_dat	kc_emb	pearson	chem_rdkit
pearson	113	0.026415711547462247	[-0.16  0.21]	0.7821873598166661	vcf_dat	kc_emb	pearson	chem_fcfp
pearson	113	0.09150756615854615	[-0.1   0.27]	0.3372686647927696	vcf_dat	kc_emb	pearson	chem_ecfp
pearson	113	0.014347263866289636	[-0.17  0.2 ]	0.8806529715189793	vcf_dat	kc_emb	pearson	chem_pattern
pearson	113	0.02473949119766881	[-0.16  0.21]	0.7956965029730174	vcf_dat	kc_combo	pearson	chem_rdkit
pearson	113	-0.01855723518102172	[-0.2   0.17]	0.8460155040501104	vcf_dat	kc_combo	pearson	chem_fcfp
pearson	113	0.029330201605323604	[-0.16  0.21]	0.7588544009755107	vcf_dat	kc_combo	pearson	chem_ecfp
pearson	113	-0.02211438430164868	[-0.21  0.16]	0.8169734468420675	vcf_dat	kc_combo	pearson	chem_pattern
pearson	113	0.2274972904611582	[0.04 0.4 ]	0.01585152288982938	vcf_dat	uniform_dat	pearson	chem_rdkit
pearson	113	0.21115634175494735	[0.03 0.38]	0.02542644358483773	vcf_dat	uniform_dat	pearson	chem_fcfp
pearson	113	0.2621257539955303	[0.08 0.43]	0.005239127426731215	vcf_dat	uniform_dat	pearson	chem_ecfp
pearson	113	0.12769188157219846	[-0.06  0.31]	0.17969227401798893	vcf_dat	uniform_dat	pearson	chem_pattern
pearson	113	0.22841653590732136	[0.04 0.4 ]	0.015421371564810788	vcf_dat	uniform_emb	pearson	chem_rdkit
pearson	113	0.20964581785512448	[0.03 0.38]	0.026520226235297588	vcf_dat	uniform_emb	pearson	chem_fcfp
pearson	113	0.2638560961958262	[0.08 0.43]	0.004937847537265313	vcf_dat	uniform_emb	pearson	chem_ecfp
pearson	113	0.13208363871521378	[-0.05  0.31]	0.16506071774602088	vcf_dat	uniform_emb	pearson	chem_pattern
pearson	113	0.22987442192124774	[0.05 0.4 ]	0.014759943272223032	vcf_dat	hemibrain_dat	pearson	chem_rdkit
pearson	113	0.22327705850446405	[0.04 0.39]	0.017962530415145582	vcf_dat	hemibrain_dat	pearson	chem_fcfp
pearson	113	0.2648818286259239	[0.08 0.43]	0.004766638022048953	vcf_dat	hemibrain_dat	pearson	chem_ecfp
pearson	113	0.1366700585084987	[-0.05  0.31]	0.15074481700236533	vcf_dat	hemibrain_dat	pearson	chem_pattern
pearson	113	0.22112952967221322	[0.04 0.39]	0.019127049932753635	vcf_dat	hemibrain_emb	pearson	chem_rdkit
pearson	113	0.21104400450913216	[0.03 0.38]	0.0255064412505403	vcf_dat	hemibrain_emb	pearson	chem_fcfp
pearson	113	0.2550950423705575	[0.07 0.42]	0.006638626963396019	vcf_dat	hemibrain_emb	pearson	chem_ecfp
pearson	113	0.12923163735103474	[-0.06  0.31]	0.17445792385181824	vcf_dat	hemibrain_emb	pearson	chem_pattern
pearson	113	0.1580461070004376	[-0.03  0.33]	0.09604922149769221	vcf_dat	uniform_tom	pearson	chem_rdkit
pearson	113	0.14331857054678873	[-0.04  0.32]	0.1316775336959092	vcf_dat	uniform_tom	pearson	chem_fcfp
pearson	113	0.1949461606264574	[0.01 0.37]	0.03941981519479376	vcf_dat	uniform_tom	pearson	chem_ecfp
pearson	113	0.07843752212896613	[-0.11  0.26]	0.41104286355867947	vcf_dat	uniform_tom	pearson	chem_pattern
pearson	113	0.14755442321451592	[-0.04  0.32]	0.12052776711618729	vcf_dat	hemibrain_tom	pearson	chem_rdkit
pearson	113	0.15275377915143867	[-0.03  0.33]	0.10785496520760875	vcf_dat	hemibrain_tom	pearson	chem_fcfp
pearson	113	0.1838034998851517	[-0.    0.36]	0.0523878681412812	vcf_dat	hemibrain_tom	pearson	chem_ecfp
pearson	113	0.08174819588619732	[-0.11  0.26]	0.39151595226692026	vcf_dat	hemibrain_tom	pearson	chem_pattern
pearson	136	0.14694668572748498	[-0.02  0.31]	0.08899279004637323	vcf_emb_all	orn_remy	pearson	chem_rdkit
pearson	136	0.10743079698031625	[-0.06  0.27]	0.21489455885094982	vcf_emb_all	orn_remy	pearson	chem_fcfp
pearson	136	0.14706748991569973	[-0.02  0.31]	0.08872755162790993	vcf_emb_all	orn_remy	pearson	chem_ecfp
pearson	136	0.030474828505866795	[-0.14  0.2 ]	0.7256825723800702	vcf_emb_all	orn_remy	pearson	chem_pattern
pearson	136	0.1469466857274853	[-0.02  0.31]	0.08899279004637259	vcf_emb_all	orn_remy_mean_scaled	pearson	chem_rdkit
pearson	136	0.10743079698031627	[-0.06  0.27]	0.2148945588509496	vcf_emb_all	orn_remy_mean_scaled	pearson	chem_fcfp
pearson	136	0.14706748991569962	[-0.02  0.31]	0.08872755162791018	vcf_emb_all	orn_remy_mean_scaled	pearson	chem_ecfp
pearson	136	0.030474828505866886	[-0.14  0.2 ]	0.7256825723800695	vcf_emb_all	orn_remy_mean_scaled	pearson	chem_pattern
pearson	136	0.14029946855830192	[-0.03  0.3 ]	0.10458681365548232	vcf_emb_all	orn_remy_scaled_mean	pearson	chem_rdkit
pearson	136	0.10060750165826295	[-0.07  0.27]	0.24562890175006513	vcf_emb_all	orn_remy_scaled_mean	pearson	chem_fcfp
pearson	136	0.14034939237183003	[-0.03  0.3 ]	0.10446218017738909	vcf_emb_all	orn_remy_scaled_mean	pearson	chem_ecfp
pearson	136	0.021862003472998943	[-0.15  0.19]	0.8012872191641883	vcf_emb_all	orn_remy_scaled_mean	pearson	chem_pattern
pearson	136	0.28786758864965484	[0.12 0.44]	0.00071029233630877	vcf_emb_all	kc_remy	pearson	chem_rdkit
pearson	136	0.2698288950029923	[0.11 0.42]	0.0015514035505853176	vcf_emb_all	kc_remy	pearson	chem_fcfp
pearson	136	0.2942583772395439	[0.13 0.44]	0.0005318005898489228	vcf_emb_all	kc_remy	pearson	chem_ecfp
pearson	136	0.20894805386986412	[0.04 0.37]	0.015011969554771826	vcf_emb_all	kc_remy	pearson	chem_pattern
pearson	136	0.28786758864965517	[0.12 0.44]	0.0007102923363087586	vcf_emb_all	kc_remy_mean_scaled	pearson	chem_rdkit
pearson	136	0.26982889500299223	[0.11 0.42]	0.0015514035505853256	vcf_emb_all	kc_remy_mean_scaled	pearson	chem_fcfp
pearson	136	0.29425837723954457	[0.13 0.44]	0.000531800589848905	vcf_emb_all	kc_remy_mean_scaled	pearson	chem_ecfp
pearson	136	0.20894805386986368	[0.04 0.37]	0.015011969554772065	vcf_emb_all	kc_remy_mean_scaled	pearson	chem_pattern
pearson	136	0.2884162922736222	[0.13 0.44]	0.0006930423995494783	vcf_emb_all	kc_remy_scaled_mean	pearson	chem_rdkit
pearson	136	0.27047732608752223	[0.11 0.42]	0.0015097955758790116	vcf_emb_all	kc_remy_scaled_mean	pearson	chem_fcfp
pearson	136	0.294852618059937	[0.13 0.44]	0.0005175036416803717	vcf_emb_all	kc_remy_scaled_mean	pearson	chem_ecfp
pearson	136	0.20954466991067258	[0.04 0.37]	0.014720115301779317	vcf_emb_all	kc_remy_scaled_mean	pearson	chem_pattern
pearson	136	0.30173216543191317	[0.14 0.45]	0.0003758701290576859	vcf_emb_all	kc_remy_combo	pearson	chem_rdkit
pearson	136	0.2841708480159127	[0.12 0.43]	0.0008371785331516666	vcf_emb_all	kc_remy_combo	pearson	chem_fcfp
pearson	136	0.3067749152763784	[0.15 0.45]	0.00029583554525247277	vcf_emb_all	kc_remy_combo	pearson	chem_ecfp
pearson	136	0.23342728715891103	[0.07 0.39]	0.006435857701994984	vcf_emb_all	kc_remy_combo	pearson	chem_pattern
pearson	136	0.3017321654319133	[0.14 0.45]	0.0003758701290576851	vcf_emb_all	kc_remy_combo_mean_scaled	pearson	chem_rdkit
pearson	136	0.2841708480159121	[0.12 0.43]	0.0008371785331516893	vcf_emb_all	kc_remy_combo_mean_scaled	pearson	chem_fcfp
pearson	136	0.30677491527637785	[0.15 0.45]	0.00029583554525248	vcf_emb_all	kc_remy_combo_mean_scaled	pearson	chem_ecfp
pearson	136	0.2334272871589108	[0.07 0.39]	0.006435857701995039	vcf_emb_all	kc_remy_combo_mean_scaled	pearson	chem_pattern
pearson	136	0.2884162922736222	[0.13 0.44]	0.0006930423995494783	vcf_emb_all	kc_remy_combo_scaled_mean	pearson	chem_rdkit
pearson	136	0.27047732608752223	[0.11 0.42]	0.0015097955758790116	vcf_emb_all	kc_remy_combo_scaled_mean	pearson	chem_fcfp
pearson	136	0.294852618059937	[0.13 0.44]	0.0005175036416803717	vcf_emb_all	kc_remy_combo_scaled_mean	pearson	chem_ecfp
pearson	136	0.20954466991067258	[0.04 0.37]	0.014720115301779317	vcf_emb_all	kc_remy_combo_scaled_mean	pearson	chem_pattern
pearson	136	0.14029946855830167	[-0.03  0.3 ]	0.10458681365548296	vcf_emb_all	orn_dat	pearson	chem_rdkit
pearson	136	0.10060750165826295	[-0.07  0.27]	0.24562890175006513	vcf_emb_all	orn_dat	pearson	chem_fcfp
pearson	136	0.14034939237183003	[-0.03  0.3 ]	0.10446218017738909	vcf_emb_all	orn_dat	pearson	chem_ecfp
pearson	136	0.02186200347299924	[-0.15  0.19]	0.8012872191641857	vcf_emb_all	orn_dat	pearson	chem_pattern
pearson	136	0.1845153779493743	[0.02 0.34]	0.03216373447002075	vcf_emb_all	orn_emb	pearson	chem_rdkit
pearson	136	0.13600709122975999	[-0.03  0.3 ]	0.11574596685101075	vcf_emb_all	orn_emb	pearson	chem_fcfp
pearson	136	0.18023358535761252	[0.01 0.34]	0.03645515437196075	vcf_emb_all	orn_emb	pearson	chem_ecfp
pearson	136	0.1850282233245137	[0.02 0.34]	0.031679674790983964	vcf_emb_all	orn_emb	pearson	chem_pattern
pearson	136	0.28841629227362253	[0.13 0.44]	0.0006930423995494671	vcf_emb_all	kc_dat	pearson	chem_rdkit
pearson	136	0.27047732608752195	[0.11 0.42]	0.0015097955758790302	vcf_emb_all	kc_dat	pearson	chem_fcfp
pearson	136	0.2948526180599372	[0.13 0.44]	0.0005175036416803667	vcf_emb_all	kc_dat	pearson	chem_ecfp
pearson	136	0.2095446699106726	[0.04 0.37]	0.014720115301779288	vcf_emb_all	kc_dat	pearson	chem_pattern
pearson	136	0.28806663411491523	[0.13 0.44]	0.0007039897453812674	vcf_emb_all	kc_emb	pearson	chem_rdkit
pearson	136	0.2704248890505917	[0.11 0.42]	0.0015131221503171094	vcf_emb_all	kc_emb	pearson	chem_fcfp
pearson	136	0.29435329072775673	[0.13 0.44]	0.0005294928981248549	vcf_emb_all	kc_emb	pearson	chem_ecfp
pearson	136	0.2104355440404561	[0.04 0.37]	0.014293520538987177	vcf_emb_all	kc_emb	pearson	chem_pattern
pearson	136	0.23664199408825456	[0.07 0.39]	0.0057215587084242375	vcf_emb_all	kc_combo	pearson	chem_rdkit
pearson	136	0.2116365513520094	[0.04 0.37]	0.013735506289318489	vcf_emb_all	kc_combo	pearson	chem_fcfp
pearson	136	0.236413146114986	[0.07 0.39]	0.005769966096072672	vcf_emb_all	kc_combo	pearson	chem_ecfp
pearson	136	0.17515192176116787	[0.01 0.33]	0.042164534015096684	vcf_emb_all	kc_combo	pearson	chem_pattern
pearson	136	0.20067101338719817	[0.03 0.36]	0.019611653689193285	vcf_emb_all	uniform_dat	pearson	chem_rdkit
pearson	136	0.16846628427862978	[-0.    0.33]	0.050797914548902735	vcf_emb_all	uniform_dat	pearson	chem_fcfp
pearson	136	0.20275641146855675	[0.03 0.36]	0.018350854250114387	vcf_emb_all	uniform_dat	pearson	chem_ecfp
pearson	136	0.06671810823306734	[-0.1   0.23]	0.44198647459618723	vcf_emb_all	uniform_dat	pearson	chem_pattern
pearson	136	0.19076715652425882	[0.02 0.35]	0.02667111828672761	vcf_emb_all	uniform_emb	pearson	chem_rdkit
pearson	136	0.15657838304651925	[-0.01  0.32]	0.06974515164914957	vcf_emb_all	uniform_emb	pearson	chem_fcfp
pearson	136	0.19311860047491833	[0.02 0.35]	0.024823448683399925	vcf_emb_all	uniform_emb	pearson	chem_ecfp
pearson	136	0.059726545853853646	[-0.11  0.23]	0.49137638389620086	vcf_emb_all	uniform_emb	pearson	chem_pattern
pearson	136	0.2812627882177007	[0.12 0.43]	0.000951250610803754	vcf_emb_all	hemibrain_dat	pearson	chem_rdkit
pearson	136	0.2554830507115217	[0.09 0.41]	0.00278396827254836	vcf_emb_all	hemibrain_dat	pearson	chem_fcfp
pearson	136	0.2865363545007784	[0.12 0.43]	0.0007537950354144002	vcf_emb_all	hemibrain_dat	pearson	chem_ecfp
pearson	136	0.14793171875732183	[-0.02  0.31]	0.08684836920369686	vcf_emb_all	hemibrain_dat	pearson	chem_pattern
pearson	136	0.2710756529237746	[0.11 0.42]	0.001472306861136663	vcf_emb_all	hemibrain_emb	pearson	chem_rdkit
pearson	136	0.24527900408346648	[0.08 0.4 ]	0.00413965719374055	vcf_emb_all	hemibrain_emb	pearson	chem_fcfp
pearson	136	0.27738085228982823	[0.11 0.43]	0.0011257200298285476	vcf_emb_all	hemibrain_emb	pearson	chem_ecfp
pearson	136	0.1380612075852759	[-0.03  0.3 ]	0.11029547344680167	vcf_emb_all	hemibrain_emb	pearson	chem_pattern
pearson	136	0.17910052812710212	[0.01 0.34]	0.03766829414779247	vcf_emb_all	uniform_tom	pearson	chem_rdkit
pearson	136	0.14450169608935406	[-0.03  0.31]	0.0944980032769573	vcf_emb_all	uniform_tom	pearson	chem_fcfp
pearson	136	0.18063077536275754	[0.01 0.34]	0.03603775855948884	vcf_emb_all	uniform_tom	pearson	chem_ecfp
pearson	136	0.06229386004853888	[-0.11  0.23]	0.4729075770478257	vcf_emb_all	uniform_tom	pearson	chem_pattern
pearson	136	0.29021926937710124	[0.13 0.44]	0.0006390353346929275	vcf_emb_all	hemibrain_tom	pearson	chem_rdkit
pearson	136	0.26202124839413693	[0.1  0.41]	0.002141141191022554	vcf_emb_all	hemibrain_tom	pearson	chem_fcfp
pearson	136	0.2957512673706916	[0.13 0.44]	0.0004965544867146532	vcf_emb_all	hemibrain_tom	pearson	chem_ecfp
pearson	136	0.1700070208094514	[0.   0.33]	0.04868847203202664	vcf_emb_all	hemibrain_tom	pearson	chem_pattern
pearson	113	0.22395906277621666	[0.04 0.39]	0.017605758055043583	vcf_emb_masked	orn_remy	pearson	chem_rdkit
pearson	113	0.17812924646284092	[-0.01  0.35]	0.06023745440671401	vcf_emb_masked	orn_remy	pearson	chem_fcfp
pearson	113	0.22500783602201896	[0.04 0.39]	0.017069076190614704	vcf_emb_masked	orn_remy	pearson	chem_ecfp
pearson	113	0.0808698712040717	[-0.11  0.26]	0.3966415555840975	vcf_emb_masked	orn_remy	pearson	chem_pattern
pearson	113	0.22395906277621647	[0.04 0.39]	0.01760575805504371	vcf_emb_masked	orn_remy_mean_scaled	pearson	chem_rdkit
pearson	113	0.1781292464628408	[-0.01  0.35]	0.06023745440671418	vcf_emb_masked	orn_remy_mean_scaled	pearson	chem_fcfp
pearson	113	0.22500783602201854	[0.04 0.39]	0.017069076190614905	vcf_emb_masked	orn_remy_mean_scaled	pearson	chem_ecfp
pearson	113	0.08086987120407188	[-0.11  0.26]	0.39664155558409653	vcf_emb_masked	orn_remy_mean_scaled	pearson	chem_pattern
pearson	113	0.21903833722222302	[0.03 0.39]	0.020322996918211295	vcf_emb_masked	orn_remy_scaled_mean	pearson	chem_rdkit
pearson	113	0.17261476235905682	[-0.01  0.35]	0.06876263667079893	vcf_emb_masked	orn_remy_scaled_mean	pearson	chem_fcfp
pearson	113	0.2200167083594188	[0.04 0.39]	0.01975568967457413	vcf_emb_masked	orn_remy_scaled_mean	pearson	chem_ecfp
pearson	113	0.07456415991414779	[-0.11  0.26]	0.4345973588960357	vcf_emb_masked	orn_remy_scaled_mean	pearson	chem_pattern
pearson	113	0.404023412337315	[0.24 0.55]	9.977463545103206e-06	vcf_emb_masked	kc_remy	pearson	chem_rdkit
pearson	113	0.3873680276324646	[0.22 0.53]	2.4485960321304364e-05	vcf_emb_masked	kc_remy	pearson	chem_fcfp
pearson	113	0.4182940782445897	[0.25 0.56]	4.4454512017052874e-06	vcf_emb_masked	kc_remy	pearson	chem_ecfp
pearson	113	0.3060572074785848	[0.13 0.47]	0.0010314959313795832	vcf_emb_masked	kc_remy	pearson	chem_pattern
pearson	113	0.4040234123373155	[0.24 0.55]	9.977463545102952e-06	vcf_emb_masked	kc_remy_mean_scaled	pearson	chem_rdkit
pearson	113	0.3873680276324645	[0.22 0.53]	2.4485960321304503e-05	vcf_emb_masked	kc_remy_mean_scaled	pearson	chem_fcfp
pearson	113	0.41829407824459003	[0.25 0.56]	4.445451201705222e-06	vcf_emb_masked	kc_remy_mean_scaled	pearson	chem_ecfp
pearson	113	0.30605720747858456	[0.13 0.47]	0.0010314959313795923	vcf_emb_masked	kc_remy_mean_scaled	pearson	chem_pattern
pearson	113	0.4048307909640128	[0.24 0.55]	9.540747029414161e-06	vcf_emb_masked	kc_remy_scaled_mean	pearson	chem_rdkit
pearson	113	0.38835417076068024	[0.22 0.54]	2.324940903523383e-05	vcf_emb_masked	kc_remy_scaled_mean	pearson	chem_fcfp
pearson	113	0.41918677924418124	[0.25 0.56]	4.220989927587396e-06	vcf_emb_masked	kc_remy_scaled_mean	pearson	chem_ecfp
pearson	113	0.3069406075027033	[0.13 0.47]	0.0009956649722581592	vcf_emb_masked	kc_remy_scaled_mean	pearson	chem_pattern
pearson	113	0.40050459050585097	[0.23 0.55]	1.2110140255761672e-05	vcf_emb_masked	kc_remy_combo	pearson	chem_rdkit
pearson	113	0.38069492527478604	[0.21 0.53]	3.462010726465412e-05	vcf_emb_masked	kc_remy_combo	pearson	chem_fcfp
pearson	113	0.4112849114644769	[0.24 0.55]	6.6431244662738e-06	vcf_emb_masked	kc_remy_combo	pearson	chem_ecfp
pearson	113	0.3139903075728996	[0.14 0.47]	0.0007479606329156296	vcf_emb_masked	kc_remy_combo	pearson	chem_pattern
pearson	113	0.40050459050585124	[0.23 0.55]	1.211014025576145e-05	vcf_emb_masked	kc_remy_combo_mean_scaled	pearson	chem_rdkit
pearson	113	0.3806949252747865	[0.21 0.53]	3.462010726465346e-05	vcf_emb_masked	kc_remy_combo_mean_scaled	pearson	chem_fcfp
pearson	113	0.4112849114644767	[0.24 0.55]	6.643124466273901e-06	vcf_emb_masked	kc_remy_combo_mean_scaled	pearson	chem_ecfp
pearson	113	0.31399030757289953	[0.14 0.47]	0.0007479606329156312	vcf_emb_masked	kc_remy_combo_mean_scaled	pearson	chem_pattern
pearson	113	0.4048307909640128	[0.24 0.55]	9.540747029414161e-06	vcf_emb_masked	kc_remy_combo_scaled_mean	pearson	chem_rdkit
pearson	113	0.38835417076068024	[0.22 0.54]	2.324940903523383e-05	vcf_emb_masked	kc_remy_combo_scaled_mean	pearson	chem_fcfp
pearson	113	0.41918677924418124	[0.25 0.56]	4.220989927587396e-06	vcf_emb_masked	kc_remy_combo_scaled_mean	pearson	chem_ecfp
pearson	113	0.3069406075027033	[0.13 0.47]	0.0009956649722581592	vcf_emb_masked	kc_remy_combo_scaled_mean	pearson	chem_pattern
pearson	113	0.2190383372222227	[0.03 0.39]	0.020322996918211485	vcf_emb_masked	orn_dat	pearson	chem_rdkit
pearson	113	0.17261476235905673	[-0.01  0.35]	0.06876263667079907	vcf_emb_masked	orn_dat	pearson	chem_fcfp
pearson	113	0.220016708359419	[0.04 0.39]	0.01975568967457402	vcf_emb_masked	orn_dat	pearson	chem_ecfp
pearson	113	0.07456415991414801	[-0.11  0.26]	0.43459735889603424	vcf_emb_masked	orn_dat	pearson	chem_pattern
pearson	113	0.22115386800917206	[0.04 0.39]	0.019113496039041212	vcf_emb_masked	orn_emb	pearson	chem_rdkit
pearson	113	0.17096913231067998	[-0.02  0.35]	0.07148816970846342	vcf_emb_masked	orn_emb	pearson	chem_fcfp
pearson	113	0.21667252586014024	[0.03 0.39]	0.0217530373021846	vcf_emb_masked	orn_emb	pearson	chem_ecfp
pearson	113	0.18924066098128806	[0.   0.36]	0.045677343923905454	vcf_emb_masked	orn_emb	pearson	chem_pattern
pearson	113	0.40483079096401314	[0.24 0.55]	9.540747029414017e-06	vcf_emb_masked	kc_dat	pearson	chem_rdkit
pearson	113	0.38835417076068074	[0.22 0.54]	2.324940903523317e-05	vcf_emb_masked	kc_dat	pearson	chem_fcfp
pearson	113	0.41918677924418135	[0.25 0.56]	4.220989927587371e-06	vcf_emb_masked	kc_dat	pearson	chem_ecfp
pearson	113	0.3069406075027034	[0.13 0.47]	0.000995664972258154	vcf_emb_masked	kc_dat	pearson	chem_pattern
pearson	113	0.3994346682400603	[0.23 0.54]	1.283928282086635e-05	vcf_emb_masked	kc_emb	pearson	chem_rdkit
pearson	113	0.38368266114243615	[0.21 0.53]	2.967481961234635e-05	vcf_emb_masked	kc_emb	pearson	chem_fcfp
pearson	113	0.4131620508062234	[0.25 0.56]	5.970824202170596e-06	vcf_emb_masked	kc_emb	pearson	chem_ecfp
pearson	113	0.3037608330758276	[0.13 0.46]	0.0011302115782810685	vcf_emb_masked	kc_emb	pearson	chem_pattern
pearson	113	0.3301663993740516	[0.15 0.49]	0.0003777040802567526	vcf_emb_masked	kc_combo	pearson	chem_rdkit
pearson	113	0.30237995117402205	[0.12 0.46]	0.0011936441895582597	vcf_emb_masked	kc_combo	pearson	chem_fcfp
pearson	113	0.3341679896057828	[0.16 0.49]	0.000317094788860897	vcf_emb_masked	kc_combo	pearson	chem_ecfp
pearson	113	0.25209708729616703	[0.07 0.42]	0.007329973316108098	vcf_emb_masked	kc_combo	pearson	chem_pattern
pearson	113	0.25372992616758316	[0.07 0.42]	0.006945917659404334	vcf_emb_masked	uniform_dat	pearson	chem_rdkit
pearson	113	0.2132015458709167	[0.03 0.38]	0.02400701505461	vcf_emb_masked	uniform_dat	pearson	chem_fcfp
pearson	113	0.2556845985365695	[0.07 0.42]	0.006509686833716278	vcf_emb_masked	uniform_dat	pearson	chem_ecfp
pearson	113	0.10428919516077641	[-0.08  0.28]	0.2738240854858451	vcf_emb_masked	uniform_dat	pearson	chem_pattern
pearson	113	0.2714220879486318	[0.09 0.44]	0.0037941750919467804	vcf_emb_masked	uniform_emb	pearson	chem_rdkit
pearson	113	0.23254044676156702	[0.05 0.4 ]	0.013613985605984995	vcf_emb_masked	uniform_emb	pearson	chem_fcfp
pearson	113	0.2748307867072466	[0.09 0.44]	0.0033613970173638668	vcf_emb_masked	uniform_emb	pearson	chem_ecfp
pearson	113	0.124123992016923	[-0.06  0.3 ]	0.1922618830644534	vcf_emb_masked	uniform_emb	pearson	chem_pattern
pearson	113	0.3312683313950369	[0.16 0.49]	0.0003600279664679933	vcf_emb_masked	hemibrain_dat	pearson	chem_rdkit
pearson	113	0.2963207553893503	[0.12 0.46]	0.0015121188896069612	vcf_emb_masked	hemibrain_dat	pearson	chem_fcfp
pearson	113	0.33585758246923625	[0.16 0.49]	0.00029431024881011215	vcf_emb_masked	hemibrain_dat	pearson	chem_ecfp
pearson	113	0.19542542429336007	[0.01 0.37]	0.03892856534820772	vcf_emb_masked	hemibrain_dat	pearson	chem_pattern
pearson	113	0.32641109906177784	[0.15 0.48]	0.0004441265280255569	vcf_emb_masked	hemibrain_emb	pearson	chem_rdkit
pearson	113	0.2916884038734731	[0.11 0.45]	0.0018056816072316152	vcf_emb_masked	hemibrain_emb	pearson	chem_fcfp
pearson	113	0.33227116971728693	[0.16 0.49]	0.0003446076941356769	vcf_emb_masked	hemibrain_emb	pearson	chem_ecfp
pearson	113	0.1907288018793868	[0.01 0.36]	0.04397057446547083	vcf_emb_masked	hemibrain_emb	pearson	chem_pattern
pearson	113	0.25071882843371945	[0.07 0.42]	0.007668651290229788	vcf_emb_masked	uniform_tom	pearson	chem_rdkit
pearson	113	0.20812189244360055	[0.02 0.38]	0.02766408355337972	vcf_emb_masked	uniform_tom	pearson	chem_fcfp
pearson	113	0.2538799592064478	[0.07 0.42]	0.006911539450399182	vcf_emb_masked	uniform_tom	pearson	chem_ecfp
pearson	113	0.1106902131346425	[-0.08  0.29]	0.24528920067053236	vcf_emb_masked	uniform_tom	pearson	chem_pattern
pearson	113	0.35968012663052545	[0.19 0.51]	9.82071231174851e-05	vcf_emb_masked	hemibrain_tom	pearson	chem_rdkit
pearson	113	0.3223506229784509	[0.15 0.48]	0.0005279258372541217	vcf_emb_masked	hemibrain_tom	pearson	chem_fcfp
pearson	113	0.3655656883142371	[0.19 0.52]	7.386801106892023e-05	vcf_emb_masked	hemibrain_tom	pearson	chem_ecfp
pearson	113	0.2373122502519278	[0.05 0.41]	0.011755459204463383	vcf_emb_masked	hemibrain_tom	pearson	chem_pattern
spearman	113	0.25236219205063204	[0.07 0.42]	0.007266368791165872	vcf_dat	orn_remy	spearman	chem_rdkit
spearman	113	0.18167681106493538	[-0.    0.36]	0.05522481247548831	vcf_dat	orn_remy	spearman	chem_fcfp
spearman	113	0.31473786239970275	[0.14 0.47]	0.0007253139608770918	vcf_dat	orn_remy	spearman	chem_ecfp
spearman	113	0.23786279860481602	[0.05 0.41]	0.01155602129125339	vcf_dat	orn_remy	spearman	chem_pattern
spearman	113	0.25236219205063204	[0.07 0.42]	0.007266368791165872	vcf_dat	orn_remy_mean_scaled	spearman	chem_rdkit
spearman	113	0.18167681106493538	[-0.    0.36]	0.05522481247548831	vcf_dat	orn_remy_mean_scaled	spearman	chem_fcfp
spearman	113	0.31473786239970275	[0.14 0.47]	0.0007253139608770918	vcf_dat	orn_remy_mean_scaled	spearman	chem_ecfp
spearman	113	0.23786279860481602	[0.05 0.41]	0.01155602129125339	vcf_dat	orn_remy_mean_scaled	spearman	chem_pattern
spearman	113	0.24099437486385095	[0.06 0.41]	0.010476964126236858	vcf_dat	orn_remy_scaled_mean	spearman	chem_rdkit
spearman	113	0.17349527439877582	[-0.01  0.35]	0.06733926567199196	vcf_dat	orn_remy_scaled_mean	spearman	chem_fcfp
spearman	113	0.3045169602616532	[0.13 0.46]	0.0010967949657382365	vcf_dat	orn_remy_scaled_mean	spearman	chem_ecfp
spearman	113	0.22867195842205618	[0.05 0.4 ]	0.015303663087840797	vcf_dat	orn_remy_scaled_mean	spearman	chem_pattern
spearman	113	0.12318866753111186	[-0.06  0.3 ]	0.19566003250130243	vcf_dat	kc_remy	spearman	chem_rdkit
spearman	113	0.037521839779064405	[-0.15  0.22]	0.6944838830124351	vcf_dat	kc_remy	spearman	chem_fcfp
spearman	113	0.1174053639916546	[-0.07  0.3 ]	0.21763870525270687	vcf_dat	kc_remy	spearman	chem_ecfp
spearman	113	0.08058451850102052	[-0.11  0.26]	0.3983153338477744	vcf_dat	kc_remy	spearman	chem_pattern
spearman	113	0.12318866753111186	[-0.06  0.3 ]	0.19566003250130243	vcf_dat	kc_remy_mean_scaled	spearman	chem_rdkit
spearman	113	0.037521839779064405	[-0.15  0.22]	0.6944838830124351	vcf_dat	kc_remy_mean_scaled	spearman	chem_fcfp
spearman	113	0.1174053639916546	[-0.07  0.3 ]	0.21763870525270687	vcf_dat	kc_remy_mean_scaled	spearman	chem_ecfp
spearman	113	0.08058451850102052	[-0.11  0.26]	0.3983153338477744	vcf_dat	kc_remy_mean_scaled	spearman	chem_pattern
spearman	113	0.12321906332060789	[-0.06  0.3 ]	0.19554892267391338	vcf_dat	kc_remy_scaled_mean	spearman	chem_rdkit
spearman	113	0.03712551863190851	[-0.15  0.22]	0.6975529315400394	vcf_dat	kc_remy_scaled_mean	spearman	chem_fcfp
spearman	113	0.11812470894943311	[-0.07  0.3 ]	0.21481339897627602	vcf_dat	kc_remy_scaled_mean	spearman	chem_ecfp
spearman	113	0.08081529736754495	[-0.11  0.26]	0.39696134226325896	vcf_dat	kc_remy_scaled_mean	spearman	chem_pattern
spearman	113	0.1550802087546923	[-0.03  0.33]	0.10253285857757029	vcf_dat	kc_remy_combo	spearman	chem_rdkit
spearman	113	0.08093467551190817	[-0.11  0.26]	0.3962620205643943	vcf_dat	kc_remy_combo	spearman	chem_fcfp
spearman	113	0.15039157824717447	[-0.04  0.33]	0.1134771713272504	vcf_dat	kc_remy_combo	spearman	chem_ecfp
spearman	113	0.1262474999285045	[-0.06  0.3 ]	0.18470620680715363	vcf_dat	kc_remy_combo	spearman	chem_pattern
spearman	113	0.1550802087546923	[-0.03  0.33]	0.10253285857757029	vcf_dat	kc_remy_combo_mean_scaled	spearman	chem_rdkit
spearman	113	0.08093467551190817	[-0.11  0.26]	0.3962620205643943	vcf_dat	kc_remy_combo_mean_scaled	spearman	chem_fcfp
spearman	113	0.15039157824717447	[-0.04  0.33]	0.1134771713272504	vcf_dat	kc_remy_combo_mean_scaled	spearman	chem_ecfp
spearman	113	0.1262474999285045	[-0.06  0.3 ]	0.18470620680715363	vcf_dat	kc_remy_combo_mean_scaled	spearman	chem_pattern
spearman	113	0.12321906332060789	[-0.06  0.3 ]	0.19554892267391338	vcf_dat	kc_remy_combo_scaled_mean	spearman	chem_rdkit
spearman	113	0.03712551863190851	[-0.15  0.22]	0.6975529315400394	vcf_dat	kc_remy_combo_scaled_mean	spearman	chem_fcfp
spearman	113	0.11812470894943311	[-0.07  0.3 ]	0.21481339897627602	vcf_dat	kc_remy_combo_scaled_mean	spearman	chem_ecfp
spearman	113	0.08081529736754495	[-0.11  0.26]	0.39696134226325896	vcf_dat	kc_remy_combo_scaled_mean	spearman	chem_pattern
spearman	113	0.24099437486385095	[0.06 0.41]	0.010476964126236858	vcf_dat	orn_dat	spearman	chem_rdkit
spearman	113	0.17349527439877582	[-0.01  0.35]	0.06733926567199196	vcf_dat	orn_dat	spearman	chem_fcfp
spearman	113	0.3045169602616532	[0.13 0.46]	0.0010967949657382365	vcf_dat	orn_dat	spearman	chem_ecfp
spearman	113	0.22867195842205618	[0.05 0.4 ]	0.015303663087840797	vcf_dat	orn_dat	spearman	chem_pattern
spearman	113	0.29626672976745916	[0.12 0.46]	0.001515276586499536	vcf_dat	orn_emb	spearman	chem_rdkit
spearman	113	0.18152411985194714	[-0.    0.36]	0.05543326589112425	vcf_dat	orn_emb	spearman	chem_fcfp
spearman	113	0.3180223106784949	[0.14 0.48]	0.0006330676441164651	vcf_dat	orn_emb	spearman	chem_ecfp
spearman	113	0.2744279567792668	[0.09 0.44]	0.00341012110187142	vcf_dat	orn_emb	spearman	chem_pattern
spearman	113	0.12321906332060789	[-0.06  0.3 ]	0.19554892267391338	vcf_dat	kc_dat	spearman	chem_rdkit
spearman	113	0.03712551863190851	[-0.15  0.22]	0.6975529315400394	vcf_dat	kc_dat	spearman	chem_fcfp
spearman	113	0.11812470894943311	[-0.07  0.3 ]	0.21481339897627602	vcf_dat	kc_dat	spearman	chem_ecfp
spearman	113	0.08081529736754495	[-0.11  0.26]	0.39696134226325896	vcf_dat	kc_dat	spearman	chem_pattern
spearman	113	0.1467194698846627	[-0.04  0.32]	0.12266582844429116	vcf_dat	kc_emb	spearman	chem_rdkit
spearman	113	0.04881871846863865	[-0.14  0.23]	0.6092406314209886	vcf_dat	kc_emb	spearman	chem_fcfp
spearman	113	0.1350959427962812	[-0.05  0.31]	0.1555490380853153	vcf_dat	kc_emb	spearman	chem_ecfp
spearman	113	0.10220386101286981	[-0.08  0.28]	0.28358500236276846	vcf_dat	kc_emb	spearman	chem_pattern
spearman	113	0.055799545054474826	[-0.13  0.24]	0.558979714877462	vcf_dat	kc_combo	spearman	chem_rdkit
spearman	113	0.003648481536564928	[-0.18  0.19]	0.9695450782650177	vcf_dat	kc_combo	spearman	chem_fcfp
spearman	113	0.03109200383846542	[-0.16  0.22]	0.7448525168106133	vcf_dat	kc_combo	spearman	chem_ecfp
spearman	113	-0.0004458932730135248	[-0.19  0.19]	0.9962771224591992	vcf_dat	kc_combo	spearman	chem_pattern
spearman	113	0.33197329438162854	[0.16 0.49]	0.00034912317206055315	vcf_dat	uniform_dat	spearman	chem_rdkit
spearman	113	0.2611753540881124	[0.08 0.43]	0.005411482704048754	vcf_dat	uniform_dat	spearman	chem_fcfp
spearman	113	0.38144787105449196	[0.21 0.53]	3.330580255994078e-05	vcf_dat	uniform_dat	spearman	chem_ecfp
spearman	113	0.29164518111396237	[0.11 0.45]	0.0018086486181589886	vcf_dat	uniform_dat	spearman	chem_pattern
spearman	113	0.33905240467628855	[0.16 0.49]	0.0002553082840907561	vcf_dat	uniform_emb	spearman	chem_rdkit
spearman	113	0.267497670431745	[0.09 0.43]	0.004353760306940518	vcf_dat	uniform_emb	spearman	chem_fcfp
spearman	113	0.39035223479371617	[0.22 0.54]	2.092146645661982e-05	vcf_dat	uniform_emb	spearman	chem_ecfp
spearman	113	0.2985042488893168	[0.12 0.46]	0.0013893933396331576	vcf_dat	uniform_emb	spearman	chem_pattern
spearman	113	0.305534452061313	[0.13 0.46]	0.0010532494011593486	vcf_dat	hemibrain_dat	spearman	chem_rdkit
spearman	113	0.2506495148612101	[0.07 0.42]	0.007686043148151037	vcf_dat	hemibrain_dat	spearman	chem_fcfp
spearman	113	0.3473983526252593	[0.17 0.5 ]	0.0001748305953088388	vcf_dat	hemibrain_dat	spearman	chem_ecfp
spearman	113	0.2654201316178435	[0.08 0.43]	0.004678924584583394	vcf_dat	hemibrain_dat	spearman	chem_pattern
spearman	113	0.2980292078756612	[0.12 0.46]	0.0014152950704469191	vcf_dat	hemibrain_emb	spearman	chem_rdkit
spearman	113	0.23382198907986954	[0.05 0.4 ]	0.013091276138095794	vcf_dat	hemibrain_emb	spearman	chem_fcfp
spearman	113	0.3386509059217975	[0.16 0.49]	0.0002599324388944078	vcf_dat	hemibrain_emb	spearman	chem_ecfp
spearman	113	0.2576954997567341	[0.08 0.42]	0.006086440152910999	vcf_dat	hemibrain_emb	spearman	chem_pattern
spearman	113	0.22298690578764602	[0.04 0.39]	0.018116199788135796	vcf_dat	uniform_tom	spearman	chem_rdkit
spearman	113	0.1618360916876851	[-0.02  0.34]	0.08824005628520337	vcf_dat	uniform_tom	spearman	chem_fcfp
spearman	113	0.2863281902934703	[0.11 0.45]	0.002209192374581499	vcf_dat	uniform_tom	spearman	chem_ecfp
spearman	113	0.21766286268345267	[0.03 0.39]	0.021144236364660222	vcf_dat	uniform_tom	spearman	chem_pattern
spearman	113	0.15559690475683918	[-0.03  0.33]	0.10137927260379119	vcf_dat	hemibrain_tom	spearman	chem_rdkit
spearman	113	0.13568393168819168	[-0.05  0.31]	0.15374125292778362	vcf_dat	hemibrain_tom	spearman	chem_fcfp
spearman	113	0.19745023376060783	[0.01 0.37]	0.036909361688946214	vcf_dat	hemibrain_tom	spearman	chem_ecfp
spearman	113	0.15738587823307887	[-0.03  0.33]	0.09746376736876972	vcf_dat	hemibrain_tom	spearman	chem_pattern
spearman	136	0.1809245504951135	[0.01 0.34]	0.035731636468861315	vcf_emb_all	orn_remy	spearman	chem_rdkit
spearman	136	0.11234549186176992	[-0.06  0.28]	0.1945246873800202	vcf_emb_all	orn_remy	spearman	chem_fcfp
spearman	136	0.1541677956305003	[-0.02  0.31]	0.07421263029272822	vcf_emb_all	orn_remy	spearman	chem_ecfp
spearman	136	0.10375904994164412	[-0.07  0.27]	0.2310742817496978	vcf_emb_all	orn_remy	spearman	chem_pattern
spearman	136	0.1809245504951135	[0.01 0.34]	0.035731636468861315	vcf_emb_all	orn_remy_mean_scaled	spearman	chem_rdkit
spearman	136	0.11234549186176992	[-0.06  0.28]	0.1945246873800202	vcf_emb_all	orn_remy_mean_scaled	spearman	chem_fcfp
spearman	136	0.1541677956305003	[-0.02  0.31]	0.07421263029272822	vcf_emb_all	orn_remy_mean_scaled	spearman	chem_ecfp
spearman	136	0.10375904994164412	[-0.07  0.27]	0.2310742817496978	vcf_emb_all	orn_remy_mean_scaled	spearman	chem_pattern
spearman	136	0.1770191063237005	[0.01 0.34]	0.03998536181128974	vcf_emb_all	orn_remy_scaled_mean	spearman	chem_rdkit
spearman	136	0.10848416760754054	[-0.06  0.27]	0.2104055684086469	vcf_emb_all	orn_remy_scaled_mean	spearman	chem_fcfp
spearman	136	0.14947408577137747	[-0.02  0.31]	0.08357368527299822	vcf_emb_all	orn_remy_scaled_mean	spearman	chem_ecfp
spearman	136	0.09911464287494863	[-0.07  0.26]	0.25274059362076395	vcf_emb_all	orn_remy_scaled_mean	spearman	chem_pattern
spearman	136	0.29962355899800963	[0.14 0.45]	0.00041492382888813287	vcf_emb_all	kc_remy	spearman	chem_rdkit
spearman	136	0.2655947353226612	[0.1  0.42]	0.0018497664375726078	vcf_emb_all	kc_remy	spearman	chem_fcfp
spearman	136	0.28524183472038317	[0.12 0.43]	0.0007984309846263048	vcf_emb_all	kc_remy	spearman	chem_ecfp
spearman	136	0.270037829956265	[0.11 0.42]	0.0015378841736163496	vcf_emb_all	kc_remy	spearman	chem_pattern
spearman	136	0.29962355899800963	[0.14 0.45]	0.00041492382888813287	vcf_emb_all	kc_remy_mean_scaled	spearman	chem_rdkit
spearman	136	0.2655947353226612	[0.1  0.42]	0.0018497664375726078	vcf_emb_all	kc_remy_mean_scaled	spearman	chem_fcfp
spearman	136	0.28524183472038317	[0.12 0.43]	0.0007984309846263048	vcf_emb_all	kc_remy_mean_scaled	spearman	chem_ecfp
spearman	136	0.270037829956265	[0.11 0.42]	0.0015378841736163496	vcf_emb_all	kc_remy_mean_scaled	spearman	chem_pattern
spearman	136	0.30011506773853613	[0.14 0.45]	0.0004054995121781002	vcf_emb_all	kc_remy_scaled_mean	spearman	chem_rdkit
spearman	136	0.2661209718418576	[0.1  0.42]	0.0018100426502838912	vcf_emb_all	kc_remy_scaled_mean	spearman	chem_fcfp
spearman	136	0.2858231587511298	[0.12 0.43]	0.0007780947852089431	vcf_emb_all	kc_remy_scaled_mean	spearman	chem_ecfp
spearman	136	0.27047155529645267	[0.11 0.42]	0.001510161344984154	vcf_emb_all	kc_remy_scaled_mean	spearman	chem_pattern
spearman	136	0.31007122004685556	[0.15 0.46]	0.0002523851603071747	vcf_emb_all	kc_remy_combo	spearman	chem_rdkit
spearman	136	0.277243640992563	[0.11 0.43]	0.0011323906914853788	vcf_emb_all	kc_remy_combo	spearman	chem_fcfp
spearman	136	0.29703792968073095	[0.13 0.44]	0.00046791857516090334	vcf_emb_all	kc_remy_combo	spearman	chem_ecfp
spearman	136	0.28829774400224006	[0.13 0.44]	0.0006967363430666406	vcf_emb_all	kc_remy_combo	spearman	chem_pattern
spearman	136	0.31007122004685556	[0.15 0.46]	0.0002523851603071747	vcf_emb_all	kc_remy_combo_mean_scaled	spearman	chem_rdkit
spearman	136	0.277243640992563	[0.11 0.43]	0.0011323906914853788	vcf_emb_all	kc_remy_combo_mean_scaled	spearman	chem_fcfp
spearman	136	0.29703792968073095	[0.13 0.44]	0.00046791857516090334	vcf_emb_all	kc_remy_combo_mean_scaled	spearman	chem_ecfp
spearman	136	0.28829774400224006	[0.13 0.44]	0.0006967363430666406	vcf_emb_all	kc_remy_combo_mean_scaled	spearman	chem_pattern
spearman	136	0.30011506773853613	[0.14 0.45]	0.0004054995121781002	vcf_emb_all	kc_remy_combo_scaled_mean	spearman	chem_rdkit
spearman	136	0.2661209718418576	[0.1  0.42]	0.0018100426502838912	vcf_emb_all	kc_remy_combo_scaled_mean	spearman	chem_fcfp
spearman	136	0.2858231587511298	[0.12 0.43]	0.0007780947852089431	vcf_emb_all	kc_remy_combo_scaled_mean	spearman	chem_ecfp
spearman	136	0.27047155529645267	[0.11 0.42]	0.001510161344984154	vcf_emb_all	kc_remy_combo_scaled_mean	spearman	chem_pattern
spearman	136	0.1770191063237005	[0.01 0.34]	0.03998536181128974	vcf_emb_all	orn_dat	spearman	chem_rdkit
spearman	136	0.10848416760754054	[-0.06  0.27]	0.2104055684086469	vcf_emb_all	orn_dat	spearman	chem_fcfp
spearman	136	0.14947408577137747	[-0.02  0.31]	0.08357368527299822	vcf_emb_all	orn_dat	spearman	chem_ecfp
spearman	136	0.09911464287494863	[-0.07  0.26]	0.25274059362076395	vcf_emb_all	orn_dat	spearman	chem_pattern
spearman	136	0.21054588739306068	[0.04 0.37]	0.014241440535562413	vcf_emb_all	orn_emb	spearman	chem_rdkit
spearman	136	0.14672479550186834	[-0.02  0.31]	0.08948161864863746	vcf_emb_all	orn_emb	spearman	chem_fcfp
spearman	136	0.19498134073521003	[0.03 0.35]	0.023438633226000455	vcf_emb_all	orn_emb	spearman	chem_ecfp
spearman	136	0.17073483575577322	[0.   0.33]	0.04771759405767418	vcf_emb_all	orn_emb	spearman	chem_pattern
spearman	136	0.30011506773853613	[0.14 0.45]	0.0004054995121781002	vcf_emb_all	kc_dat	spearman	chem_rdkit
spearman	136	0.2661209718418576	[0.1  0.42]	0.0018100426502838912	vcf_emb_all	kc_dat	spearman	chem_fcfp
spearman	136	0.2858231587511298	[0.12 0.43]	0.0007780947852089431	vcf_emb_all	kc_dat	spearman	chem_ecfp
spearman	136	0.27047155529645267	[0.11 0.42]	0.001510161344984154	vcf_emb_all	kc_dat	spearman	chem_pattern
spearman	136	0.31616057404408016	[0.16 0.46]	0.00018728140823021748	vcf_emb_all	kc_emb	spearman	chem_rdkit
spearman	136	0.28085467667045994	[0.12 0.43]	0.0009683516891584967	vcf_emb_all	kc_emb	spearman	chem_fcfp
spearman	136	0.30168190965555663	[0.14 0.45]	0.00037675998711858056	vcf_emb_all	kc_emb	spearman	chem_ecfp
spearman	136	0.28889290463892314	[0.13 0.44]	0.0006783721218460106	vcf_emb_all	kc_emb	spearman	chem_pattern
spearman	136	0.23621268057030254	[0.07 0.39]	0.0058126694806964994	vcf_emb_all	kc_combo	spearman	chem_rdkit
spearman	136	0.2167635853153266	[0.05 0.37]	0.011561793584709656	vcf_emb_all	kc_combo	spearman	chem_fcfp
spearman	136	0.22091528140606215	[0.05 0.38]	0.010028954600154481	vcf_emb_all	kc_combo	spearman	chem_ecfp
spearman	136	0.2140634484266211	[0.05 0.37]	0.012665696419932666	vcf_emb_all	kc_combo	spearman	chem_pattern
spearman	136	0.2399740472121803	[0.07 0.39]	0.005056624409251097	vcf_emb_all	uniform_dat	spearman	chem_rdkit
spearman	136	0.18573254100631487	[0.02 0.34]	0.031024966533848123	vcf_emb_all	uniform_dat	spearman	chem_fcfp
spearman	136	0.21673960359218908	[0.05 0.37]	0.01157121409628656	vcf_emb_all	uniform_dat	spearman	chem_ecfp
spearman	136	0.14669769383116485	[-0.02  0.31]	0.08954147038505761	vcf_emb_all	uniform_dat	spearman	chem_pattern
spearman	136	0.25616179442918185	[0.09 0.41]	0.002709942996956576	vcf_emb_all	uniform_emb	spearman	chem_rdkit
spearman	136	0.20868522822528776	[0.04 0.36]	0.015142130060773898	vcf_emb_all	uniform_emb	spearman	chem_fcfp
spearman	136	0.23458989804674119	[0.07 0.39]	0.006168857109596119	vcf_emb_all	uniform_emb	spearman	chem_ecfp
spearman	136	0.16543231200288414	[-0.    0.33]	0.05517319450193913	vcf_emb_all	uniform_emb	spearman	chem_pattern
spearman	136	0.34707589450716825	[0.19 0.49]	3.7217534275732284e-05	vcf_emb_all	hemibrain_dat	spearman	chem_rdkit
spearman	136	0.30775724769054624	[0.15 0.45]	0.0002822122032477845	vcf_emb_all	hemibrain_dat	spearman	chem_fcfp
spearman	136	0.3303740921410214	[0.17 0.47]	9.101658687508356e-05	vcf_emb_all	hemibrain_dat	spearman	chem_ecfp
spearman	136	0.25853962359982535	[0.09 0.41]	0.0024644266693951583	vcf_emb_all	hemibrain_dat	spearman	chem_pattern
spearman	136	0.35284405295946686	[0.2  0.49]	2.7003239783117294e-05	vcf_emb_all	hemibrain_emb	spearman	chem_rdkit
spearman	136	0.31781905138079486	[0.16 0.46]	0.00017247380101573188	vcf_emb_all	hemibrain_emb	spearman	chem_fcfp
spearman	136	0.3370877498725117	[0.18 0.48]	6.392394750264323e-05	vcf_emb_all	hemibrain_emb	spearman	chem_ecfp
spearman	136	0.2659034227713441	[0.1  0.42]	0.0018263697424097394	vcf_emb_all	hemibrain_emb	spearman	chem_pattern
spearman	136	0.1991312765209029	[0.03 0.36]	0.02058992377707076	vcf_emb_all	uniform_tom	spearman	chem_rdkit
spearman	136	0.13750214380470294	[-0.03  0.3 ]	0.1117586679262125	vcf_emb_all	uniform_tom	spearman	chem_fcfp
spearman	136	0.17295200974412003	[0.   0.33]	0.04485863320568429	vcf_emb_all	uniform_tom	spearman	chem_ecfp
spearman	136	0.12220997555043997	[-0.05  0.29]	0.15793633605205856	vcf_emb_all	uniform_tom	spearman	chem_pattern
spearman	136	0.351156358916813	[0.19 0.49]	2.9679988657611238e-05	vcf_emb_all	hemibrain_tom	spearman	chem_rdkit
spearman	136	0.30582161083215215	[0.14 0.45]	0.00030963626185100417	vcf_emb_all	hemibrain_tom	spearman	chem_fcfp
spearman	136	0.33074429991637894	[0.17 0.47]	8.927923237177266e-05	vcf_emb_all	hemibrain_tom	spearman	chem_ecfp
spearman	136	0.2723610603810682	[0.11 0.42]	0.0013946205480005812	vcf_emb_all	hemibrain_tom	spearman	chem_pattern
spearman	113	0.23972763124637123	[0.06 0.41]	0.010902313300670213	vcf_emb_masked	orn_remy	spearman	chem_rdkit
spearman	113	0.17085105464573308	[-0.02  0.35]	0.07168704315467407	vcf_emb_masked	orn_remy	spearman	chem_fcfp
spearman	113	0.22107763703897904	[0.04 0.39]	0.01915597634301816	vcf_emb_masked	orn_remy	spearman	chem_ecfp
spearman	113	0.15764219388900266	[-0.03  0.33]	0.09691267105142233	vcf_emb_masked	orn_remy	spearman	chem_pattern
spearman	113	0.23972763124637123	[0.06 0.41]	0.010902313300670213	vcf_emb_masked	orn_remy_mean_scaled	spearman	chem_rdkit
spearman	113	0.17085105464573308	[-0.02  0.35]	0.07168704315467407	vcf_emb_masked	orn_remy_mean_scaled	spearman	chem_fcfp
spearman	113	0.22107763703897904	[0.04 0.39]	0.01915597634301816	vcf_emb_masked	orn_remy_mean_scaled	spearman	chem_ecfp
spearman	113	0.15764219388900266	[-0.03  0.33]	0.09691267105142233	vcf_emb_masked	orn_remy_mean_scaled	spearman	chem_pattern
spearman	113	0.24091626716701034	[0.06 0.41]	0.010502763639669621	vcf_emb_masked	orn_remy_scaled_mean	spearman	chem_rdkit
spearman	113	0.17250718351042596	[-0.01  0.35]	0.06893820003116238	vcf_emb_masked	orn_remy_scaled_mean	spearman	chem_fcfp
spearman	113	0.22229672311430718	[0.04 0.39]	0.01848630106823534	vcf_emb_masked	orn_remy_scaled_mean	spearman	chem_ecfp
spearman	113	0.15869181237488772	[-0.03  0.33]	0.09468151584489692	vcf_emb_masked	orn_remy_scaled_mean	spearman	chem_pattern
spearman	113	0.4336524736344068	[0.27 0.57]	1.7852538063900358e-06	vcf_emb_masked	kc_remy	spearman	chem_rdkit
spearman	113	0.4044474165210839	[0.24 0.55]	9.745821983782949e-06	vcf_emb_masked	kc_remy	spearman	chem_fcfp
spearman	113	0.4247032275426427	[0.26 0.57]	3.0544435975261824e-06	vcf_emb_masked	kc_remy	spearman	chem_ecfp
spearman	113	0.39805705234926997	[0.23 0.54]	1.383903821921961e-05	vcf_emb_masked	kc_remy	spearman	chem_pattern
spearman	113	0.4336524736344068	[0.27 0.57]	1.7852538063900358e-06	vcf_emb_masked	kc_remy_mean_scaled	spearman	chem_rdkit
spearman	113	0.4044474165210839	[0.24 0.55]	9.745821983782949e-06	vcf_emb_masked	kc_remy_mean_scaled	spearman	chem_fcfp
spearman	113	0.4247032275426427	[0.26 0.57]	3.0544435975261824e-06	vcf_emb_masked	kc_remy_mean_scaled	spearman	chem_ecfp
spearman	113	0.39805705234926997	[0.23 0.54]	1.383903821921961e-05	vcf_emb_masked	kc_remy_mean_scaled	spearman	chem_pattern
spearman	113	0.4343913405379048	[0.27 0.57]	1.7066508965525207e-06	vcf_emb_masked	kc_remy_scaled_mean	spearman	chem_rdkit
spearman	113	0.40521839976604757	[0.24 0.55]	9.337544682671142e-06	vcf_emb_masked	kc_remy_scaled_mean	spearman	chem_fcfp
spearman	113	0.4255445278460283	[0.26 0.57]	2.9059560189721597e-06	vcf_emb_masked	kc_remy_scaled_mean	spearman	chem_ecfp
spearman	113	0.39866353928606807	[0.23 0.54]	1.3390201860978273e-05	vcf_emb_masked	kc_remy_scaled_mean	spearman	chem_pattern
spearman	113	0.42242009922609675	[0.26 0.56]	3.49441911685538e-06	vcf_emb_masked	kc_remy_combo	spearman	chem_rdkit
spearman	113	0.39327928604168916	[0.22 0.54]	1.79032294078302e-05	vcf_emb_masked	kc_remy_combo	spearman	chem_fcfp
spearman	113	0.4128298234444153	[0.25 0.56]	6.084933040898848e-06	vcf_emb_masked	kc_remy_combo	spearman	chem_ecfp
spearman	113	0.39166641672318847	[0.22 0.54]	1.9511612788671955e-05	vcf_emb_masked	kc_remy_combo	spearman	chem_pattern
spearman	113	0.42242009922609675	[0.26 0.56]	3.49441911685538e-06	vcf_emb_masked	kc_remy_combo_mean_scaled	spearman	chem_rdkit
spearman	113	0.39327928604168916	[0.22 0.54]	1.79032294078302e-05	vcf_emb_masked	kc_remy_combo_mean_scaled	spearman	chem_fcfp
spearman	113	0.4128298234444153	[0.25 0.56]	6.084933040898848e-06	vcf_emb_masked	kc_remy_combo_mean_scaled	spearman	chem_ecfp
spearman	113	0.39166641672318847	[0.22 0.54]	1.9511612788671955e-05	vcf_emb_masked	kc_remy_combo_mean_scaled	spearman	chem_pattern
spearman	113	0.4343913405379048	[0.27 0.57]	1.7066508965525207e-06	vcf_emb_masked	kc_remy_combo_scaled_mean	spearman	chem_rdkit
spearman	113	0.40521839976604757	[0.24 0.55]	9.337544682671142e-06	vcf_emb_masked	kc_remy_combo_scaled_mean	spearman	chem_fcfp
spearman	113	0.4255445278460283	[0.26 0.57]	2.9059560189721597e-06	vcf_emb_masked	kc_remy_combo_scaled_mean	spearman	chem_ecfp
spearman	113	0.39866353928606807	[0.23 0.54]	1.3390201860978273e-05	vcf_emb_masked	kc_remy_combo_scaled_mean	spearman	chem_pattern
spearman	113	0.24091626716701034	[0.06 0.41]	0.010502763639669621	vcf_emb_masked	orn_dat	spearman	chem_rdkit
spearman	113	0.17250718351042596	[-0.01  0.35]	0.06893820003116238	vcf_emb_masked	orn_dat	spearman	chem_fcfp
spearman	113	0.22229672311430718	[0.04 0.39]	0.01848630106823534	vcf_emb_masked	orn_dat	spearman	chem_ecfp
spearman	113	0.15869181237488772	[-0.03  0.33]	0.09468151584489692	vcf_emb_masked	orn_dat	spearman	chem_pattern
spearman	113	0.2684089208176102	[0.09 0.43]	0.004217625175232369	vcf_emb_masked	orn_emb	spearman	chem_rdkit
spearman	113	0.20900411737728342	[0.02 0.38]	0.02699687820502346	vcf_emb_masked	orn_emb	spearman	chem_fcfp
spearman	113	0.2553256457698055	[0.07 0.42]	0.006587925128636313	vcf_emb_masked	orn_emb	spearman	chem_ecfp
spearman	113	0.21794046298966088	[0.03 0.39]	0.020976233626063167	vcf_emb_masked	orn_emb	spearman	chem_pattern
spearman	113	0.4343913405379048	[0.27 0.57]	1.7066508965525207e-06	vcf_emb_masked	kc_dat	spearman	chem_rdkit
spearman	113	0.40521839976604757	[0.24 0.55]	9.337544682671142e-06	vcf_emb_masked	kc_dat	spearman	chem_fcfp
spearman	113	0.4255445278460283	[0.26 0.57]	2.9059560189721597e-06	vcf_emb_masked	kc_dat	spearman	chem_ecfp
spearman	113	0.39866353928606807	[0.23 0.54]	1.3390201860978273e-05	vcf_emb_masked	kc_dat	spearman	chem_pattern
spearman	113	0.44948086577915203	[0.29 0.59]	6.645710062082981e-07	vcf_emb_masked	kc_emb	spearman	chem_rdkit
spearman	113	0.4203678204544887	[0.25 0.56]	3.940451002984101e-06	vcf_emb_masked	kc_emb	spearman	chem_fcfp
spearman	113	0.4401006414783471	[0.28 0.58]	1.2008160684268587e-06	vcf_emb_masked	kc_emb	spearman	chem_ecfp
spearman	113	0.4171409594581083	[0.25 0.56]	4.7521104209133276e-06	vcf_emb_masked	kc_emb	spearman	chem_pattern
spearman	113	0.3355660917438633	[0.16 0.49]	0.00029812985011974804	vcf_emb_masked	kc_combo	spearman	chem_rdkit
spearman	113	0.31326543463993656	[0.14 0.47]	0.0007705368406301868	vcf_emb_masked	kc_combo	spearman	chem_fcfp
spearman	113	0.3206888037312322	[0.14 0.48]	0.0005662337254598234	vcf_emb_masked	kc_combo	spearman	chem_ecfp
spearman	113	0.3064264899626933	[0.13 0.47]	0.0010163769543800685	vcf_emb_masked	kc_combo	spearman	chem_pattern
spearman	113	0.2698483577328939	[0.09 0.43]	0.0040103298117227315	vcf_emb_masked	uniform_dat	spearman	chem_rdkit
spearman	113	0.21026190989090882	[0.03 0.38]	0.026069361505314505	vcf_emb_masked	uniform_dat	spearman	chem_fcfp
spearman	113	0.25455224463449344	[0.07 0.42]	0.006759337829671808	vcf_emb_masked	uniform_dat	spearman	chem_ecfp
spearman	113	0.1840339618668909	[-0.    0.36]	0.05208778938375169	vcf_emb_masked	uniform_dat	spearman	chem_pattern
spearman	113	0.31792036115539446	[0.14 0.48]	0.00063576103151508	vcf_emb_masked	uniform_emb	spearman	chem_rdkit
spearman	113	0.2705748694411602	[0.09 0.43]	0.003909208279384857	vcf_emb_masked	uniform_emb	spearman	chem_fcfp
spearman	113	0.30702313479360066	[0.13 0.47]	0.000992376367215864	vcf_emb_masked	uniform_emb	spearman	chem_ecfp
spearman	113	0.2343249763591501	[0.05 0.4 ]	0.012890954490455386	vcf_emb_masked	uniform_emb	spearman	chem_pattern
spearman	113	0.3795208846345856	[0.21 0.53]	3.67667480643542e-05	vcf_emb_masked	hemibrain_dat	spearman	chem_rdkit
spearman	113	0.3377072841177529	[0.16 0.49]	0.0002711069178263168	vcf_emb_masked	hemibrain_dat	spearman	chem_fcfp
spearman	113	0.3746169330246021	[0.2  0.52]	4.71532560336743e-05	vcf_emb_masked	hemibrain_dat	spearman	chem_ecfp
spearman	113	0.30674850091806644	[0.13 0.47]	0.0010033587444930575	vcf_emb_masked	hemibrain_dat	spearman	chem_pattern
spearman	113	0.39144898397430994	[0.22 0.54]	1.973854163134304e-05	vcf_emb_masked	hemibrain_emb	spearman	chem_rdkit
spearman	113	0.3533392978328206	[0.18 0.51]	0.00013265784759250196	vcf_emb_masked	hemibrain_emb	spearman	chem_fcfp
spearman	113	0.38777429190343704	[0.22 0.53]	2.3969242694240383e-05	vcf_emb_masked	hemibrain_emb	spearman	chem_ecfp
spearman	113	0.3201122101290098	[0.14 0.48]	0.0005801108219080358	vcf_emb_masked	hemibrain_emb	spearman	chem_pattern
spearman	113	0.2676529596653339	[0.09 0.43]	0.0043302869404105914	vcf_emb_masked	uniform_tom	spearman	chem_rdkit
spearman	113	0.20408257540669172	[0.02 0.38]	0.03090084354319302	vcf_emb_masked	uniform_tom	spearman	chem_fcfp
spearman	113	0.2504787241473637	[0.07 0.42]	0.007729046081756442	vcf_emb_masked	uniform_tom	spearman	chem_ecfp
spearman	113	0.18787577998616642	[0.   0.36]	0.0472908020492551	vcf_emb_masked	uniform_tom	spearman	chem_pattern
spearman	113	0.4177826301452598	[0.25 0.56]	4.579083257463996e-06	vcf_emb_masked	hemibrain_tom	spearman	chem_rdkit
spearman	113	0.37288409889392293	[0.2  0.52]	5.143775880583323e-05	vcf_emb_masked	hemibrain_tom	spearman	chem_fcfp
spearman	113	0.4129848882037159	[0.25 0.56]	6.0314198027938715e-06	vcf_emb_masked	hemibrain_tom	spearman	chem_ecfp
spearman	113	0.35248481419369515	[0.18 0.51]	0.0001380772494308307	vcf_emb_masked	hemibrain_tom	spearman	chem_pattern
